symbol,entry_timeframe,alignment,window_minutes,events,mean_mfe_bps,median_mfe_bps,q25_mfe_bps,q75_mfe_bps,q90_mfe_bps,mean_mae_bps,median_mae_bps,q10_mae_bps,mean_terminal_return_bps,median_terminal_return_bps,terminal_win_rate,mean_time_to_mfe_minutes,median_time_to_mfe_minutes,mean_mfe_mae_ratio,target_10bps_hit_rate,target_10bps_median_hit_minutes,target_25bps_hit_rate,target_25bps_median_hit_minutes,target_50bps_hit_rate,target_50bps_median_hit_minutes,target_75bps_hit_rate,target_75bps_median_hit_minutes,target_100bps_hit_rate,target_100bps_median_hit_minutes,target_150bps_hit_rate,target_150bps_median_hit_minutes,target_200bps_hit_rate,target_200bps_median_hit_minutes,t25_s25_target_first_rate,t25_s25_stop_first_rate,t25_s25_resolved_target_win_rate,t50_s25_target_first_rate,t50_s25_stop_first_rate,t50_s25_resolved_target_win_rate,t50_s50_target_first_rate,t50_s50_stop_first_rate,t50_s50_resolved_target_win_rate,t100_s50_target_first_rate,t100_s50_stop_first_rate,t100_s50_resolved_target_win_rate,t100_s100_target_first_rate,t100_s100_stop_first_rate,t100_s100_resolved_target_win_rate,ranking_metric,ranking_value
ALL,1m,FULL_ALIGNMENT,240,2799,134.37512744225495,78.56559449263001,32.391429723216405,161.86456921830404,313.13359516455506,-102.42327020891715,-72.97931262529201,-233.71194956257477,5.214941065203705,-8.251603954106956,0.46266523758485173,101.61343336906037,88.0,36.54080220742439,0.9146123615576992,5.0,0.8002858163629868,18.0,0.6463022508038585,40.0,0.5173276170060735,59.0,0.4137191854233655,68.0,0.2736691675598428,82.0,0.19506966773847803,94.5,0.5173276170060735,0.4715969989281886,0.523121387283237,0.34798142193640585,0.6230796713111826,0.35835172921265634,0.49874955341193283,0.42908181493390496,0.5375433192144783,0.29403358342265096,0.5476956055734191,0.349320882852292,0.36441586280814575,0.30439442658092175,0.5448717948717948,mean_mfe_bps,134.37512744225495
ALL,1h,FULL_ALIGNMENT,240,158,125.57595159222598,67.94801580400801,31.191683653090664,158.0834857179769,343.532463503867,-93.06619275772725,-60.69409872895226,-193.60791183603044,21.934956765304285,2.5529632458243245,0.5253164556962026,111.37341772151899,102.5,6.90972451375067,0.9177215189873418,6.0,0.8291139240506329,16.0,0.6075949367088608,40.0,0.4873417721518987,46.0,0.36075949367088606,62.0,0.25949367088607594,77.0,0.18354430379746836,92.0,0.5253164556962026,0.45569620253164556,0.535483870967742,0.2974683544303797,0.6455696202531646,0.31543624161073824,0.43670886075949367,0.44936708860759494,0.4928571428571429,0.25316455696202533,0.5506329113924051,0.31496062992125984,0.34177215189873417,0.2848101265822785,0.5454545454545454,mean_mfe_bps,125.57595159222598
ALL,1m,DAILY_4H_1H_15M,240,4826,124.69501950047164,72.70058957558834,29.548180125666402,154.99671024648995,295.0034132642143,-100.9904065941003,-70.85187244867231,-231.36911066953925,1.3052015457135635,-8.698826974588014,0.4579361790302528,103.11956071280564,90.5,36.592072596247846,0.9077911313717364,6.0,0.7836717778698715,20.0,0.6079569001243266,43.0,0.4875673435557397,63.0,0.38955656858682136,76.5,0.260049730625777,95.0,0.1825528387898881,109.0,0.5105677579776212,0.4749274761707418,0.5180824222035324,0.3338168255283879,0.6319933692498964,0.34563398412357865,0.4709904682967261,0.4378367177786987,0.5182398540811674,0.27414007459593864,0.547244094488189,0.3337537840565086,0.3458350600911728,0.3050145047658516,0.5313594396688952,mean_mfe_bps,124.69501950047164
ALL,1h,DAILY_4H_1H_15M,240,162,124.15235295680516,68.17926210274993,31.191683653090664,148.14005050102108,342.42273485603187,-92.27194247517245,-60.20755300677139,-194.74161146161006,21.142216594567746,2.5529632458243245,0.5246913580246914,111.41975308641975,105.0,6.854359377345699,0.9197530864197531,6.0,0.8333333333333334,16.0,0.6111111111111112,43.0,0.4876543209876543,48.0,0.35185185185185186,62.0,0.25308641975308643,77.0,0.17901234567901234,92.0,0.5308641975308642,0.4506172839506173,0.5408805031446541,0.30246913580246915,0.6419753086419753,0.3202614379084967,0.4382716049382716,0.4444444444444444,0.4965034965034965,0.24691358024691357,0.5432098765432098,0.3125,0.3333333333333333,0.2839506172839506,0.54,mean_mfe_bps,124.15235295680516
ALL,5m,FULL_ALIGNMENT,240,766,123.62773412645163,70.95626710096225,29.676110098915686,160.2349705542949,294.3516269229862,-104.69717836658008,-70.96205436801063,-231.49932963422714,-2.6409704927841284,-11.101255604106797,0.4516971279373368,98.7597911227154,77.0,7.200110629710931,0.9073107049608355,5.0,0.7845953002610966,17.0,0.6331592689295039,40.0,0.48825065274151436,62.0,0.3785900783289817,75.5,0.26370757180156656,89.5,0.1906005221932115,97.5,0.4934725848563969,0.489556135770235,0.50199203187251,0.34986945169712796,0.6279373368146214,0.35781041388518026,0.4908616187989556,0.43342036553524804,0.5310734463276836,0.26240208877284593,0.5600522193211488,0.319047619047619,0.3433420365535248,0.30809399477806787,0.5270541082164328,mean_mfe_bps,123.62773412645163
ALL,5m,DAILY_4H_1H_15M,240,766,123.62773412645163,70.95626710096225,29.676110098915686,160.2349705542949,294.3516269229862,-104.69717836658008,-70.96205436801063,-231.49932963422714,-2.6409704927841284,-11.101255604106797,0.4516971279373368,98.7597911227154,77.0,7.200110629710931,0.9073107049608355,5.0,0.7845953002610966,17.0,0.6331592689295039,40.0,0.48825065274151436,62.0,0.3785900783289817,75.5,0.26370757180156656,89.5,0.1906005221932115,97.5,0.4934725848563969,0.489556135770235,0.50199203187251,0.34986945169712796,0.6279373368146214,0.35781041388518026,0.4908616187989556,0.43342036553524804,0.5310734463276836,0.26240208877284593,0.5600522193211488,0.319047619047619,0.3433420365535248,0.30809399477806787,0.5270541082164328,mean_mfe_bps,123.62773412645163
ALL,1h,DAILY_4H_1H,240,168,122.39006122251885,68.17926210274993,30.40571596263586,143.20502228861608,338.4140691575549,-95.40898680432576,-60.69409872895226,-196.82603320400895,16.497276179527535,2.1661127132388547,0.5178571428571429,110.69047619047619,105.0,6.919765516294397,0.9166666666666666,6.0,0.8273809523809523,16.0,0.6071428571428571,42.0,0.4880952380952381,47.0,0.35714285714285715,55.5,0.25,84.0,0.17261904761904762,92.0,0.5238095238095238,0.4583333333333333,0.5333333333333333,0.30357142857142855,0.6428571428571429,0.32075471698113206,0.43452380952380953,0.4523809523809524,0.4899328859060403,0.25,0.5476190476190477,0.31343283582089554,0.3392857142857143,0.2916666666666667,0.5377358490566038,mean_mfe_bps,122.39006122251885
ALL,15m,FULL_ALIGNMENT,240,422,122.15845211943733,78.4745568096179,30.64996422125099,168.67286135177127,284.1837719663894,-98.88082263959384,-72.80120380209308,-212.09254695509307,8.738493977592668,-3.2892363350273124,0.47393364928909953,109.84834123222748,107.0,8.66795538784563,0.9052132701421801,4.0,0.7890995260663507,11.0,0.6516587677725119,33.0,0.509478672985782,53.0,0.4075829383886256,78.0,0.2843601895734597,102.0,0.1943127962085308,120.5,0.5213270142180095,0.45734597156398105,0.5326876513317191,0.36729857819905215,0.5995260663507109,0.3799019607843137,0.5071090047393365,0.41232227488151657,0.5515463917525774,0.2938388625592417,0.5521327014218009,0.3473389355742297,0.35545023696682465,0.3175355450236967,0.528169014084507,mean_mfe_bps,122.15845211943733
ALL,15m,DAILY_4H_1H,240,446,120.82898572088331,78.4745568096179,31.031246683412284,165.2868988915568,280.16141536125974,-99.21716652896852,-72.1554206054198,-215.0819226537787,7.0034310803644635,-2.607728249284791,0.4798206278026906,110.45739910313901,107.5,8.578186780773699,0.9035874439461884,4.0,0.7914798206278026,11.0,0.6502242152466368,34.5,0.5089686098654709,56.0,0.4125560538116592,84.5,0.2802690582959641,102.0,0.18834080717488788,122.0,0.531390134529148,0.4484304932735426,0.5423340961098398,0.3744394618834081,0.5896860986547086,0.3883720930232558,0.5112107623318386,0.40582959641255606,0.5574572127139364,0.30269058295964124,0.5448430493273543,0.35714285714285715,0.3632286995515695,0.31614349775784756,0.5346534653465347,mean_mfe_bps,120.82898572088331
ALL,15m,DAILY_4H_1H_15M,240,446,120.82898572088331,78.4745568096179,31.031246683412284,165.2868988915568,280.16141536125974,-99.21716652896852,-72.1554206054198,-215.0819226537787,7.0034310803644635,-2.607728249284791,0.4798206278026906,110.45739910313901,107.5,8.578186780773699,0.9035874439461884,4.0,0.7914798206278026,11.0,0.6502242152466368,34.5,0.5089686098654709,56.0,0.4125560538116592,84.5,0.2802690582959641,102.0,0.18834080717488788,122.0,0.531390134529148,0.4484304932735426,0.5423340961098398,0.3744394618834081,0.5896860986547086,0.3883720930232558,0.5112107623318386,0.40582959641255606,0.5574572127139364,0.30269058295964124,0.5448430493273543,0.35714285714285715,0.3632286995515695,0.31614349775784756,0.5346534653465347,mean_mfe_bps,120.82898572088331
ALL,5m,DAILY_4H_1H,240,1650,110.6748359419023,67.27922500094908,28.49721873076472,139.86445200659227,270.3064651616645,-97.91891277453551,-66.6219880114266,-216.41564160093498,-1.5920692207758669,-8.93411688336565,0.45696969696969697,102.44121212121212,88.0,23.84198894570473,0.9066666666666666,5.0,0.78,21.0,0.6139393939393939,49.0,0.46060606060606063,65.0,0.35515151515151516,80.0,0.23030303030303031,97.0,0.16,115.0,0.4909090909090909,0.4951515151515152,0.49784880147510757,0.33151515151515154,0.6387878787878788,0.34166146158650845,0.4793939393939394,0.4303030303030303,0.5269820119920053,0.25696969696969696,0.54,0.3224334600760456,0.3212121212121212,0.29393939393939394,0.5221674876847291,mean_mfe_bps,110.6748359419023
ALL,1m,DAILY_4H_1H,240,8600,110.58836535549368,66.12637719206282,28.194846821433806,136.73252633799316,261.2412041955375,-97.61936963653693,-66.61787938067488,-219.20786559339388,-1.7870947667572876,-5.8234006562157825,0.4705813953488372,106.13116279069767,95.5,33.9532821712473,0.9036046511627907,6.0,0.7756976744186046,23.0,0.5938372093023255,50.0,0.4543023255813953,70.0,0.3524418604651163,85.0,0.22267441860465118,103.0,0.15267441860465117,118.0,0.5058139534883721,0.4797674418604651,0.5132137800849458,0.3317441860465116,0.63,0.34494015233949943,0.4653488372093023,0.43732558139534883,0.5155223496071106,0.25546511627906976,0.5409302325581395,0.32077675573076364,0.3177906976744186,0.2990697674418605,0.5151743638077285,mean_mfe_bps,110.58836535549368
ALL,1m,FULL_ALIGNMENT,120,2799,92.42754690286708,55.33383559691352,22.402381600212795,116.12002231271234,221.88445322107023,-72.98587082751088,-48.611381325158746,-167.69476081237488,4.235704801480967,-2.7467579250728402,0.48160057163272596,53.11611289746338,48.0,42.52019430582348,0.8749553411932833,5.0,0.7259735619864237,14.0,0.5344765987852804,29.0,0.3865666309396213,37.0,0.2897463379778492,43.0,0.17970703822793854,57.0,0.11825652018578063,62.0,0.5080385852090032,0.45837799214005004,0.5256931608133086,0.32618792425866383,0.5966416577349053,0.3534649632210608,0.4437299035369775,0.3762057877813505,0.5411764705882353,0.22615219721329047,0.44765987852804573,0.3356309650053022,0.2675955698463737,0.20507324044301536,0.5661375661375662,mean_mfe_bps,92.42754690286708
ALL,5m,DAILY_4H_1H_15M,120,766,91.14828990192399,52.16107780355195,20.561333217607448,102.74501936470226,216.53851743667963,-74.89729011877982,-52.40316564165681,-167.3954148180834,-5.322783170460087,-7.008019156126699,0.4490861618798956,49.20626631853786,41.0,7.25712133691119,0.8668407310704961,4.0,0.6984334203655352,14.0,0.5143603133159269,27.0,0.3524804177545692,35.5,0.25718015665796345,45.0,0.1671018276762402,54.0,0.10966057441253264,52.5,0.47911227154047,0.47911227154047,0.5,0.32114882506527415,0.5966057441253264,0.34992887624466573,0.42428198433420367,0.3825065274151436,0.5258899676375405,0.2010443864229765,0.47911227154047,0.29558541266794625,0.24281984334203655,0.21279373368146215,0.5329512893982808,mean_mfe_bps,91.14828990192399
ALL,5m,FULL_ALIGNMENT,120,766,91.14828990192399,52.16107780355195,20.561333217607448,102.74501936470226,216.53851743667963,-74.89729011877982,-52.40316564165681,-167.3954148180834,-5.322783170460087,-7.008019156126699,0.4490861618798956,49.20626631853786,41.0,7.25712133691119,0.8668407310704961,4.0,0.6984334203655352,14.0,0.5143603133159269,27.0,0.3524804177545692,35.5,0.25718015665796345,45.0,0.1671018276762402,54.0,0.10966057441253264,52.5,0.47911227154047,0.47911227154047,0.5,0.32114882506527415,0.5966057441253264,0.34992887624466573,0.42428198433420367,0.3825065274151436,0.5258899676375405,0.2010443864229765,0.47911227154047,0.29558541266794625,0.24281984334203655,0.21279373368146215,0.5329512893982808,mean_mfe_bps,91.14828990192399
ALL,1h,FULL_ALIGNMENT,120,158,89.9749235507567,42.68314004782225,18.439275551601632,101.72669354762853,246.03332556727133,-61.31126469920018,-46.75102985028712,-128.76142255009268,19.268198756493735,-6.353269059150568,0.4430379746835443,49.94303797468354,42.0,6.2518804256079425,0.8734177215189873,5.5,0.7088607594936709,11.0,0.4430379746835443,20.0,0.34810126582278483,28.0,0.25949367088607594,36.0,0.18354430379746836,45.0,0.12658227848101267,73.5,0.5,0.44936708860759494,0.5266666666666666,0.26582278481012656,0.6139240506329114,0.302158273381295,0.37341772151898733,0.37341772151898733,0.5,0.2088607594936709,0.4430379746835443,0.32038834951456313,0.25949367088607594,0.15822784810126583,0.6212121212121212,mean_mfe_bps,89.9749235507567
ALL,1h,DAILY_4H_1H_15M,120,162,89.11774688044963,42.68314004782225,18.439275551601632,100.99565285604129,244.76745025078017,-60.365459205007355,-46.568146104402075,-122.56252610101936,19.250403924622766,-5.298090108818987,0.4506172839506173,51.30246913580247,42.5,6.185709276670037,0.8765432098765432,6.0,0.7098765432098766,11.0,0.4444444444444444,22.5,0.35185185185185186,29.0,0.25308641975308643,36.0,0.17901234567901234,45.0,0.12345679012345678,73.5,0.5,0.4444444444444444,0.5294117647058824,0.2654320987654321,0.6049382716049383,0.3049645390070922,0.37037037037037035,0.37037037037037035,0.5,0.2037037037037037,0.4382716049382716,0.3173076923076923,0.25308641975308643,0.15432098765432098,0.6212121212121212,mean_mfe_bps,89.11774688044963
ALL,1h,DAILY_4H_1H,120,168,87.93267414929373,42.68314004782225,17.6014194440971,101.63219759100117,243.20895301558124,-61.50803051449735,-46.75102985028712,-143.29352419955242,17.85523048655263,-5.298090108818987,0.4523809523809524,51.351190476190474,42.0,6.200519590456131,0.875,6.0,0.7083333333333334,11.0,0.44642857142857145,25.0,0.35119047619047616,31.0,0.25595238095238093,37.0,0.17261904761904762,45.0,0.11904761904761904,73.5,0.49404761904761907,0.4523809523809524,0.5220125786163522,0.26785714285714285,0.6071428571428571,0.30612244897959184,0.36904761904761907,0.38095238095238093,0.49206349206349204,0.20833333333333334,0.44642857142857145,0.3181818181818182,0.25595238095238093,0.16666666666666666,0.6056338028169014,mean_mfe_bps,87.93267414929373
ALL,1m,DAILY_4H_1H_15M,120,4826,85.60525913047947,49.39879049583262,20.519483809109396,103.15752390641808,201.9760470017795,-70.88900380343975,-46.87859285791907,-164.9684472397861,1.8216978043341057,-3.3487562874934262,0.4763779527559055,53.516991297140486,49.0,37.5799904006139,0.8707003729796934,5.0,0.7034811438043929,16.0,0.49668462494819726,30.0,0.3578532946539577,40.0,0.25922088686282635,48.0,0.160588479071695,61.0,0.1013261500207211,66.0,0.4977206796518856,0.46062992125984253,0.5193513513513514,0.30708661417322836,0.5932449233319519,0.3410817031070196,0.4144218814753419,0.37588064649813513,0.5243838489774515,0.20430998756734356,0.4444674678823042,0.3149153625039923,0.24140074595938665,0.20576046415250726,0.5398517145505097,mean_mfe_bps,85.60525913047947
ALL,15m,FULL_ALIGNMENT,120,422,83.53261884267553,54.90638929858905,18.24278522476408,110.53367860957397,198.6581227159934,-74.05236473334243,-54.346634408297675,-159.7203098283002,3.922541655764018,-8.672582878881396,0.4431279620853081,52.208530805687204,42.5,7.268231585079693,0.8601895734597157,4.0,0.7109004739336493,10.0,0.5284360189573459,26.0,0.3933649289099526,32.5,0.2843601895734597,45.0,0.16824644549763032,58.0,0.0971563981042654,61.0,0.504739336492891,0.44075829383886256,0.5338345864661654,0.33649289099526064,0.566350710900474,0.37270341207349084,0.44786729857819907,0.3815165876777251,0.54,0.22985781990521326,0.4786729857819905,0.32441471571906355,0.27014218009478674,0.22274881516587677,0.5480769230769231,mean_mfe_bps,83.53261884267553
ALL,15m,DAILY_4H_1H_15M,120,446,82.11158938697754,54.90638929858905,18.80933347150282,109.57721047423318,196.95809215493853,-73.85554517495133,-53.412631628358966,-162.29711914099443,2.6137877325130394,-7.816708964863417,0.4484304932735426,52.17488789237668,42.0,8.658118250510753,0.8587443946188341,4.0,0.7130044843049327,10.0,0.5291479820627802,26.0,0.38565022421524664,32.5,0.2757847533632287,44.0,0.16367713004484305,58.0,0.09192825112107623,61.0,0.5134529147982063,0.4327354260089686,0.542654028436019,0.3430493273542601,0.5582959641255605,0.3805970149253731,0.45067264573991034,0.37668161434977576,0.5447154471544715,0.2242152466367713,0.47085201793721976,0.3225806451612903,0.2623318385650224,0.2242152466367713,0.5391705069124424,mean_mfe_bps,82.11158938697754
ALL,15m,DAILY_4H_1H,120,446,82.11158938697754,54.90638929858905,18.80933347150282,109.57721047423318,196.95809215493853,-73.85554517495133,-53.412631628358966,-162.29711914099443,2.6137877325130394,-7.816708964863417,0.4484304932735426,52.17488789237668,42.0,8.658118250510753,0.8587443946188341,4.0,0.7130044843049327,10.0,0.5291479820627802,26.0,0.38565022421524664,32.5,0.2757847533632287,44.0,0.16367713004484305,58.0,0.09192825112107623,61.0,0.5134529147982063,0.4327354260089686,0.542654028436019,0.3430493273542601,0.5582959641255605,0.3805970149253731,0.45067264573991034,0.37668161434977576,0.5447154471544715,0.2242152466367713,0.47085201793721976,0.3225806451612903,0.2623318385650224,0.2242152466367713,0.5391705069124424,mean_mfe_bps,82.11158938697754
ALL,5m,DAILY_4H_1H,120,1650,78.68472056353278,46.702720708301506,19.098096613721083,96.83122601255923,184.86185677775538,-70.04073728120372,-46.98153501767888,-155.35806199717084,-5.080868968907932,-5.999913129750567,0.4527272727272727,50.98909090909091,43.0,21.560770359219113,0.8612121212121212,5.0,0.6848484848484848,16.0,0.4824242424242424,32.5,0.33151515151515154,42.0,0.2387878787878788,49.0,0.13454545454545455,54.5,0.08242424242424243,57.0,0.47333333333333333,0.4818181818181818,0.49555837563451777,0.3,0.6036363636363636,0.3319919517102616,0.4084848484848485,0.36303030303030304,0.5294579732914375,0.1921212121212121,0.43575757575757573,0.305984555984556,0.22606060606060607,0.19272727272727272,0.5397973950795948,mean_mfe_bps,78.68472056353278
ALL,1m,DAILY_4H_1H,120,8600,75.71758956990257,45.9555641642706,19.47091823821079,92.08199203056822,173.92048873116627,-67.86065667042486,-44.60058799380329,-155.97633840201794,-0.42019058924485136,-2.4008988419244037,0.48069767441860467,54.73139534883721,51.0,33.97351060088287,0.8646511627906976,6.0,0.688953488372093,18.0,0.47093023255813954,35.0,0.31883720930232556,44.0,0.22534883720930232,51.0,0.1291860465116279,62.0,0.07872093023255813,67.0,0.48965116279069765,0.46430232558139534,0.5132862018527548,0.3016279069767442,0.5891860465116279,0.33859809424357135,0.39988372093023256,0.37348837209302327,0.5170651029920312,0.18174418604651163,0.43372093023255814,0.2952956735310788,0.21220930232558138,0.19813953488372094,0.5171436667611221,mean_mfe_bps,75.71758956990257
ALL,5m,DAILY_4H_1H_15M,60,766,66.07196527336953,36.82592608053259,14.661306659401463,73.04544379481025,142.1773976443552,-51.22257876159141,-34.04501390266823,-121.57976771603018,2.3112192084136582,-4.674991404817752,0.45430809399477806,25.886422976501304,22.0,15.186398192298975,0.8237597911227154,4.0,0.6122715404699739,11.0,0.4007832898172324,19.0,0.24151436031331594,23.0,0.16449086161879894,26.0,0.09530026109660575,30.0,0.0639686684073107,31.0,0.45039164490861616,0.42689295039164493,0.5133928571428571,0.28067885117493474,0.52088772845953,0.3501628664495114,0.35117493472584854,0.2741514360313316,0.5615866388308977,0.13446475195822455,0.33159268929503916,0.28851540616246496,0.15926892950391644,0.11618798955613577,0.5781990521327014,mean_mfe_bps,66.07196527336953
ALL,5m,FULL_ALIGNMENT,60,766,66.07196527336953,36.82592608053259,14.661306659401463,73.04544379481025,142.1773976443552,-51.22257876159141,-34.04501390266823,-121.57976771603018,2.3112192084136582,-4.674991404817752,0.45430809399477806,25.886422976501304,22.0,15.186398192298975,0.8237597911227154,4.0,0.6122715404699739,11.0,0.4007832898172324,19.0,0.24151436031331594,23.0,0.16449086161879894,26.0,0.09530026109660575,30.0,0.0639686684073107,31.0,0.45039164490861616,0.42689295039164493,0.5133928571428571,0.28067885117493474,0.52088772845953,0.3501628664495114,0.35117493472584854,0.2741514360313316,0.5615866388308977,0.13446475195822455,0.33159268929503916,0.28851540616246496,0.15926892950391644,0.11618798955613577,0.5781990521327014,mean_mfe_bps,66.07196527336953
ALL,1m,FULL_ALIGNMENT,60,2799,64.13927699199091,37.543561659882926,14.959662381751615,78.78663117818152,147.98239462717567,-50.635979799050546,-33.7186897880537,-115.43120715229716,3.1641687804760736,-2.0868671842799724,0.47874240800285817,27.02750982493748,25.0,40.899598764045145,0.8217220435869954,4.0,0.6237942122186495,11.0,0.40514469453376206,19.5,0.2618792425866381,23.0,0.18756698821007503,28.0,0.09717756341550554,33.0,0.0571632725973562,35.0,0.4715969989281886,0.43229724901750627,0.5217391304347826,0.2779564130046445,0.5462665237584852,0.3372345036844387,0.3579849946409432,0.2890317970703823,0.5532854776366648,0.16148624508753126,0.32833154698106465,0.3296863603209336,0.18220793140407288,0.11825652018578063,0.6064209274673008,mean_mfe_bps,64.13927699199091
ALL,1h,FULL_ALIGNMENT,60,158,61.48578565642376,34.1689437790138,14.667053361080429,77.50399693452592,141.82147575845312,-43.32833134181316,-34.03816870729326,-84.4187642386871,14.681804121486657,-1.244954545410737,0.4873417721518987,25.670886075949365,24.5,15.042494094515245,0.8291139240506329,5.0,0.6075949367088608,9.0,0.3670886075949367,17.0,0.2848101265822785,24.0,0.17721518987341772,26.5,0.0949367088607595,32.0,0.056962025316455694,38.0,0.47468354430379744,0.4240506329113924,0.528169014084507,0.24050632911392406,0.5632911392405063,0.2992125984251969,0.3291139240506329,0.2721518987341772,0.5473684210526316,0.1518987341772152,0.3037974683544304,0.3333333333333333,0.17721518987341772,0.0759493670886076,0.7,mean_mfe_bps,61.48578565642376
ALL,1h,DAILY_4H_1H_15M,60,162,60.460207958357586,32.79915738045092,13.360367560120157,77.27414004546796,139.1513492254271,-42.76292054907816,-33.805367277717764,-82.18097872628549,14.439489005964482,-0.39377353175440444,0.49382716049382713,25.617283950617285,24.5,14.795736787115926,0.8209876543209876,5.0,0.6049382716049383,9.0,0.35802469135802467,17.0,0.2777777777777778,24.0,0.1728395061728395,26.5,0.09259259259259259,32.0,0.05555555555555555,38.0,0.47530864197530864,0.41975308641975306,0.5310344827586206,0.2345679012345679,0.5555555555555556,0.296875,0.32098765432098764,0.2716049382716049,0.5416666666666666,0.14814814814814814,0.30246913580246915,0.3287671232876712,0.1728395061728395,0.07407407407407407,0.7,mean_mfe_bps,60.460207958357586
ALL,1h,DAILY_4H,60,168,59.846657719509324,31.650376268438364,12.880249294736078,77.40609917351927,133.75291766880025,-43.007688600580046,-33.39516376912488,-90.14422050618366,13.351157349632826,-1.244954545410737,0.4880952380952381,25.791666666666668,25.5,14.49609560034951,0.8154761904761905,5.0,0.6011904761904762,9.0,0.35714285714285715,17.0,0.27976190476190477,25.0,0.17857142857142858,28.0,0.08928571428571429,32.0,0.05357142857142857,38.0,0.47023809523809523,0.42857142857142855,0.5231788079470199,0.23809523809523808,0.5595238095238095,0.29850746268656714,0.32142857142857145,0.27380952380952384,0.54,0.15476190476190477,0.30357142857142855,0.33766233766233766,0.17857142857142858,0.07738095238095238,0.6976744186046512,mean_mfe_bps,59.846657719509324
ALL,15m,FULL_ALIGNMENT,60,422,59.238386317653095,39.66398931258274,12.996980625151199,78.73761987524097,134.43318538638354,-52.80198338073407,-32.65966800437836,-123.41774446992792,-5.016174146843479,-7.438880971926132,0.44075829383886256,24.827014218009477,22.0,14.539099462868133,0.8104265402843602,3.0,0.6303317535545023,8.0,0.4075829383886256,16.0,0.27014218009478674,19.5,0.17298578199052134,26.0,0.08767772511848342,30.0,0.04739336492890995,31.5,0.46919431279620855,0.4099526066350711,0.5336927223719676,0.2796208530805687,0.5165876777251185,0.35119047619047616,0.36255924170616116,0.2938388625592417,0.5523465703971119,0.15639810426540285,0.35308056872037913,0.30697674418604654,0.17061611374407584,0.14691943127962084,0.5373134328358209,mean_mfe_bps,59.238386317653095
ALL,1m,DAILY_4H_1H_15M,60,4826,58.728723366180155,33.681724719341055,14.032507574285313,72.00051431409892,134.1888286424986,-49.14303237003351,-32.39550627304743,-111.59923637913406,2.6089049776509055,-1.4386449166009507,0.4850808122668877,27.73331951927062,26.0,34.36941728072314,0.8166183174471612,4.0,0.5965602983837547,12.0,0.37132200580190633,21.0,0.23684210526315788,25.0,0.15955242436800662,29.0,0.08019063406547866,34.0,0.04537919602154994,37.0,0.4593866556154165,0.4276833816825528,0.5178696566222845,0.2619146290924161,0.5317032739328637,0.3300261096605744,0.33257355988396187,0.2880232076253626,0.5358931552587646,0.13903854123497722,0.32552838789888106,0.2992863514719001,0.15582262743472855,0.11748860339825942,0.5701288855193328,mean_mfe_bps,58.728723366180155
ALL,15m,DAILY_4H_1H,60,446,58.49776161828783,39.58463780099341,12.996980625151199,78.25939148069283,130.80431388892254,-52.51622110258153,-32.212217869085904,-123.67641885110802,-5.341213454895342,-6.88490169675593,0.4484304932735426,24.80269058295964,22.0,15.526665790298122,0.8094170403587444,3.0,0.6345291479820628,8.0,0.4013452914798206,16.0,0.2645739910313901,19.5,0.1681614349775785,26.0,0.08520179372197309,30.0,0.04484304932735426,31.5,0.47757847533632286,0.40358744394618834,0.5419847328244275,0.27802690582959644,0.5089686098654709,0.35327635327635326,0.35874439461883406,0.2937219730941704,0.5498281786941581,0.15246636771300448,0.34977578475336324,0.30357142857142855,0.16591928251121077,0.14349775784753363,0.5362318840579711,mean_mfe_bps,58.49776161828783
ALL,15m,DAILY_4H_1H_15M,60,446,58.49776161828783,39.58463780099341,12.996980625151199,78.25939148069283,130.80431388892254,-52.51622110258153,-32.212217869085904,-123.67641885110802,-5.341213454895342,-6.88490169675593,0.4484304932735426,24.80269058295964,22.0,15.526665790298122,0.8094170403587444,3.0,0.6345291479820628,8.0,0.4013452914798206,16.0,0.2645739910313901,19.5,0.1681614349775785,26.0,0.08520179372197309,30.0,0.04484304932735426,31.5,0.47757847533632286,0.40358744394618834,0.5419847328244275,0.27802690582959644,0.5089686098654709,0.35327635327635326,0.35874439461883406,0.2937219730941704,0.5498281786941581,0.15246636771300448,0.34977578475336324,0.30357142857142855,0.16591928251121077,0.14349775784753363,0.5362318840579711,mean_mfe_bps,58.49776161828783
ALL,5m,DAILY_4H_1H,60,1650,56.968844565627315,32.85511289247811,13.213639652567277,67.20779508165076,123.03222271105189,-47.69809188424003,-31.569070806552467,-109.82174634020137,-0.6877839325674149,-4.039410131010945,0.4581818181818182,26.10969696969697,22.0,28.449336150567202,0.813939393939394,4.0,0.5836363636363636,13.0,0.3496969696969697,21.0,0.21696969696969698,24.0,0.14606060606060606,29.0,0.07393939393939394,31.5,0.04666666666666667,33.0,0.43757575757575756,0.42848484848484847,0.5052484254723583,0.24242424242424243,0.5230303030303031,0.3167062549485352,0.3103030303030303,0.26545454545454544,0.5389473684210526,0.12484848484848485,0.30363636363636365,0.2913719943422914,0.14242424242424243,0.10424242424242425,0.5773955773955773,mean_mfe_bps,56.968844565627315
ALL,1m,DAILY_4H_1H,60,8600,52.004198699767194,31.39976884767748,13.076477766170157,64.48567155315999,117.47141101465887,-47.03273527067814,-31.07255648663265,-107.35467560801558,0.6686528851495568,-1.4022667405239053,0.48348837209302326,28.059418604651164,26.0,29.55024188659601,0.8046511627906977,5.0,0.5720930232558139,14.0,0.33406976744186045,22.0,0.20348837209302326,26.0,0.1330232558139535,30.0,0.06151162790697674,34.0,0.03441860465116279,37.0,0.4475581395348837,0.42872093023255814,0.5107484076433121,0.2424418604651163,0.523953488372093,0.31634046426945833,0.3033720930232558,0.2812790697674419,0.5188941925218775,0.11755813953488373,0.3127906976744186,0.27316941367198055,0.13,0.11127906976744185,0.5387951807228916,mean_mfe_bps,52.004198699767194
ALL,5m,DAILY_4H_1H_15M,30,766,46.15117832437787,25.050952069337605,10.679226317343304,52.95841256274747,96.80736309944815,-36.48162237397735,-22.988877029618273,-82.68825970873527,3.7431893683899298,-2.3537947567514594,0.4516971279373368,13.909921671018276,13.0,77.0454851911135,0.7558746736292428,3.0,0.5013054830287206,8.0,0.27284595300261094,12.0,0.15274151436031333,14.0,0.09138381201044386,17.0,0.04960835509138381,17.0,0.030026109660574413,17.0,0.39425587467362927,0.36161879895561355,0.5215889464594128,0.21279373368146215,0.42297650130548303,0.3347022587268994,0.2545691906005222,0.195822454308094,0.5652173913043478,0.07963446475195822,0.22323759791122716,0.2629310344827586,0.09138381201044386,0.07180156657963446,0.56,mean_mfe_bps,46.15117832437787
ALL,5m,FULL_ALIGNMENT,30,766,46.15117832437787,25.050952069337605,10.679226317343304,52.95841256274747,96.80736309944815,-36.48162237397735,-22.988877029618273,-82.68825970873527,3.7431893683899298,-2.3537947567514594,0.4516971279373368,13.909921671018276,13.0,77.0454851911135,0.7558746736292428,3.0,0.5013054830287206,8.0,0.27284595300261094,12.0,0.15274151436031333,14.0,0.09138381201044386,17.0,0.04960835509138381,17.0,0.030026109660574413,17.0,0.39425587467362927,0.36161879895561355,0.5215889464594128,0.21279373368146215,0.42297650130548303,0.3347022587268994,0.2545691906005222,0.195822454308094,0.5652173913043478,0.07963446475195822,0.22323759791122716,0.2629310344827586,0.09138381201044386,0.07180156657963446,0.56,mean_mfe_bps,46.15117832437787
ALL,15m,FULL_ALIGNMENT,30,422,44.18781739166564,28.169241129823995,10.300698538256437,57.4849057084692,99.0240574790343,-37.92555621816016,-22.51305624274169,-93.92078599622111,0.25834529860605315,-1.8189414085384437,0.47393364928909953,13.637440758293838,13.0,11.308010989937873,0.7582938388625592,3.0,0.5402843601895735,7.0,0.3009478672985782,12.0,0.1872037914691943,15.0,0.0995260663507109,17.0,0.04739336492890995,17.5,0.02132701421800948,11.0,0.4265402843601896,0.3412322274881517,0.5555555555555556,0.22274881516587677,0.41232227488151657,0.35074626865671643,0.2796208530805687,0.19194312796208532,0.592964824120603,0.09004739336492891,0.23459715639810427,0.2773722627737226,0.0995260663507109,0.07582938388625593,0.5675675675675675,mean_mfe_bps,44.18781739166564
ALL,1m,FULL_ALIGNMENT,30,2799,43.89361926693574,25.54744525547381,9.765734745141863,55.027621229716274,101.15356721276127,-36.07736079424965,-23.483350151362046,-80.1367125125858,2.6872923092125096,-1.015906964310087,0.48302965344765986,13.772418720971775,12.0,33.3566494430234,0.7463379778492318,3.0,0.5069667738478028,8.0,0.2765273311897106,13.0,0.16720257234726688,15.0,0.10325116112897463,16.0,0.04430153626295105,19.0,0.022865309038942478,20.0,0.42015005359056806,0.37727759914255093,0.5268817204301075,0.21186137906395142,0.45158985351911396,0.3193322563274098,0.2572347266881029,0.1939978563772776,0.5700712589073634,0.09431939978563773,0.2150768131475527,0.30484988452655887,0.10182207931404073,0.05894962486602358,0.6333333333333333,mean_mfe_bps,43.89361926693574
ALL,15m,DAILY_4H_1H_15M,30,446,43.748573474003265,28.681056001009786,10.300698538256437,56.916739331108744,95.64921272087523,-37.24832695902471,-22.163197756477903,-93.51101506852422,0.39994936256384706,-1.4357661164809965,0.4798206278026906,13.522421524663677,12.0,11.966491149375965,0.757847533632287,3.0,0.547085201793722,7.0,0.29596412556053814,11.5,0.18161434977578475,15.0,0.09417040358744394,17.0,0.04484304932735426,17.5,0.020179372197309416,11.0,0.4349775784753363,0.33856502242152464,0.5623188405797102,0.21973094170403587,0.4103139013452915,0.3487544483985765,0.2757847533632287,0.1905829596412556,0.5913461538461539,0.08520179372197309,0.23094170403587444,0.2695035460992908,0.09417040358744394,0.07399103139013453,0.56,mean_mfe_bps,43.748573474003265
ALL,15m,DAILY_4H_1H,30,446,43.748573474003265,28.681056001009786,10.300698538256437,56.916739331108744,95.64921272087523,-37.24832695902471,-22.163197756477903,-93.51101506852422,0.39994936256384706,-1.4357661164809965,0.4798206278026906,13.522421524663677,12.0,11.966491149375965,0.757847533632287,3.0,0.547085201793722,7.0,0.29596412556053814,11.5,0.18161434977578475,15.0,0.09417040358744394,17.0,0.04484304932735426,17.5,0.020179372197309416,11.0,0.4349775784753363,0.33856502242152464,0.5623188405797102,0.21973094170403587,0.4103139013452915,0.3487544483985765,0.2757847533632287,0.1905829596412556,0.5913461538461539,0.08520179372197309,0.23094170403587444,0.2695035460992908,0.09417040358744394,0.07399103139013453,0.56,mean_mfe_bps,43.748573474003265
ALL,1h,FULL_ALIGNMENT,30,158,42.0044391160739,25.2688902376319,11.058353061456083,51.32392099968574,101.54919910326024,-31.2503166621048,-25.302388695909173,-65.4599374898216,5.979004174135708,-2.7135697134872405,0.47468354430379744,13.582278481012658,12.0,13.724096369468871,0.7848101265822784,4.0,0.5189873417721519,7.0,0.25949367088607594,12.0,0.18354430379746836,14.0,0.10759493670886076,16.0,0.04430379746835443,13.0,0.012658227848101266,19.5,0.44936708860759494,0.3924050632911392,0.5338345864661654,0.2088607594936709,0.4810126582278481,0.30275229357798167,0.24050632911392406,0.15822784810126583,0.6031746031746031,0.0949367088607595,0.17721518987341772,0.3488372093023256,0.10759493670886076,0.02531645569620253,0.8095238095238095,mean_mfe_bps,42.0044391160739
ALL,1h,DAILY_4H_1H_15M,30,162,41.42256807699619,25.2688902376319,10.942987229117795,49.97169948427249,100.38867365184315,-30.916796498449678,-25.14959710948117,-65.0301545066172,5.717191584828839,-2.0848576845372557,0.48148148148148145,13.623456790123457,12.0,13.52938118300653,0.7777777777777778,4.0,0.5185185185185185,7.0,0.25308641975308643,12.0,0.17901234567901234,14.0,0.10493827160493827,16.0,0.043209876543209874,13.0,0.012345679012345678,19.5,0.4506172839506173,0.3888888888888889,0.5367647058823529,0.2037037037037037,0.47530864197530864,0.3,0.2345679012345679,0.16049382716049382,0.59375,0.09259259259259259,0.17901234567901234,0.3409090909090909,0.10493827160493827,0.024691358024691357,0.8095238095238095,mean_mfe_bps,41.42256807699619
ALL,1h,DAILY_4H,30,168,40.759848780940736,25.152917245018223,10.922236331878388,49.83051993575849,97.87386787688607,-30.800626323684156,-25.302388695909173,-64.11109687354899,5.332042938288687,-2.0848576845372557,0.48214285714285715,13.583333333333334,12.0,13.177666663310802,0.7738095238095238,4.0,0.5059523809523809,7.0,0.25,11.0,0.17261904761904762,14.0,0.10119047619047619,16.0,0.041666666666666664,13.0,0.011904761904761904,19.5,0.44047619047619047,0.39880952380952384,0.524822695035461,0.20238095238095238,0.48214285714285715,0.2956521739130435,0.23214285714285715,0.16071428571428573,0.5909090909090909,0.08928571428571429,0.17857142857142858,0.3333333333333333,0.10119047619047619,0.023809523809523808,0.8095238095238095,mean_mfe_bps,40.759848780940736
ALL,1m,DAILY_4H_1H_15M,30,4826,39.64503705548881,23.392536739491597,9.350151835951781,49.9123722158662,90.41879344587333,-34.49723053021708,-22.131335258190887,-77.73132821941032,1.2413508582599968,-1.0743130959978142,0.48010774968918357,13.920430998756734,13.0,28.577019643959197,0.7349772067965189,4.0,0.47534189805221716,8.0,0.24906755076668047,13.0,0.1427683381682553,16.0,0.08474927476170742,16.0,0.03377538334024036,18.0,0.017612929962702032,20.0,0.3999171156237049,0.3655200994612516,0.5224688684353005,0.19353501864898467,0.4301699129714049,0.3102990033222591,0.23290509738914214,0.1898052217157066,0.5509803921568628,0.07791131371736428,0.20845420638209697,0.27206946454413894,0.08392043099875673,0.05449647741400746,0.6062874251497006,mean_mfe_bps,39.64503705548881
ALL,5m,DAILY_4H_1H,30,1650,39.565056708455984,22.548244662369264,9.405994882801249,46.40149142813466,89.69043515335368,-33.3352194120573,-21.80686417521116,-77.06335802880504,1.0357196501173975,-2.0988413802341954,0.4624242424242424,13.52909090909091,12.0,58.42139208897563,0.7381818181818182,3.0,0.46,8.0,0.23030303030303031,13.0,0.1296969696969697,14.0,0.07757575757575758,16.0,0.03575757575757576,17.0,0.02,17.0,0.37393939393939396,0.35454545454545455,0.5133111480865225,0.17939393939393938,0.4103030303030303,0.30421377183967113,0.21636363636363637,0.17515151515151514,0.5526315789473685,0.0703030303030303,0.19454545454545455,0.2654462242562929,0.07757575757575758,0.05818181818181818,0.5714285714285714,mean_mfe_bps,39.565056708455984
ALL,1m,DAILY_4H_1H,30,8600,35.44053444806331,21.21293178579453,8.665208974329431,44.63995122840958,82.04987781034778,-32.780339949955575,-21.168628726830896,-75.58318232765026,0.414888440284165,-0.9942697418696689,0.48290697674418603,14.125116279069767,13.0,27.350433587551205,0.7196511627906976,4.0,0.4432558139534884,9.0,0.2144186046511628,14.0,0.1177906976744186,16.0,0.06755813953488372,17.0,0.02558139534883721,18.0,0.012906976744186047,20.0,0.3801162790697674,0.3638372093023256,0.5109409190371991,0.1697674418604651,0.4190697674418605,0.2883096366508689,0.20267441860465116,0.17930232558139536,0.5305936073059361,0.062325581395348835,0.1936046511627907,0.24352567014993184,0.06662790697674419,0.050348837209302326,0.5695825049701789,mean_mfe_bps,35.44053444806331
ALL,15m,FULL_ALIGNMENT,15,422,31.648658919803456,18.862996682954545,7.100528809401152,40.96203386276143,73.3883742779416,-25.60350501738328,-16.699849442953774,-58.15261126483606,1.8483857102974453,-1.2277412684424949,0.47393364928909953,6.931279620853081,6.0,19.17151589944404,0.6563981042654028,2.0,0.42890995260663506,5.0,0.1895734597156398,7.5,0.0947867298578199,8.0,0.04739336492890995,7.0,0.02132701421800948,7.0,0.011848341232227487,7.0,0.35071090047393366,0.2677725118483412,0.5670498084291188,0.14928909952606634,0.3175355450236967,0.3197969543147208,0.17772511848341233,0.12085308056872038,0.5952380952380952,0.04265402843601896,0.13507109004739337,0.24,0.04739336492890995,0.02843601895734597,0.625,mean_mfe_bps,31.648658919803456
ALL,15m,DAILY_4H_1H,15,446,31.539725378458353,19.39497925376843,7.169968046055741,40.96203386276143,72.71782701493201,-25.225322351502975,-15.634933935142481,-57.98297333662661,1.9806333976083057,-0.9820203719224097,0.4820627802690583,6.948430493273543,6.0,19.310836743687698,0.6591928251121076,2.0,0.4327354260089686,5.0,0.18834080717488788,7.5,0.09417040358744394,8.0,0.04484304932735426,7.0,0.020179372197309416,7.0,0.011210762331838564,7.0,0.3542600896860987,0.2645739910313901,0.572463768115942,0.14798206278026907,0.31614349775784756,0.3188405797101449,0.17713004484304934,0.11883408071748879,0.5984848484848485,0.04035874439461883,0.13228699551569506,0.23376623376623376,0.04484304932735426,0.026905829596412557,0.625,mean_mfe_bps,31.539725378458353
ALL,15m,DAILY_4H_1H_15M,15,446,31.539725378458353,19.39497925376843,7.169968046055741,40.96203386276143,72.71782701493201,-25.225322351502975,-15.634933935142481,-57.98297333662661,1.9806333976083057,-0.9820203719224097,0.4820627802690583,6.948430493273543,6.0,19.310836743687698,0.6591928251121076,2.0,0.4327354260089686,5.0,0.18834080717488788,7.5,0.09417040358744394,8.0,0.04484304932735426,7.0,0.020179372197309416,7.0,0.011210762331838564,7.0,0.3542600896860987,0.2645739910313901,0.572463768115942,0.14798206278026907,0.31614349775784756,0.3188405797101449,0.17713004484304934,0.11883408071748879,0.5984848484848485,0.04035874439461883,0.13228699551569506,0.23376623376623376,0.04484304932735426,0.026905829596412557,0.625,mean_mfe_bps,31.539725378458353
ALL,1h,FULL_ALIGNMENT,15,158,30.407011841949423,19.193376653312555,7.1446413535214415,37.34592779776447,72.14821045487058,-23.998673668636986,-17.63935093196278,-53.50654892310636,4.592129960512485,-0.6940158882506875,0.4873417721518987,7.531645569620253,7.0,20.853046385528902,0.6835443037974683,2.0,0.41139240506329117,6.0,0.17721518987341772,6.0,0.10126582278481013,10.5,0.05063291139240506,10.5,0.02531645569620253,10.5,0.006329113924050633,9.0,0.3860759493670886,0.26582278481012656,0.5922330097087378,0.15822784810126583,0.310126582278481,0.33783783783783783,0.17721518987341772,0.11392405063291139,0.6086956521739131,0.05063291139240506,0.12025316455696203,0.2962962962962963,0.05063291139240506,0.0189873417721519,0.7272727272727273,mean_mfe_bps,30.407011841949423
ALL,1h,DAILY_4H_1H_15M,15,162,30.071018736648917,19.193376653312555,7.038379280174811,37.27237550512797,70.31467671009686,-23.797551148586503,-17.444214031649416,-54.54107287230037,4.4692361097570386,-0.6940158882506875,0.4876543209876543,7.580246913580247,7.0,20.513022083053162,0.6790123456790124,2.0,0.41358024691358025,6.0,0.1728395061728395,6.0,0.09876543209876543,10.5,0.04938271604938271,10.5,0.024691358024691357,10.5,0.006172839506172839,9.0,0.3888888888888889,0.2654320987654321,0.5943396226415094,0.15432098765432098,0.30864197530864196,0.3333333333333333,0.1728395061728395,0.11728395061728394,0.5957446808510638,0.04938271604938271,0.12345679012345678,0.2857142857142857,0.04938271604938271,0.018518518518518517,0.7272727272727273,mean_mfe_bps,30.071018736648917
ALL,1h,DAILY_4H,15,168,29.580623160483235,18.591345040568363,6.807291567690887,37.21345850170865,70.72736627435638,-23.711288992025874,-17.444214031649416,-54.612017602296724,4.164861270028352,-0.6940158882506875,0.48214285714285715,7.428571428571429,7.0,19.87627929927443,0.6666666666666666,2.0,0.40476190476190477,6.0,0.17261904761904762,6.0,0.09523809523809523,10.5,0.047619047619047616,10.5,0.023809523809523808,10.5,0.005952380952380952,9.0,0.38095238095238093,0.26785714285714285,0.5871559633027523,0.15476190476190477,0.30952380952380953,0.3333333333333333,0.17261904761904762,0.11904761904761904,0.5918367346938775,0.047619047619047616,0.125,0.27586206896551724,0.047619047619047616,0.017857142857142856,0.7272727272727273,mean_mfe_bps,29.580623160483235
ALL,1m,FULL_ALIGNMENT,15,2799,29.008698344818015,16.817676334930365,6.191638428423296,37.162140358733,68.47977375828364,-25.53672469168186,-16.682886139303132,-55.42796279780693,0.7609434625441521,-1.2367679879476956,0.47624151482672383,7.038585209003215,6.0,31.01993660492841,0.6509467667023937,3.0,0.3776348695962844,5.0,0.16934619506966775,7.0,0.08503036798856735,9.0,0.046802429439085386,10.0,0.015005359056806002,11.0,0.007145409074669525,10.0,0.3340478742408003,0.29403358342265096,0.5318543799772468,0.1414790996784566,0.3347624151482672,0.2970742685671418,0.16291532690246516,0.10932475884244373,0.5984251968503937,0.043586995355484104,0.11754197927831368,0.270509977827051,0.046802429439085386,0.02750982493747767,0.6298076923076923,mean_mfe_bps,29.008698344818015
ALL,5m,DAILY_4H_1H_15M,15,766,28.735337121236242,16.362319307746674,6.117571206998851,35.04675773151888,64.69782334121987,-25.425205855644368,-16.492825583795945,-56.68943522117886,1.068379549088841,-1.0547780499758908,0.47389033942558745,7.026109660574413,6.0,47.59887754279099,0.6553524804177546,3.0,0.36553524804177545,5.0,0.1566579634464752,6.5,0.08093994778067885,6.5,0.04046997389033943,7.0,0.020887728459530026,8.0,0.010443864229765013,10.5,0.3093994778067885,0.26631853785900783,0.5374149659863946,0.13315926892950392,0.3028720626631854,0.30538922155688625,0.15013054830287206,0.1227154046997389,0.5502392344497608,0.03655352480417755,0.13315926892950392,0.2153846153846154,0.04046997389033943,0.03655352480417755,0.5254237288135594,mean_mfe_bps,28.735337121236242
ALL,5m,FULL_ALIGNMENT,15,766,28.735337121236242,16.362319307746674,6.117571206998851,35.04675773151888,64.69782334121987,-25.425205855644368,-16.492825583795945,-56.68943522117886,1.068379549088841,-1.0547780499758908,0.47389033942558745,7.026109660574413,6.0,47.59887754279099,0.6553524804177546,3.0,0.36553524804177545,5.0,0.1566579634464752,6.5,0.08093994778067885,6.5,0.04046997389033943,7.0,0.020887728459530026,8.0,0.010443864229765013,10.5,0.3093994778067885,0.26631853785900783,0.5374149659863946,0.13315926892950392,0.3028720626631854,0.30538922155688625,0.15013054830287206,0.1227154046997389,0.5502392344497608,0.03655352480417755,0.13315926892950392,0.2153846153846154,0.04046997389033943,0.03655352480417755,0.5254237288135594,mean_mfe_bps,28.735337121236242
ALL,1m,DAILY_4H_1H_15M,15,4826,26.56416400585609,15.65927850284865,5.9950823516657925,33.45791001884202,61.77423593578424,-24.170932946737796,-15.557453330697356,-53.78629978333271,0.40012868203882895,-0.946319420313535,0.4805221715706589,7.168462494819726,7.0,29.908968997060054,0.6369664318276005,3.0,0.3460422710319105,5.0,0.14711976792374637,8.0,0.07107335267302113,9.0,0.037919602154993785,10.0,0.011811023622047244,11.0,0.0060091172813924575,11.0,0.30915872358060503,0.2801491918773311,0.5246132208157525,0.12453377538334023,0.3139245752175715,0.2840264650283554,0.14214670534604226,0.10422710319104848,0.5769554247266611,0.035640281806879406,0.11065064235391629,0.24362606232294617,0.037919602154993785,0.024865312888520515,0.6039603960396039,mean_mfe_bps,26.56416400585609
ALL,5m,DAILY_4H_1H,15,1650,26.469174916463313,15.270510463101239,5.971405467782853,33.02899252560498,58.48624058988874,-22.834694471055695,-15.050269639615976,-51.484941420108065,1.0496879883182495,-1.2150301465652102,0.47515151515151516,7.004848484848485,6.0,43.807097984296405,0.6406060606060606,3.0,0.33575757575757575,5.0,0.1321212121212121,6.0,0.0703030303030303,7.0,0.038181818181818185,7.0,0.01696969696969697,9.5,0.00787878787878788,11.0,0.2915151515151515,0.25333333333333335,0.5350389321468298,0.11212121212121212,0.28363636363636363,0.2833078101071976,0.1290909090909091,0.1006060606060606,0.5620052770448549,0.03636363636363636,0.10787878787878788,0.25210084033613445,0.038181818181818185,0.02181818181818182,0.6363636363636364,mean_mfe_bps,26.469174916463313
ALL,1m,DAILY_4H_1H,15,8600,23.952027458002288,14.449433369106979,5.662878551638828,30.27976352811379,55.56838757424366,-22.630183518787014,-14.868542484412494,-49.88937241565317,0.07794115346867499,-0.622987188120816,0.48604651162790696,7.272674418604651,7.0,27.92262173631286,0.6158139534883721,3.0,0.31383720930232556,6.0,0.12255813953488372,8.0,0.055232558139534885,9.0,0.029186046511627907,10.0,0.008837209302325582,10.0,0.004069767441860465,11.0,0.28569767441860466,0.2683720930232558,0.5156348373557188,0.1063953488372093,0.2961627906976744,0.26429809358752165,0.11941860465116279,0.09430232558139535,0.558759521218716,0.02767441860465116,0.0986046511627907,0.21915285451197053,0.029186046511627907,0.02116279069767442,0.5796766743648961,mean_mfe_bps,23.952027458002288
ALL,1h,FULL_ALIGNMENT,240,158,125.57595159222598,67.94801580400801,31.191683653090664,158.0834857179769,343.532463503867,-93.06619275772725,-60.69409872895226,-193.60791183603044,21.934956765304285,2.5529632458243245,0.5253164556962026,111.37341772151899,102.5,6.90972451375067,0.9177215189873418,6.0,0.8291139240506329,16.0,0.6075949367088608,40.0,0.4873417721518987,46.0,0.36075949367088606,62.0,0.25949367088607594,77.0,0.18354430379746836,92.0,0.5253164556962026,0.45569620253164556,0.535483870967742,0.2974683544303797,0.6455696202531646,0.31543624161073824,0.43670886075949367,0.44936708860759494,0.4928571428571429,0.25316455696202533,0.5506329113924051,0.31496062992125984,0.34177215189873417,0.2848101265822785,0.5454545454545454,terminal_win_rate,0.5253164556962026
ALL,1h,DAILY_4H_1H_15M,240,162,124.15235295680516,68.17926210274993,31.191683653090664,148.14005050102108,342.42273485603187,-92.27194247517245,-60.20755300677139,-194.74161146161006,21.142216594567746,2.5529632458243245,0.5246913580246914,111.41975308641975,105.0,6.854359377345699,0.9197530864197531,6.0,0.8333333333333334,16.0,0.6111111111111112,43.0,0.4876543209876543,48.0,0.35185185185185186,62.0,0.25308641975308643,77.0,0.17901234567901234,92.0,0.5308641975308642,0.4506172839506173,0.5408805031446541,0.30246913580246915,0.6419753086419753,0.3202614379084967,0.4382716049382716,0.4444444444444444,0.4965034965034965,0.24691358024691357,0.5432098765432098,0.3125,0.3333333333333333,0.2839506172839506,0.54,terminal_win_rate,0.5246913580246914
ALL,1h,DAILY_4H_1H,240,168,122.39006122251885,68.17926210274993,30.40571596263586,143.20502228861608,338.4140691575549,-95.40898680432576,-60.69409872895226,-196.82603320400895,16.497276179527535,2.1661127132388547,0.5178571428571429,110.69047619047619,105.0,6.919765516294397,0.9166666666666666,6.0,0.8273809523809523,16.0,0.6071428571428571,42.0,0.4880952380952381,47.0,0.35714285714285715,55.5,0.25,84.0,0.17261904761904762,92.0,0.5238095238095238,0.4583333333333333,0.5333333333333333,0.30357142857142855,0.6428571428571429,0.32075471698113206,0.43452380952380953,0.4523809523809524,0.4899328859060403,0.25,0.5476190476190477,0.31343283582089554,0.3392857142857143,0.2916666666666667,0.5377358490566038,terminal_win_rate,0.5178571428571429
ALL,1h,DAILY_4H_1H_15M,60,162,60.460207958357586,32.79915738045092,13.360367560120157,77.27414004546796,139.1513492254271,-42.76292054907816,-33.805367277717764,-82.18097872628549,14.439489005964482,-0.39377353175440444,0.49382716049382713,25.617283950617285,24.5,14.795736787115926,0.8209876543209876,5.0,0.6049382716049383,9.0,0.35802469135802467,17.0,0.2777777777777778,24.0,0.1728395061728395,26.5,0.09259259259259259,32.0,0.05555555555555555,38.0,0.47530864197530864,0.41975308641975306,0.5310344827586206,0.2345679012345679,0.5555555555555556,0.296875,0.32098765432098764,0.2716049382716049,0.5416666666666666,0.14814814814814814,0.30246913580246915,0.3287671232876712,0.1728395061728395,0.07407407407407407,0.7,terminal_win_rate,0.49382716049382713
ALL,1m,DAILY_ONLY,120,24766,64.44078711632338,40.38624849401318,17.13401503406431,81.40044907658906,147.54559652513265,-61.339225269878156,-40.11379173938346,-140.44427974507002,0.5089875337891827,-0.6299023624312117,0.4932972623758378,55.751231527093594,53.0,30.458664932275493,0.8456351449567956,7.0,0.6568279092303965,21.0,0.4252200597593475,39.0,0.2775175644028103,50.0,0.18884761366389405,56.0,0.09642251473794719,66.0,0.05317774368085278,70.0,0.4712105305660987,0.4693935233788258,0.5009658725048294,0.276911895340386,0.584672534926916,0.32139844409035523,0.36695469595413066,0.3513688120810789,0.5108487914558741,0.15618186223047728,0.3989744003876282,0.2813295512400902,0.18040862472744892,0.16797221997900347,0.5178488641631896,terminal_win_rate,0.4932972623758378
ALL,1h,DAILY_ONLY,15,365,25.795681426653047,15.04131601995251,6.167509559640294,32.24400871459699,65.04985889754883,-24.9065686559428,-17.638758231420802,-56.55368434804054,0.8892701909877478,0.0,0.4931506849315068,7.054794520547945,6.0,14.085941724372967,0.6219178082191781,2.0,0.33424657534246577,6.0,0.16712328767123288,8.0,0.07671232876712329,10.0,0.03287671232876712,10.5,0.010958904109589041,10.5,0.0027397260273972603,9.0,0.3013698630136986,0.31232876712328766,0.49107142857142855,0.14794520547945206,0.34794520547945207,0.2983425414364641,0.16164383561643836,0.13150684931506848,0.5514018691588785,0.03287671232876712,0.136986301369863,0.1935483870967742,0.03287671232876712,0.019178082191780823,0.631578947368421,terminal_win_rate,0.4931506849315068
ALL,1m,DAILY_ONLY,60,24766,44.133381028719924,27.59264017970886,11.501106141853512,55.849586330026234,100.50828403230905,-42.47368022295504,-27.939445575073663,-95.57181386965485,0.40598188657769235,-0.6232171670605968,0.4917225228135347,28.046475006056692,26.0,27.07836357184105,0.7785673907776791,6.0,0.5325849955584269,15.0,0.28644108858919487,24.0,0.16312686747960914,29.0,0.10098522167487685,32.0,0.04292174755713478,35.0,0.021158039247355244,38.0,0.42344343050956956,0.42368569813453927,0.4998570066730219,0.21368004522328998,0.5034725026245659,0.29795619616012614,0.2633449083420819,0.25502705321812164,0.5080230565508647,0.09080998142614875,0.27679076152790116,0.24703427065026362,0.09892594686263426,0.08850843898893644,0.5277897457992244,terminal_win_rate,0.4917225228135347
ALL,1m,DAILY_ONLY,240,24766,93.28855252639327,59.123578596864675,25.693253574160522,117.41426972668945,213.62720857431407,-88.62240674302593,-58.613861386138666,-199.8147302459846,0.9707937961094888,-1.6437413269071444,0.4893806024388274,109.87640313332795,103.0,31.01153409113641,0.8936848905757894,8.0,0.7558749899055156,27.0,0.5605265283049342,59.0,0.41100702576112413,80.0,0.30440927077444885,93.0,0.1780263264152467,111.0,0.11148348542356457,125.0,0.4917225228135347,0.4894613583138173,0.5011522633744856,0.3133327949608334,0.6334894613583139,0.3309309565439891,0.4413712347573286,0.4253815715093273,0.5092238889406503,0.2261568279092304,0.5158281514980215,0.3047997387897257,0.2783655010902043,0.27154162965355727,0.5062045671488362,terminal_win_rate,0.4893806024388274
ALL,5m,DAILY_ONLY,60,4978,47.09804493466961,28.76314045678341,11.674123005080418,58.360275880735,106.06129882223381,-41.805061420192956,-27.26710813298783,-94.75183884390792,0.9405539376095547,-0.9294351053218408,0.4889513860988349,27.314182402571312,25.0,26.388148979541405,0.7826436319807152,5.0,0.5464041783848935,15.0,0.3019284853354761,23.0,0.17376456408196062,27.0,0.10968260345520289,31.0,0.05082362394535958,32.0,0.02872639614302933,36.0,0.42969063881076736,0.4083969465648855,0.5127037392138063,0.22318200080353556,0.4881478505423865,0.31375317706862466,0.2756126958617919,0.24166331860184814,0.5328155339805826,0.09642426677380474,0.26838087585375653,0.2643171806167401,0.10727199678585778,0.088388911209321,0.5482546201232033,terminal_win_rate,0.4889513860988349
ALL,1h,DAILY_4H_1H,60,168,59.846657719509324,31.650376268438364,12.880249294736078,77.40609917351927,133.75291766880025,-43.007688600580046,-33.39516376912488,-90.14422050618366,13.351157349632826,-1.244954545410737,0.4880952380952381,25.791666666666668,25.5,14.49609560034951,0.8154761904761905,5.0,0.6011904761904762,9.0,0.35714285714285715,17.0,0.27976190476190477,25.0,0.17857142857142858,28.0,0.08928571428571429,32.0,0.05357142857142857,38.0,0.47023809523809523,0.42857142857142855,0.5231788079470199,0.23809523809523808,0.5595238095238095,0.29850746268656714,0.32142857142857145,0.27380952380952384,0.54,0.15476190476190477,0.30357142857142855,0.33766233766233766,0.17857142857142858,0.07738095238095238,0.6976744186046512,terminal_win_rate,0.4880952380952381
ALL,1h,DAILY_4H,60,168,59.846657719509324,31.650376268438364,12.880249294736078,77.40609917351927,133.75291766880025,-43.007688600580046,-33.39516376912488,-90.14422050618366,13.351157349632826,-1.244954545410737,0.4880952380952381,25.791666666666668,25.5,14.49609560034951,0.8154761904761905,5.0,0.6011904761904762,9.0,0.35714285714285715,17.0,0.27976190476190477,25.0,0.17857142857142858,28.0,0.08928571428571429,32.0,0.05357142857142857,38.0,0.47023809523809523,0.42857142857142855,0.5231788079470199,0.23809523809523808,0.5595238095238095,0.29850746268656714,0.32142857142857145,0.27380952380952384,0.54,0.15476190476190477,0.30357142857142855,0.33766233766233766,0.17857142857142858,0.07738095238095238,0.6976744186046512,terminal_win_rate,0.4880952380952381
ALL,1h,DAILY_4H_1H_15M,15,162,30.071018736648917,19.193376653312555,7.038379280174811,37.27237550512797,70.31467671009686,-23.797551148586503,-17.444214031649416,-54.54107287230037,4.4692361097570386,-0.6940158882506875,0.4876543209876543,7.580246913580247,7.0,20.513022083053162,0.6790123456790124,2.0,0.41358024691358025,6.0,0.1728395061728395,6.0,0.09876543209876543,10.5,0.04938271604938271,10.5,0.024691358024691357,10.5,0.006172839506172839,9.0,0.3888888888888889,0.2654320987654321,0.5943396226415094,0.15432098765432098,0.30864197530864196,0.3333333333333333,0.1728395061728395,0.11728395061728394,0.5957446808510638,0.04938271604938271,0.12345679012345678,0.2857142857142857,0.04938271604938271,0.018518518518518517,0.7272727272727273,terminal_win_rate,0.4876543209876543
ALL,1h,FULL_ALIGNMENT,15,158,30.407011841949423,19.193376653312555,7.1446413535214415,37.34592779776447,72.14821045487058,-23.998673668636986,-17.63935093196278,-53.50654892310636,4.592129960512485,-0.6940158882506875,0.4873417721518987,7.531645569620253,7.0,20.853046385528902,0.6835443037974683,2.0,0.41139240506329117,6.0,0.17721518987341772,6.0,0.10126582278481013,10.5,0.05063291139240506,10.5,0.02531645569620253,10.5,0.006329113924050633,9.0,0.3860759493670886,0.26582278481012656,0.5922330097087378,0.15822784810126583,0.310126582278481,0.33783783783783783,0.17721518987341772,0.11392405063291139,0.6086956521739131,0.05063291139240506,0.12025316455696203,0.2962962962962963,0.05063291139240506,0.0189873417721519,0.7272727272727273,terminal_win_rate,0.4873417721518987
ALL,1m,DAILY_4H,60,14331,46.73330165882673,28.786070350346193,12.031815009129199,58.19126416025999,106.26945760909167,-44.624843726597064,-29.401315708877938,-102.17263652378183,0.26973980550241816,-1.114601507214985,0.4868466959737632,28.154420487056033,27.0,26.857593535419003,0.7880120019538064,5.0,0.5452515525783267,14.0,0.3006070755704417,24.0,0.1766799246388947,27.0,0.11269276393831554,31.0,0.04849626683413579,35.0,0.025469262438071315,38.0,0.4288605121764008,0.4323494522364106,0.4979743963701183,0.22105924220221895,0.516781801688647,0.29960279931908457,0.27555648593957155,0.2706021910543577,0.5045355819598825,0.10069081013188193,0.2954434442816272,0.25418354764840584,0.1103900634987091,0.10020235852348057,0.5241882041086813,terminal_win_rate,0.4868466959737632
ALL,5m,DAILY_ONLY,240,4978,95.70466535762934,60.52679723489107,26.463996905966567,122.10377314398224,219.71225979862746,-87.64698638842816,-59.37392969590949,-200.09380650200458,3.1108874723034097,-1.8328578419862795,0.48674166331860186,108.02189634391321,98.0,26.879498302154822,0.8973483326637204,7.0,0.7627561269586179,26.0,0.5735235034150261,55.0,0.41964644435516274,77.0,0.3179991964644436,95.0,0.18561671353957412,108.0,0.11771795901968662,121.0,0.4939734833266372,0.48372840498192043,0.5052393671666324,0.3141824025713138,0.6299718762555243,0.33276595744680854,0.4467657693852953,0.42567296102852553,0.51208841814414,0.2304138208115709,0.5176777822418642,0.30800214822771216,0.2900763358778626,0.27099236641221375,0.5170068027210885,terminal_win_rate,0.48674166331860186
ALL,1m,DAILY_4H_1H,15,8600,23.952027458002288,14.449433369106979,5.662878551638828,30.27976352811379,55.56838757424366,-22.630183518787014,-14.868542484412494,-49.88937241565317,0.07794115346867499,-0.622987188120816,0.48604651162790696,7.272674418604651,7.0,27.92262173631286,0.6158139534883721,3.0,0.31383720930232556,6.0,0.12255813953488372,8.0,0.055232558139534885,9.0,0.029186046511627907,10.0,0.008837209302325582,10.0,0.004069767441860465,11.0,0.28569767441860466,0.2683720930232558,0.5156348373557188,0.1063953488372093,0.2961627906976744,0.26429809358752165,0.11941860465116279,0.09430232558139535,0.558759521218716,0.02767441860465116,0.0986046511627907,0.21915285451197053,0.029186046511627907,0.02116279069767442,0.5796766743648961,terminal_win_rate,0.48604651162790696
ALL,15m,DAILY_ONLY,240,1633,98.89161808803063,64.07634628493585,25.181073580178293,128.38578362298404,229.50048348514593,-90.84133804134451,-61.2370860841549,-199.55403660083658,3.7154492762441786,-2.3047229791106627,0.4856093080220453,106.22596448254745,97.0,25.406916589202655,0.8946723821187997,5.0,0.7513778322106552,20.0,0.5793018983466014,46.0,0.44335578689528476,72.0,0.3429271279853031,89.0,0.20575627679118189,103.5,0.131047152480098,122.5,0.4960195958358849,0.48132271892222905,0.5075187969924813,0.3214941824862217,0.6252296387017758,0.3395860284605433,0.4482547458665034,0.42498469075321493,0.5133239831697055,0.2467850581751378,0.5260257195345989,0.3193343898573692,0.30679730557256585,0.28169014084507044,0.5213319458896982,terminal_win_rate,0.4856093080220453
ALL,1m,DAILY_4H_1H_15M,60,4826,58.728723366180155,33.681724719341055,14.032507574285313,72.00051431409892,134.1888286424986,-49.14303237003351,-32.39550627304743,-111.59923637913406,2.6089049776509055,-1.4386449166009507,0.4850808122668877,27.73331951927062,26.0,34.36941728072314,0.8166183174471612,4.0,0.5965602983837547,12.0,0.37132200580190633,21.0,0.23684210526315788,25.0,0.15955242436800662,29.0,0.08019063406547866,34.0,0.04537919602154994,37.0,0.4593866556154165,0.4276833816825528,0.5178696566222845,0.2619146290924161,0.5317032739328637,0.3300261096605744,0.33257355988396187,0.2880232076253626,0.5358931552587646,0.13903854123497722,0.32552838789888106,0.2992863514719001,0.15582262743472855,0.11748860339825942,0.5701288855193328,terminal_win_rate,0.4850808122668877
ALL,1m,DAILY_ONLY,30,24766,30.572346002368157,18.82366069148711,7.520398625914249,38.897278754249086,70.14490623348246,-29.343781404081028,-19.272604288916305,-65.70681343553542,0.09222730893033615,-0.8176586942759689,0.48501978518937255,14.07639505774045,13.0,26.125158690931972,0.6886053460389243,5.0,0.4010740531373657,10.0,0.17560365016554955,14.0,0.08790276992651215,17.0,0.048534280868933216,17.0,0.017362513122829687,18.5,0.007348784624081402,20.0,0.3492287813938464,0.3430509569571186,0.5044619422572179,0.14447226035694097,0.3873455543890818,0.2716574292005163,0.16781070822902366,0.15456674473067916,0.5205410821643287,0.0454655576193168,0.16235968666720504,0.21876821449387993,0.048090123556488736,0.03763223774529597,0.5609985869053227,terminal_win_rate,0.48501978518937255
ALL,1m,DAILY_4H,120,14331,68.17037554174863,41.75827092447682,17.921309162154397,85.09026316866564,155.42802486848473,-64.35194313528046,-42.3163660907,-149.4358035986587,-0.5466519843635305,-1.645410262002267,0.4846835531365571,55.34575395994697,52.0,29.487801895333124,0.8534645174795897,6.0,0.665340869443863,20.0,0.4366059591096225,38.0,0.28916335217360967,47.0,0.20180029307096503,54.0,0.10718023864350011,65.0,0.0618937966645733,70.0,0.4721233689205219,0.4738678389505268,0.4990779671018662,0.2809294536319866,0.5932593678040611,0.321360153256705,0.37387481683064683,0.3667573791082269,0.5048049745618994,0.16635266206126578,0.41783546158676993,0.28475871954132825,0.1917521456981369,0.18240178633731072,0.5124953375606117,terminal_win_rate,0.4846835531365571
ALL,1m,DAILY_4H,15,14331,21.984360139640756,13.40996168582409,5.225123177151625,28.089750802587908,51.17306075875572,-21.308656445055266,-14.001946643453778,-47.254187079868174,-0.0795855735393976,-0.6035913686441852,0.48405554392575534,7.231246947177447,7.0,28.899903682774525,0.5909566673644546,3.0,0.2874188821436048,6.0,0.1040401925894913,8.0,0.04654246040053032,9.0,0.02386435001046682,10.0,0.006559207312818366,10.0,0.0025818156444072293,11.0,0.263205638127137,0.25525085479031473,0.5076716016150741,0.09127067196985555,0.2776498499755774,0.24739928125591074,0.10180727095108506,0.08526969506663876,0.5441999254009698,0.0226781103900635,0.08820040471704696,0.20453115166771554,0.023794571209266625,0.017654036703649432,0.5740740740740741,terminal_win_rate,0.48405554392575534
ALL,1m,DAILY_ONLY,15,24766,21.080677713851422,12.72744911570256,5.026453099813422,26.877615297717373,49.14591308081695,-20.14828784556284,-13.313478949922297,-44.81066877453088,-0.024792507890071196,-0.5318349054628246,0.4835661794395542,7.212387951223452,7.0,28.107320863530397,0.5800290721149963,3.0,0.2739239279657595,6.0,0.09674553823790681,8.0,0.040822094807397236,9.0,0.02079463780990067,10.0,0.00585480093676815,9.0,0.0023015424372123073,11.0,0.25304853428086893,0.24028910603246387,0.5129317400556556,0.08620689655172414,0.2608010982798999,0.24842913660693508,0.09472664136315917,0.07582976661552128,0.5553977272727273,0.019987079060001616,0.07805055317774368,0.20387149917627678,0.020754259872405718,0.01433416781070823,0.5914844649021864,terminal_win_rate,0.4835661794395542
ALL,1m,FULL_ALIGNMENT,30,2799,43.89361926693574,25.54744525547381,9.765734745141863,55.027621229716274,101.15356721276127,-36.07736079424965,-23.483350151362046,-80.1367125125858,2.6872923092125096,-1.015906964310087,0.48302965344765986,13.772418720971775,12.0,33.3566494430234,0.7463379778492318,3.0,0.5069667738478028,8.0,0.2765273311897106,13.0,0.16720257234726688,15.0,0.10325116112897463,16.0,0.04430153626295105,19.0,0.022865309038942478,20.0,0.42015005359056806,0.37727759914255093,0.5268817204301075,0.21186137906395142,0.45158985351911396,0.3193322563274098,0.2572347266881029,0.1939978563772776,0.5700712589073634,0.09431939978563773,0.2150768131475527,0.30484988452655887,0.10182207931404073,0.05894962486602358,0.6333333333333333,terminal_win_rate,0.48302965344765986
ALL,1m,DAILY_4H_1H,30,8600,35.44053444806331,21.21293178579453,8.665208974329431,44.63995122840958,82.04987781034778,-32.780339949955575,-21.168628726830896,-75.58318232765026,0.414888440284165,-0.9942697418696689,0.48290697674418603,14.125116279069767,13.0,27.350433587551205,0.7196511627906976,4.0,0.4432558139534884,9.0,0.2144186046511628,14.0,0.1177906976744186,16.0,0.06755813953488372,17.0,0.02558139534883721,18.0,0.012906976744186047,20.0,0.3801162790697674,0.3638372093023256,0.5109409190371991,0.1697674418604651,0.4190697674418605,0.2883096366508689,0.20267441860465116,0.17930232558139536,0.5305936073059361,0.062325581395348835,0.1936046511627907,0.24352567014993184,0.06662790697674419,0.050348837209302326,0.5695825049701789,terminal_win_rate,0.48290697674418603
ALL,1h,DAILY_4H_1H,30,168,40.759848780940736,25.152917245018223,10.922236331878388,49.83051993575849,97.87386787688607,-30.800626323684156,-25.302388695909173,-64.11109687354899,5.332042938288687,-2.0848576845372557,0.48214285714285715,13.583333333333334,12.0,13.177666663310802,0.7738095238095238,4.0,0.5059523809523809,7.0,0.25,11.0,0.17261904761904762,14.0,0.10119047619047619,16.0,0.041666666666666664,13.0,0.011904761904761904,19.5,0.44047619047619047,0.39880952380952384,0.524822695035461,0.20238095238095238,0.48214285714285715,0.2956521739130435,0.23214285714285715,0.16071428571428573,0.5909090909090909,0.08928571428571429,0.17857142857142858,0.3333333333333333,0.10119047619047619,0.023809523809523808,0.8095238095238095,terminal_win_rate,0.48214285714285715
ALL,1h,DAILY_4H,30,168,40.759848780940736,25.152917245018223,10.922236331878388,49.83051993575849,97.87386787688607,-30.800626323684156,-25.302388695909173,-64.11109687354899,5.332042938288687,-2.0848576845372557,0.48214285714285715,13.583333333333334,12.0,13.177666663310802,0.7738095238095238,4.0,0.5059523809523809,7.0,0.25,11.0,0.17261904761904762,14.0,0.10119047619047619,16.0,0.041666666666666664,13.0,0.011904761904761904,19.5,0.44047619047619047,0.39880952380952384,0.524822695035461,0.20238095238095238,0.48214285714285715,0.2956521739130435,0.23214285714285715,0.16071428571428573,0.5909090909090909,0.08928571428571429,0.17857142857142858,0.3333333333333333,0.10119047619047619,0.023809523809523808,0.8095238095238095,terminal_win_rate,0.48214285714285715
ALL,15m,DAILY_4H_1H_15M,15,446,31.539725378458353,19.39497925376843,7.169968046055741,40.96203386276143,72.71782701493201,-25.225322351502975,-15.634933935142481,-57.98297333662661,1.9806333976083057,-0.9820203719224097,0.4820627802690583,6.948430493273543,6.0,19.310836743687698,0.6591928251121076,2.0,0.4327354260089686,5.0,0.18834080717488788,7.5,0.09417040358744394,8.0,0.04484304932735426,7.0,0.020179372197309416,7.0,0.011210762331838564,7.0,0.3542600896860987,0.2645739910313901,0.572463768115942,0.14798206278026907,0.31614349775784756,0.3188405797101449,0.17713004484304934,0.11883408071748879,0.5984848484848485,0.04035874439461883,0.13228699551569506,0.23376623376623376,0.04484304932735426,0.026905829596412557,0.625,terminal_win_rate,0.4820627802690583
ALL,15m,DAILY_4H_1H,15,446,31.539725378458353,19.39497925376843,7.169968046055741,40.96203386276143,72.71782701493201,-25.225322351502975,-15.634933935142481,-57.98297333662661,1.9806333976083057,-0.9820203719224097,0.4820627802690583,6.948430493273543,6.0,19.310836743687698,0.6591928251121076,2.0,0.4327354260089686,5.0,0.18834080717488788,7.5,0.09417040358744394,8.0,0.04484304932735426,7.0,0.020179372197309416,7.0,0.011210762331838564,7.0,0.3542600896860987,0.2645739910313901,0.572463768115942,0.14798206278026907,0.31614349775784756,0.3188405797101449,0.17713004484304934,0.11883408071748879,0.5984848484848485,0.04035874439461883,0.13228699551569506,0.23376623376623376,0.04484304932735426,0.026905829596412557,0.625,terminal_win_rate,0.4820627802690583
ALL,1m,FULL_ALIGNMENT,120,2799,92.42754690286708,55.33383559691352,22.402381600212795,116.12002231271234,221.88445322107023,-72.98587082751088,-48.611381325158746,-167.69476081237488,4.235704801480967,-2.7467579250728402,0.48160057163272596,53.11611289746338,48.0,42.52019430582348,0.8749553411932833,5.0,0.7259735619864237,14.0,0.5344765987852804,29.0,0.3865666309396213,37.0,0.2897463379778492,43.0,0.17970703822793854,57.0,0.11825652018578063,62.0,0.5080385852090032,0.45837799214005004,0.5256931608133086,0.32618792425866383,0.5966416577349053,0.3534649632210608,0.4437299035369775,0.3762057877813505,0.5411764705882353,0.22615219721329047,0.44765987852804573,0.3356309650053022,0.2675955698463737,0.20507324044301536,0.5661375661375662,terminal_win_rate,0.48160057163272596
ALL,1h,DAILY_4H_1H_15M,30,162,41.42256807699619,25.2688902376319,10.942987229117795,49.97169948427249,100.38867365184315,-30.916796498449678,-25.14959710948117,-65.0301545066172,5.717191584828839,-2.0848576845372557,0.48148148148148145,13.623456790123457,12.0,13.52938118300653,0.7777777777777778,4.0,0.5185185185185185,7.0,0.25308641975308643,12.0,0.17901234567901234,14.0,0.10493827160493827,16.0,0.043209876543209874,13.0,0.012345679012345678,19.5,0.4506172839506173,0.3888888888888889,0.5367647058823529,0.2037037037037037,0.47530864197530864,0.3,0.2345679012345679,0.16049382716049382,0.59375,0.09259259259259259,0.17901234567901234,0.3409090909090909,0.10493827160493827,0.024691358024691357,0.8095238095238095,terminal_win_rate,0.48148148148148145
ALL,1m,DAILY_4H,240,14331,99.72672502562668,61.05951152390654,26.430839201955216,123.85393609295025,229.94512673111922,-92.07080760869434,-62.62743955723793,-206.5817919769397,-0.14548724816377806,-3.3222591362125353,0.4809154978717466,108.95771404647269,100.0,29.5866543267376,0.8986811806573163,7.0,0.7612867210941316,26.0,0.5697439117995953,55.0,0.42460400530318887,76.0,0.3216802735329007,90.0,0.19391528853534296,109.0,0.12734631219035658,123.0,0.4908938664433745,0.49326634568418115,0.49879466817923995,0.3152606238224827,0.6386155885841881,0.33050475493782006,0.4440025120368432,0.4376526411276254,0.503601108033241,0.23599190565906078,0.5298304375130836,0.30815489749430525,0.2929314074384202,0.28727932454120436,0.5048707155742633,terminal_win_rate,0.4809154978717466
ALL,15m,DAILY_4H_1H,30,446,43.748573474003265,28.681056001009786,10.300698538256437,56.916739331108744,95.64921272087523,-37.24832695902471,-22.163197756477903,-93.51101506852422,0.39994936256384706,-1.4357661164809965,0.4798206278026906,13.522421524663677,12.0,11.966491149375965,0.757847533632287,3.0,0.547085201793722,7.0,0.29596412556053814,11.5,0.18161434977578475,15.0,0.09417040358744394,17.0,0.04484304932735426,17.5,0.020179372197309416,11.0,0.4349775784753363,0.33856502242152464,0.5623188405797102,0.21973094170403587,0.4103139013452915,0.3487544483985765,0.2757847533632287,0.1905829596412556,0.5913461538461539,0.08520179372197309,0.23094170403587444,0.2695035460992908,0.09417040358744394,0.07399103139013453,0.56,terminal_win_rate,0.4798206278026906
ALL,15m,DAILY_4H_1H_15M,30,446,43.748573474003265,28.681056001009786,10.300698538256437,56.916739331108744,95.64921272087523,-37.24832695902471,-22.163197756477903,-93.51101506852422,0.39994936256384706,-1.4357661164809965,0.4798206278026906,13.522421524663677,12.0,11.966491149375965,0.757847533632287,3.0,0.547085201793722,7.0,0.29596412556053814,11.5,0.18161434977578475,15.0,0.09417040358744394,17.0,0.04484304932735426,17.5,0.020179372197309416,11.0,0.4349775784753363,0.33856502242152464,0.5623188405797102,0.21973094170403587,0.4103139013452915,0.3487544483985765,0.2757847533632287,0.1905829596412556,0.5913461538461539,0.08520179372197309,0.23094170403587444,0.2695035460992908,0.09417040358744394,0.07399103139013453,0.56,terminal_win_rate,0.4798206278026906
ALL,15m,DAILY_4H_1H_15M,240,446,120.82898572088331,78.4745568096179,31.031246683412284,165.2868988915568,280.16141536125974,-99.21716652896852,-72.1554206054198,-215.0819226537787,7.0034310803644635,-2.607728249284791,0.4798206278026906,110.45739910313901,107.5,8.578186780773699,0.9035874439461884,4.0,0.7914798206278026,11.0,0.6502242152466368,34.5,0.5089686098654709,56.0,0.4125560538116592,84.5,0.2802690582959641,102.0,0.18834080717488788,122.0,0.531390134529148,0.4484304932735426,0.5423340961098398,0.3744394618834081,0.5896860986547086,0.3883720930232558,0.5112107623318386,0.40582959641255606,0.5574572127139364,0.30269058295964124,0.5448430493273543,0.35714285714285715,0.3632286995515695,0.31614349775784756,0.5346534653465347,terminal_win_rate,0.4798206278026906
ALL,15m,DAILY_4H_1H,240,446,120.82898572088331,78.4745568096179,31.031246683412284,165.2868988915568,280.16141536125974,-99.21716652896852,-72.1554206054198,-215.0819226537787,7.0034310803644635,-2.607728249284791,0.4798206278026906,110.45739910313901,107.5,8.578186780773699,0.9035874439461884,4.0,0.7914798206278026,11.0,0.6502242152466368,34.5,0.5089686098654709,56.0,0.4125560538116592,84.5,0.2802690582959641,102.0,0.18834080717488788,122.0,0.531390134529148,0.4484304932735426,0.5423340961098398,0.3744394618834081,0.5896860986547086,0.3883720930232558,0.5112107623318386,0.40582959641255606,0.5574572127139364,0.30269058295964124,0.5448430493273543,0.35714285714285715,0.3632286995515695,0.31614349775784756,0.5346534653465347,terminal_win_rate,0.4798206278026906
ALL,5m,DAILY_ONLY,30,4978,32.46178279368284,19.28357046071083,7.670388517404536,40.38932239664728,73.46660238391301,-29.338475542136358,-19.23397223047796,-66.85744884981193,0.5384964791710877,-1.1651652903016396,0.47830453997589395,13.868220168742466,13.0,35.15378409011831,0.6950582563278425,4.0,0.4120128565689032,9.0,0.19043792687826436,14.0,0.09702691844114102,16.0,0.05363599839292889,16.0,0.023302531137002813,18.0,0.010445962233828847,19.0,0.35054238650060265,0.33186018481317797,0.5136885487194583,0.15648854961832062,0.37987143431096826,0.2917602996254682,0.18200080353555645,0.15829650462032946,0.5348288075560803,0.04981920449979912,0.16914423463238248,0.22752293577981653,0.0532342306147047,0.04218561671353958,0.5578947368421052,terminal_win_rate,0.47830453997589395
ALL,5m,DAILY_4H,60,2878,50.28135854809923,30.06538306759232,12.147133208270656,61.304496937041876,109.90947991774992,-44.164362914304704,-28.58959479204337,-103.49663651839792,0.1525514728588875,-1.7077360122047525,0.4777623349548297,26.861362056984017,24.0,30.099453078043457,0.7911744266851981,5.0,0.5580264072272412,14.0,0.3227936066712995,23.0,0.19006254343293955,26.0,0.12300208478109799,31.0,0.05489923558026407,32.5,0.0330090340514246,33.0,0.43015983321751217,0.4179986101459347,0.5071691929537075,0.23002084781097984,0.5003474635163307,0.3149381541389153,0.2883947185545518,0.2564280750521195,0.5293367346938775,0.10597637248088951,0.28735232800555943,0.26943462897526504,0.12056984016678249,0.09763724808895066,0.552547770700637,terminal_win_rate,0.4777623349548297
ALL,5m,DAILY_4H,240,2878,100.77973075360528,61.74330420569252,26.663102955364337,126.80538136053798,234.9955987820889,-91.53837397279874,-62.85917712222144,-205.65198691520226,1.1343311121354103,-4.234123501807852,0.4770674079221682,105.21994440583738,94.0,25.14809836333652,0.9006254343293955,6.0,0.76546212647672,24.0,0.5833912439193885,51.0,0.4312022237665045,72.0,0.33043780403057676,90.0,0.19944405837387075,105.5,0.13099374565670605,121.0,0.49200833912439196,0.48992355802640725,0.5010615711252654,0.31897150799166085,0.6323835997220292,0.3352812271731191,0.45205003474635164,0.4322446143154969,0.5111984282907662,0.2359277275886032,0.5267546907574705,0.30933940774487473,0.29881862404447534,0.28214037526059765,0.5143540669856459,terminal_win_rate,0.4770674079221682
ALL,5m,DAILY_4H_1H,15,1650,26.469174916463313,15.270510463101239,5.971405467782853,33.02899252560498,58.48624058988874,-22.834694471055695,-15.050269639615976,-51.484941420108065,1.0496879883182495,-1.2150301465652102,0.47515151515151516,7.004848484848485,6.0,43.807097984296405,0.6406060606060606,3.0,0.33575757575757575,5.0,0.1321212121212121,6.0,0.0703030303030303,7.0,0.038181818181818185,7.0,0.01696969696969697,9.5,0.00787878787878788,11.0,0.2915151515151515,0.25333333333333335,0.5350389321468298,0.11212121212121212,0.28363636363636363,0.2833078101071976,0.1290909090909091,0.1006060606060606,0.5620052770448549,0.03636363636363636,0.10787878787878788,0.25210084033613445,0.038181818181818185,0.02181818181818182,0.6363636363636364,terminal_win_rate,0.47515151515151516
ALL,5m,DAILY_ONLY,120,4978,66.06203856777528,40.668506187094835,17.066712584938305,81.12421629639988,150.30650201246522,-61.09945530849521,-40.14381199993255,-138.2854248998976,-0.9148031509994408,-3.210242997505053,0.47428686219365207,53.15628766572921,48.0,23.833926505123827,0.8437123342707915,6.0,0.6591000401767778,20.0,0.42828445158698275,35.0,0.2776215347529128,44.5,0.19325030132583368,53.0,0.1006428284451587,59.0,0.05825632784250703,63.5,0.47147448774608275,0.46303736440337484,0.5045141874462596,0.27922860586580955,0.5827641623141824,0.32393381496154744,0.36862193652069103,0.3451185214945761,0.5164649591894174,0.1599035757332262,0.40116512655685016,0.2849982098102399,0.18501406187223784,0.17014865407794294,0.5209276018099548,terminal_win_rate,0.47428686219365207
ALL,15m,FULL_ALIGNMENT,15,422,31.648658919803456,18.862996682954545,7.100528809401152,40.96203386276143,73.3883742779416,-25.60350501738328,-16.699849442953774,-58.15261126483606,1.8483857102974453,-1.2277412684424949,0.47393364928909953,6.931279620853081,6.0,19.17151589944404,0.6563981042654028,2.0,0.42890995260663506,5.0,0.1895734597156398,7.5,0.0947867298578199,8.0,0.04739336492890995,7.0,0.02132701421800948,7.0,0.011848341232227487,7.0,0.35071090047393366,0.2677725118483412,0.5670498084291188,0.14928909952606634,0.3175355450236967,0.3197969543147208,0.17772511848341233,0.12085308056872038,0.5952380952380952,0.04265402843601896,0.13507109004739337,0.24,0.04739336492890995,0.02843601895734597,0.625,terminal_win_rate,0.47393364928909953
ALL,15m,FULL_ALIGNMENT,30,422,44.18781739166564,28.169241129823995,10.300698538256437,57.4849057084692,99.0240574790343,-37.92555621816016,-22.51305624274169,-93.92078599622111,0.25834529860605315,-1.8189414085384437,0.47393364928909953,13.637440758293838,13.0,11.308010989937873,0.7582938388625592,3.0,0.5402843601895735,7.0,0.3009478672985782,12.0,0.1872037914691943,15.0,0.0995260663507109,17.0,0.04739336492890995,17.5,0.02132701421800948,11.0,0.4265402843601896,0.3412322274881517,0.5555555555555556,0.22274881516587677,0.41232227488151657,0.35074626865671643,0.2796208530805687,0.19194312796208532,0.592964824120603,0.09004739336492891,0.23459715639810427,0.2773722627737226,0.0995260663507109,0.07582938388625593,0.5675675675675675,terminal_win_rate,0.47393364928909953
ALL,5m,FULL_ALIGNMENT,15,766,28.735337121236242,16.362319307746674,6.117571206998851,35.04675773151888,64.69782334121987,-25.425205855644368,-16.492825583795945,-56.68943522117886,1.068379549088841,-1.0547780499758908,0.47389033942558745,7.026109660574413,6.0,47.59887754279099,0.6553524804177546,3.0,0.36553524804177545,5.0,0.1566579634464752,6.5,0.08093994778067885,6.5,0.04046997389033943,7.0,0.020887728459530026,8.0,0.010443864229765013,10.5,0.3093994778067885,0.26631853785900783,0.5374149659863946,0.13315926892950392,0.3028720626631854,0.30538922155688625,0.15013054830287206,0.1227154046997389,0.5502392344497608,0.03655352480417755,0.13315926892950392,0.2153846153846154,0.04046997389033943,0.03655352480417755,0.5254237288135594,terminal_win_rate,0.47389033942558745
ALL,5m,DAILY_4H_1H_15M,15,766,28.735337121236242,16.362319307746674,6.117571206998851,35.04675773151888,64.69782334121987,-25.425205855644368,-16.492825583795945,-56.68943522117886,1.068379549088841,-1.0547780499758908,0.47389033942558745,7.026109660574413,6.0,47.59887754279099,0.6553524804177546,3.0,0.36553524804177545,5.0,0.1566579634464752,6.5,0.08093994778067885,6.5,0.04046997389033943,7.0,0.020887728459530026,8.0,0.010443864229765013,10.5,0.3093994778067885,0.26631853785900783,0.5374149659863946,0.13315926892950392,0.3028720626631854,0.30538922155688625,0.15013054830287206,0.1227154046997389,0.5502392344497608,0.03655352480417755,0.13315926892950392,0.2153846153846154,0.04046997389033943,0.03655352480417755,0.5254237288135594,terminal_win_rate,0.47389033942558745
ALL,5m,DAILY_4H,30,2878,34.75741128610511,20.358146117716025,8.362702155165213,42.163279220464034,77.51317184681295,-30.92021315917226,-20.488032028833093,-71.1348984345469,0.5229310754358629,-1.4565280545908443,0.4722029186935372,13.939193884642112,13.0,45.37319066609401,0.7098679638637942,4.0,0.42981236970118136,9.0,0.20465601111883253,13.0,0.10701876302988186,15.0,0.05941626129256428,15.0,0.02501737317581654,16.5,0.01389854065323141,17.0,0.35649756775538566,0.34537873523280055,0.5079207920792079,0.16191799861014594,0.3957609451007644,0.2903426791277259,0.19249478804725503,0.16990965948575398,0.5311601150527325,0.054204308547602505,0.1834607366226546,0.22807017543859648,0.05941626129256428,0.046907574704656015,0.5588235294117647,terminal_win_rate,0.4722029186935372
ALL,5m,DAILY_4H,120,2878,70.18006001259889,42.70470207028643,17.515433182228037,87.24022260298725,159.15625530958428,-64.82710308689066,-42.68829136064522,-147.79651575842024,-2.962353451505773,-3.567978769663527,0.4722029186935372,52.28978457261987,46.0,24.475207499906297,0.8485059068797777,6.0,0.6692147324530924,19.0,0.4457956914523975,34.0,0.29673384294649063,44.5,0.21056289089645588,52.0,0.10945100764419737,60.0,0.06393328700486449,59.0,0.4718554551772064,0.4735927727588603,0.49908122013965456,0.28422515635858236,0.5896455872133426,0.32524850894632207,0.3783877692842252,0.3533703961084086,0.5170940170940171,0.17164697706740792,0.41452397498262683,0.2928275044457617,0.20152883947185546,0.18241834607366225,0.5248868778280543,terminal_win_rate,0.4722029186935372
ALL,1m,DAILY_4H_1H,240,8600,110.58836535549368,66.12637719206282,28.194846821433806,136.73252633799316,261.2412041955375,-97.61936963653693,-66.61787938067488,-219.20786559339388,-1.7870947667572876,-5.8234006562157825,0.4705813953488372,106.13116279069767,95.5,33.9532821712473,0.9036046511627907,6.0,0.7756976744186046,23.0,0.5938372093023255,50.0,0.4543023255813953,70.0,0.3524418604651163,85.0,0.22267441860465118,103.0,0.15267441860465117,118.0,0.5058139534883721,0.4797674418604651,0.5132137800849458,0.3317441860465116,0.63,0.34494015233949943,0.4653488372093023,0.43732558139534883,0.5155223496071106,0.25546511627906976,0.5409302325581395,0.32077675573076364,0.3177906976744186,0.2990697674418605,0.5151743638077285,terminal_win_rate,0.4705813953488372
ALL,15m,DAILY_ONLY,60,1633,49.10982733023222,30.967329467412874,11.725715092201217,63.23907455012767,114.89096495128014,-44.16642991493629,-29.12347047445141,-104.15029675754138,-0.8286351191110167,-2.8141378554402685,0.4684629516227802,25.925903245560317,23.0,26.69899330089964,0.7819963257807716,4.0,0.5676668707899571,11.0,0.33006736068585424,19.0,0.19779546846295162,23.0,0.12614819350887937,28.5,0.062461726883037354,32.5,0.030006123698714023,33.0,0.4396815676668708,0.4164115125535824,0.5135908440629471,0.23637477036129823,0.5076546233925291,0.3176954732510288,0.30067360685854255,0.25107164727495407,0.5449500554938956,0.11512553582363748,0.28046540110226575,0.29102167182662536,0.12308634415186773,0.09920391916717697,0.5537190082644629,terminal_win_rate,0.4684629516227802
ALL,15m,DAILY_ONLY,120,1633,68.90129322808309,43.29994607931154,16.524183831545525,89.29634480295378,162.73673823041523,-63.723112783696,-42.80718678403406,-145.42402733388758,1.0001614954236797,-3.823245331616709,0.46540110226576853,52.15003061849357,46.0,24.492930477708484,0.8401714635639926,5.0,0.6619718309859155,16.0,0.451316595223515,32.0,0.30985915492957744,41.0,0.22106552357624004,50.0,0.1200244947948561,58.5,0.06429883649724434,66.0,0.4782608695652174,0.4580526638089406,0.5107913669064749,0.29393753827311697,0.5793018983466014,0.33660589060308554,0.39069197795468463,0.3533374157991427,0.5251028806584362,0.18187385180649113,0.41334966319657074,0.3055555555555556,0.2106552357624005,0.1745254133496632,0.5468998410174881,terminal_win_rate,0.46540110226576853
ALL,5m,DAILY_4H_1H,30,1650,39.565056708455984,22.548244662369264,9.405994882801249,46.40149142813466,89.69043515335368,-33.3352194120573,-21.80686417521116,-77.06335802880504,1.0357196501173975,-2.0988413802341954,0.4624242424242424,13.52909090909091,12.0,58.42139208897563,0.7381818181818182,3.0,0.46,8.0,0.23030303030303031,13.0,0.1296969696969697,14.0,0.07757575757575758,16.0,0.03575757575757576,17.0,0.02,17.0,0.37393939393939396,0.35454545454545455,0.5133111480865225,0.17939393939393938,0.4103030303030303,0.30421377183967113,0.21636363636363637,0.17515151515151514,0.5526315789473685,0.0703030303030303,0.19454545454545455,0.2654462242562929,0.07757575757575758,0.05818181818181818,0.5714285714285714,terminal_win_rate,0.4624242424242424
ALL,5m,DAILY_4H_1H,60,1650,56.968844565627315,32.85511289247811,13.213639652567277,67.20779508165076,123.03222271105189,-47.69809188424003,-31.569070806552467,-109.82174634020137,-0.6877839325674149,-4.039410131010945,0.4581818181818182,26.10969696969697,22.0,28.449336150567202,0.813939393939394,4.0,0.5836363636363636,13.0,0.3496969696969697,21.0,0.21696969696969698,24.0,0.14606060606060606,29.0,0.07393939393939394,31.5,0.04666666666666667,33.0,0.43757575757575756,0.42848484848484847,0.5052484254723583,0.24242424242424243,0.5230303030303031,0.3167062549485352,0.3103030303030303,0.26545454545454544,0.5389473684210526,0.12484848484848485,0.30363636363636365,0.2913719943422914,0.14242424242424243,0.10424242424242425,0.5773955773955773,terminal_win_rate,0.4581818181818182
ALL,1h,DAILY_ONLY,120,365,73.23940465060532,39.09590714722189,16.20175773786814,90.91657914787498,182.7491425795711,-64.57456169706177,-45.91090257807351,-155.99755068386045,6.272433765051537,-4.957612413861723,0.4575342465753425,50.276712328767125,42.0,5.713836935181609,0.8410958904109589,6.0,0.6520547945205479,14.0,0.42191780821917807,27.0,0.3095890410958904,36.0,0.2219178082191781,41.0,0.12876712328767123,63.0,0.08767123287671233,73.5,0.4575342465753425,0.4794520547945205,0.48830409356725146,0.26575342465753427,0.5945205479452055,0.3089171974522293,0.34794520547945207,0.3835616438356164,0.4756554307116105,0.1726027397260274,0.4410958904109589,0.28125,0.21643835616438356,0.20273972602739726,0.5163398692810458,terminal_win_rate,0.4575342465753425
ALL,5m,DAILY_4H_1H,240,1650,110.6748359419023,67.27922500094908,28.49721873076472,139.86445200659227,270.3064651616645,-97.91891277453551,-66.6219880114266,-216.41564160093498,-1.5920692207758669,-8.93411688336565,0.45696969696969697,102.44121212121212,88.0,23.84198894570473,0.9066666666666666,5.0,0.78,21.0,0.6139393939393939,49.0,0.46060606060606063,65.0,0.35515151515151516,80.0,0.23030303030303031,97.0,0.16,115.0,0.4909090909090909,0.4951515151515152,0.49784880147510757,0.33151515151515154,0.6387878787878788,0.34166146158650845,0.4793939393939394,0.4303030303030303,0.5269820119920053,0.25696969696969696,0.54,0.3224334600760456,0.3212121212121212,0.29393939393939394,0.5221674876847291,terminal_win_rate,0.45696969696969697
ALL,5m,DAILY_4H_1H,120,1650,78.68472056353278,46.702720708301506,19.098096613721083,96.83122601255923,184.86185677775538,-70.04073728120372,-46.98153501767888,-155.35806199717084,-5.080868968907932,-5.999913129750567,0.4527272727272727,50.98909090909091,43.0,21.560770359219113,0.8612121212121212,5.0,0.6848484848484848,16.0,0.4824242424242424,32.5,0.33151515151515154,42.0,0.2387878787878788,49.0,0.13454545454545455,54.5,0.08242424242424243,57.0,0.47333333333333333,0.4818181818181818,0.49555837563451777,0.3,0.6036363636363636,0.3319919517102616,0.4084848484848485,0.36303030303030304,0.5294579732914375,0.1921212121212121,0.43575757575757573,0.305984555984556,0.22606060606060607,0.19272727272727272,0.5397973950795948,terminal_win_rate,0.4527272727272727
ALL,1h,DAILY_4H,120,168,87.93267414929373,42.68314004782225,17.6014194440971,101.63219759100117,243.20895301558124,-61.50803051449735,-46.75102985028712,-143.29352419955242,17.85523048655263,-5.298090108818987,0.4523809523809524,51.351190476190474,42.0,6.200519590456131,0.875,6.0,0.7083333333333334,11.0,0.44642857142857145,25.0,0.35119047619047616,31.0,0.25595238095238093,37.0,0.17261904761904762,45.0,0.11904761904761904,73.5,0.49404761904761907,0.4523809523809524,0.5220125786163522,0.26785714285714285,0.6071428571428571,0.30612244897959184,0.36904761904761907,0.38095238095238093,0.49206349206349204,0.20833333333333334,0.44642857142857145,0.3181818181818182,0.25595238095238093,0.16666666666666666,0.6056338028169014,terminal_win_rate,0.4523809523809524
ALL,1h,DAILY_4H_1H,120,168,87.93267414929373,42.68314004782225,17.6014194440971,101.63219759100117,243.20895301558124,-61.50803051449735,-46.75102985028712,-143.29352419955242,17.85523048655263,-5.298090108818987,0.4523809523809524,51.351190476190474,42.0,6.200519590456131,0.875,6.0,0.7083333333333334,11.0,0.44642857142857145,25.0,0.35119047619047616,31.0,0.25595238095238093,37.0,0.17261904761904762,45.0,0.11904761904761904,73.5,0.49404761904761907,0.4523809523809524,0.5220125786163522,0.26785714285714285,0.6071428571428571,0.30612244897959184,0.36904761904761907,0.38095238095238093,0.49206349206349204,0.20833333333333334,0.44642857142857145,0.3181818181818182,0.25595238095238093,0.16666666666666666,0.6056338028169014,terminal_win_rate,0.4523809523809524
ALL,15m,DAILY_4H,60,904,51.60553685146265,32.99054595527484,11.749518556587457,67.10634146343929,121.31079457675736,-46.611987962149165,-30.964267228315578,-112.76368022883874,-3.1163088015021767,-5.241948345256486,0.4502212389380531,25.759955752212388,22.0,16.50312139344396,0.7842920353982301,4.0,0.5707964601769911,10.0,0.3495575221238938,17.0,0.21902654867256638,22.0,0.14601769911504425,26.0,0.07300884955752213,30.0,0.03650442477876106,32.0,0.4269911504424779,0.42035398230088494,0.5039164490861618,0.24225663716814158,0.5077433628318584,0.3230088495575221,0.31305309734513276,0.25663716814159293,0.5495145631067961,0.13274336283185842,0.2942477876106195,0.31088082901554404,0.14380530973451328,0.10398230088495575,0.5803571428571429,terminal_win_rate,0.4502212389380531
ALL,15m,DAILY_4H_1H,120,446,82.11158938697754,54.90638929858905,18.80933347150282,109.57721047423318,196.95809215493853,-73.85554517495133,-53.412631628358966,-162.29711914099443,2.6137877325130394,-7.816708964863417,0.4484304932735426,52.17488789237668,42.0,8.658118250510753,0.8587443946188341,4.0,0.7130044843049327,10.0,0.5291479820627802,26.0,0.38565022421524664,32.5,0.2757847533632287,44.0,0.16367713004484305,58.0,0.09192825112107623,61.0,0.5134529147982063,0.4327354260089686,0.542654028436019,0.3430493273542601,0.5582959641255605,0.3805970149253731,0.45067264573991034,0.37668161434977576,0.5447154471544715,0.2242152466367713,0.47085201793721976,0.3225806451612903,0.2623318385650224,0.2242152466367713,0.5391705069124424,terminal_win_rate,0.4484304932735426
ALL,15m,DAILY_4H_1H,60,446,58.49776161828783,39.58463780099341,12.996980625151199,78.25939148069283,130.80431388892254,-52.51622110258153,-32.212217869085904,-123.67641885110802,-5.341213454895342,-6.88490169675593,0.4484304932735426,24.80269058295964,22.0,15.526665790298122,0.8094170403587444,3.0,0.6345291479820628,8.0,0.4013452914798206,16.0,0.2645739910313901,19.5,0.1681614349775785,26.0,0.08520179372197309,30.0,0.04484304932735426,31.5,0.47757847533632286,0.40358744394618834,0.5419847328244275,0.27802690582959644,0.5089686098654709,0.35327635327635326,0.35874439461883406,0.2937219730941704,0.5498281786941581,0.15246636771300448,0.34977578475336324,0.30357142857142855,0.16591928251121077,0.14349775784753363,0.5362318840579711,terminal_win_rate,0.4484304932735426
ALL,15m,DAILY_4H_1H_15M,120,446,82.11158938697754,54.90638929858905,18.80933347150282,109.57721047423318,196.95809215493853,-73.85554517495133,-53.412631628358966,-162.29711914099443,2.6137877325130394,-7.816708964863417,0.4484304932735426,52.17488789237668,42.0,8.658118250510753,0.8587443946188341,4.0,0.7130044843049327,10.0,0.5291479820627802,26.0,0.38565022421524664,32.5,0.2757847533632287,44.0,0.16367713004484305,58.0,0.09192825112107623,61.0,0.5134529147982063,0.4327354260089686,0.542654028436019,0.3430493273542601,0.5582959641255605,0.3805970149253731,0.45067264573991034,0.37668161434977576,0.5447154471544715,0.2242152466367713,0.47085201793721976,0.3225806451612903,0.2623318385650224,0.2242152466367713,0.5391705069124424,terminal_win_rate,0.4484304932735426
ALL,15m,FULL_ALIGNMENT,240,422,122.15845211943733,78.4745568096179,30.64996422125099,168.67286135177127,284.1837719663894,-98.88082263959384,-72.80120380209308,-212.09254695509307,8.738493977592668,-3.2892363350273124,0.47393364928909953,109.84834123222748,107.0,8.66795538784563,0.9052132701421801,4.0,0.7890995260663507,11.0,0.6516587677725119,33.0,0.509478672985782,53.0,0.4075829383886256,78.0,0.2843601895734597,102.0,0.1943127962085308,120.5,0.5213270142180095,0.45734597156398105,0.5326876513317191,0.36729857819905215,0.5995260663507109,0.3799019607843137,0.5071090047393365,0.41232227488151657,0.5515463917525774,0.2938388625592417,0.5521327014218009,0.3473389355742297,0.35545023696682465,0.3175355450236967,0.528169014084507,target_50bps_hit_rate,0.6516587677725119
ALL,15m,DAILY_4H_1H,240,446,120.82898572088331,78.4745568096179,31.031246683412284,165.2868988915568,280.16141536125974,-99.21716652896852,-72.1554206054198,-215.0819226537787,7.0034310803644635,-2.607728249284791,0.4798206278026906,110.45739910313901,107.5,8.578186780773699,0.9035874439461884,4.0,0.7914798206278026,11.0,0.6502242152466368,34.5,0.5089686098654709,56.0,0.4125560538116592,84.5,0.2802690582959641,102.0,0.18834080717488788,122.0,0.531390134529148,0.4484304932735426,0.5423340961098398,0.3744394618834081,0.5896860986547086,0.3883720930232558,0.5112107623318386,0.40582959641255606,0.5574572127139364,0.30269058295964124,0.5448430493273543,0.35714285714285715,0.3632286995515695,0.31614349775784756,0.5346534653465347,target_50bps_hit_rate,0.6502242152466368
ALL,15m,DAILY_4H_1H_15M,240,446,120.82898572088331,78.4745568096179,31.031246683412284,165.2868988915568,280.16141536125974,-99.21716652896852,-72.1554206054198,-215.0819226537787,7.0034310803644635,-2.607728249284791,0.4798206278026906,110.45739910313901,107.5,8.578186780773699,0.9035874439461884,4.0,0.7914798206278026,11.0,0.6502242152466368,34.5,0.5089686098654709,56.0,0.4125560538116592,84.5,0.2802690582959641,102.0,0.18834080717488788,122.0,0.531390134529148,0.4484304932735426,0.5423340961098398,0.3744394618834081,0.5896860986547086,0.3883720930232558,0.5112107623318386,0.40582959641255606,0.5574572127139364,0.30269058295964124,0.5448430493273543,0.35714285714285715,0.3632286995515695,0.31614349775784756,0.5346534653465347,target_50bps_hit_rate,0.6502242152466368
ALL,1m,FULL_ALIGNMENT,240,2799,134.37512744225495,78.56559449263001,32.391429723216405,161.86456921830404,313.13359516455506,-102.42327020891715,-72.97931262529201,-233.71194956257477,5.214941065203705,-8.251603954106956,0.46266523758485173,101.61343336906037,88.0,36.54080220742439,0.9146123615576992,5.0,0.8002858163629868,18.0,0.6463022508038585,40.0,0.5173276170060735,59.0,0.4137191854233655,68.0,0.2736691675598428,82.0,0.19506966773847803,94.5,0.5173276170060735,0.4715969989281886,0.523121387283237,0.34798142193640585,0.6230796713111826,0.35835172921265634,0.49874955341193283,0.42908181493390496,0.5375433192144783,0.29403358342265096,0.5476956055734191,0.349320882852292,0.36441586280814575,0.30439442658092175,0.5448717948717948,target_50bps_hit_rate,0.6463022508038585
ALL,5m,DAILY_4H_1H_15M,240,766,123.62773412645163,70.95626710096225,29.676110098915686,160.2349705542949,294.3516269229862,-104.69717836658008,-70.96205436801063,-231.49932963422714,-2.6409704927841284,-11.101255604106797,0.4516971279373368,98.7597911227154,77.0,7.200110629710931,0.9073107049608355,5.0,0.7845953002610966,17.0,0.6331592689295039,40.0,0.48825065274151436,62.0,0.3785900783289817,75.5,0.26370757180156656,89.5,0.1906005221932115,97.5,0.4934725848563969,0.489556135770235,0.50199203187251,0.34986945169712796,0.6279373368146214,0.35781041388518026,0.4908616187989556,0.43342036553524804,0.5310734463276836,0.26240208877284593,0.5600522193211488,0.319047619047619,0.3433420365535248,0.30809399477806787,0.5270541082164328,target_50bps_hit_rate,0.6331592689295039
ALL,5m,FULL_ALIGNMENT,240,766,123.62773412645163,70.95626710096225,29.676110098915686,160.2349705542949,294.3516269229862,-104.69717836658008,-70.96205436801063,-231.49932963422714,-2.6409704927841284,-11.101255604106797,0.4516971279373368,98.7597911227154,77.0,7.200110629710931,0.9073107049608355,5.0,0.7845953002610966,17.0,0.6331592689295039,40.0,0.48825065274151436,62.0,0.3785900783289817,75.5,0.26370757180156656,89.5,0.1906005221932115,97.5,0.4934725848563969,0.489556135770235,0.50199203187251,0.34986945169712796,0.6279373368146214,0.35781041388518026,0.4908616187989556,0.43342036553524804,0.5310734463276836,0.26240208877284593,0.5600522193211488,0.319047619047619,0.3433420365535248,0.30809399477806787,0.5270541082164328,target_50bps_hit_rate,0.6331592689295039
ALL,5m,DAILY_4H_1H,240,1650,110.6748359419023,67.27922500094908,28.49721873076472,139.86445200659227,270.3064651616645,-97.91891277453551,-66.6219880114266,-216.41564160093498,-1.5920692207758669,-8.93411688336565,0.45696969696969697,102.44121212121212,88.0,23.84198894570473,0.9066666666666666,5.0,0.78,21.0,0.6139393939393939,49.0,0.46060606060606063,65.0,0.35515151515151516,80.0,0.23030303030303031,97.0,0.16,115.0,0.4909090909090909,0.4951515151515152,0.49784880147510757,0.33151515151515154,0.6387878787878788,0.34166146158650845,0.4793939393939394,0.4303030303030303,0.5269820119920053,0.25696969696969696,0.54,0.3224334600760456,0.3212121212121212,0.29393939393939394,0.5221674876847291,target_50bps_hit_rate,0.6139393939393939
ALL,1h,DAILY_4H_1H_15M,240,162,124.15235295680516,68.17926210274993,31.191683653090664,148.14005050102108,342.42273485603187,-92.27194247517245,-60.20755300677139,-194.74161146161006,21.142216594567746,2.5529632458243245,0.5246913580246914,111.41975308641975,105.0,6.854359377345699,0.9197530864197531,6.0,0.8333333333333334,16.0,0.6111111111111112,43.0,0.4876543209876543,48.0,0.35185185185185186,62.0,0.25308641975308643,77.0,0.17901234567901234,92.0,0.5308641975308642,0.4506172839506173,0.5408805031446541,0.30246913580246915,0.6419753086419753,0.3202614379084967,0.4382716049382716,0.4444444444444444,0.4965034965034965,0.24691358024691357,0.5432098765432098,0.3125,0.3333333333333333,0.2839506172839506,0.54,target_50bps_hit_rate,0.6111111111111112
ALL,1m,DAILY_4H_1H_15M,240,4826,124.69501950047164,72.70058957558834,29.548180125666402,154.99671024648995,295.0034132642143,-100.9904065941003,-70.85187244867231,-231.36911066953925,1.3052015457135635,-8.698826974588014,0.4579361790302528,103.11956071280564,90.5,36.592072596247846,0.9077911313717364,6.0,0.7836717778698715,20.0,0.6079569001243266,43.0,0.4875673435557397,63.0,0.38955656858682136,76.5,0.260049730625777,95.0,0.1825528387898881,109.0,0.5105677579776212,0.4749274761707418,0.5180824222035324,0.3338168255283879,0.6319933692498964,0.34563398412357865,0.4709904682967261,0.4378367177786987,0.5182398540811674,0.27414007459593864,0.547244094488189,0.3337537840565086,0.3458350600911728,0.3050145047658516,0.5313594396688952,target_50bps_hit_rate,0.6079569001243266
ALL,1h,FULL_ALIGNMENT,240,158,125.57595159222598,67.94801580400801,31.191683653090664,158.0834857179769,343.532463503867,-93.06619275772725,-60.69409872895226,-193.60791183603044,21.934956765304285,2.5529632458243245,0.5253164556962026,111.37341772151899,102.5,6.90972451375067,0.9177215189873418,6.0,0.8291139240506329,16.0,0.6075949367088608,40.0,0.4873417721518987,46.0,0.36075949367088606,62.0,0.25949367088607594,77.0,0.18354430379746836,92.0,0.5253164556962026,0.45569620253164556,0.535483870967742,0.2974683544303797,0.6455696202531646,0.31543624161073824,0.43670886075949367,0.44936708860759494,0.4928571428571429,0.25316455696202533,0.5506329113924051,0.31496062992125984,0.34177215189873417,0.2848101265822785,0.5454545454545454,target_50bps_hit_rate,0.6075949367088608
ALL,1h,DAILY_4H,240,168,122.39006122251885,68.17926210274993,30.40571596263586,143.20502228861608,338.4140691575549,-95.40898680432576,-60.69409872895226,-196.82603320400895,16.497276179527535,2.1661127132388547,0.5178571428571429,110.69047619047619,105.0,6.919765516294397,0.9166666666666666,6.0,0.8273809523809523,16.0,0.6071428571428571,42.0,0.4880952380952381,47.0,0.35714285714285715,55.5,0.25,84.0,0.17261904761904762,92.0,0.5238095238095238,0.4583333333333333,0.5333333333333333,0.30357142857142855,0.6428571428571429,0.32075471698113206,0.43452380952380953,0.4523809523809524,0.4899328859060403,0.25,0.5476190476190477,0.31343283582089554,0.3392857142857143,0.2916666666666667,0.5377358490566038,target_50bps_hit_rate,0.6071428571428571
ALL,1m,DAILY_4H_1H,240,8600,110.58836535549368,66.12637719206282,28.194846821433806,136.73252633799316,261.2412041955375,-97.61936963653693,-66.61787938067488,-219.20786559339388,-1.7870947667572876,-5.8234006562157825,0.4705813953488372,106.13116279069767,95.5,33.9532821712473,0.9036046511627907,6.0,0.7756976744186046,23.0,0.5938372093023255,50.0,0.4543023255813953,70.0,0.3524418604651163,85.0,0.22267441860465118,103.0,0.15267441860465117,118.0,0.5058139534883721,0.4797674418604651,0.5132137800849458,0.3317441860465116,0.63,0.34494015233949943,0.4653488372093023,0.43732558139534883,0.5155223496071106,0.25546511627906976,0.5409302325581395,0.32077675573076364,0.3177906976744186,0.2990697674418605,0.5151743638077285,target_50bps_hit_rate,0.5938372093023255
ALL,1m,FULL_ALIGNMENT,120,2799,92.42754690286708,55.33383559691352,22.402381600212795,116.12002231271234,221.88445322107023,-72.98587082751088,-48.611381325158746,-167.69476081237488,4.235704801480967,-2.7467579250728402,0.48160057163272596,53.11611289746338,48.0,42.52019430582348,0.8749553411932833,5.0,0.7259735619864237,14.0,0.5344765987852804,29.0,0.3865666309396213,37.0,0.2897463379778492,43.0,0.17970703822793854,57.0,0.11825652018578063,62.0,0.5080385852090032,0.45837799214005004,0.5256931608133086,0.32618792425866383,0.5966416577349053,0.3534649632210608,0.4437299035369775,0.3762057877813505,0.5411764705882353,0.22615219721329047,0.44765987852804573,0.3356309650053022,0.2675955698463737,0.20507324044301536,0.5661375661375662,target_50bps_hit_rate,0.5344765987852804
ALL,15m,DAILY_4H_1H,120,446,82.11158938697754,54.90638929858905,18.80933347150282,109.57721047423318,196.95809215493853,-73.85554517495133,-53.412631628358966,-162.29711914099443,2.6137877325130394,-7.816708964863417,0.4484304932735426,52.17488789237668,42.0,8.658118250510753,0.8587443946188341,4.0,0.7130044843049327,10.0,0.5291479820627802,26.0,0.38565022421524664,32.5,0.2757847533632287,44.0,0.16367713004484305,58.0,0.09192825112107623,61.0,0.5134529147982063,0.4327354260089686,0.542654028436019,0.3430493273542601,0.5582959641255605,0.3805970149253731,0.45067264573991034,0.37668161434977576,0.5447154471544715,0.2242152466367713,0.47085201793721976,0.3225806451612903,0.2623318385650224,0.2242152466367713,0.5391705069124424,target_50bps_hit_rate,0.5291479820627802
ALL,15m,DAILY_4H_1H_15M,120,446,82.11158938697754,54.90638929858905,18.80933347150282,109.57721047423318,196.95809215493853,-73.85554517495133,-53.412631628358966,-162.29711914099443,2.6137877325130394,-7.816708964863417,0.4484304932735426,52.17488789237668,42.0,8.658118250510753,0.8587443946188341,4.0,0.7130044843049327,10.0,0.5291479820627802,26.0,0.38565022421524664,32.5,0.2757847533632287,44.0,0.16367713004484305,58.0,0.09192825112107623,61.0,0.5134529147982063,0.4327354260089686,0.542654028436019,0.3430493273542601,0.5582959641255605,0.3805970149253731,0.45067264573991034,0.37668161434977576,0.5447154471544715,0.2242152466367713,0.47085201793721976,0.3225806451612903,0.2623318385650224,0.2242152466367713,0.5391705069124424,target_50bps_hit_rate,0.5291479820627802
ALL,15m,FULL_ALIGNMENT,120,422,83.53261884267553,54.90638929858905,18.24278522476408,110.53367860957397,198.6581227159934,-74.05236473334243,-54.346634408297675,-159.7203098283002,3.922541655764018,-8.672582878881396,0.4431279620853081,52.208530805687204,42.5,7.268231585079693,0.8601895734597157,4.0,0.7109004739336493,10.0,0.5284360189573459,26.0,0.3933649289099526,32.5,0.2843601895734597,45.0,0.16824644549763032,58.0,0.0971563981042654,61.0,0.504739336492891,0.44075829383886256,0.5338345864661654,0.33649289099526064,0.566350710900474,0.37270341207349084,0.44786729857819907,0.3815165876777251,0.54,0.22985781990521326,0.4786729857819905,0.32441471571906355,0.27014218009478674,0.22274881516587677,0.5480769230769231,target_50bps_hit_rate,0.5284360189573459
ALL,5m,FULL_ALIGNMENT,120,766,91.14828990192399,52.16107780355195,20.561333217607448,102.74501936470226,216.53851743667963,-74.89729011877982,-52.40316564165681,-167.3954148180834,-5.322783170460087,-7.008019156126699,0.4490861618798956,49.20626631853786,41.0,7.25712133691119,0.8668407310704961,4.0,0.6984334203655352,14.0,0.5143603133159269,27.0,0.3524804177545692,35.5,0.25718015665796345,45.0,0.1671018276762402,54.0,0.10966057441253264,52.5,0.47911227154047,0.47911227154047,0.5,0.32114882506527415,0.5966057441253264,0.34992887624466573,0.42428198433420367,0.3825065274151436,0.5258899676375405,0.2010443864229765,0.47911227154047,0.29558541266794625,0.24281984334203655,0.21279373368146215,0.5329512893982808,target_50bps_hit_rate,0.5143603133159269
ALL,5m,DAILY_4H_1H_15M,120,766,91.14828990192399,52.16107780355195,20.561333217607448,102.74501936470226,216.53851743667963,-74.89729011877982,-52.40316564165681,-167.3954148180834,-5.322783170460087,-7.008019156126699,0.4490861618798956,49.20626631853786,41.0,7.25712133691119,0.8668407310704961,4.0,0.6984334203655352,14.0,0.5143603133159269,27.0,0.3524804177545692,35.5,0.25718015665796345,45.0,0.1671018276762402,54.0,0.10966057441253264,52.5,0.47911227154047,0.47911227154047,0.5,0.32114882506527415,0.5966057441253264,0.34992887624466573,0.42428198433420367,0.3825065274151436,0.5258899676375405,0.2010443864229765,0.47911227154047,0.29558541266794625,0.24281984334203655,0.21279373368146215,0.5329512893982808,target_50bps_hit_rate,0.5143603133159269
ALL,1m,DAILY_4H_1H_15M,120,4826,85.60525913047947,49.39879049583262,20.519483809109396,103.15752390641808,201.9760470017795,-70.88900380343975,-46.87859285791907,-164.9684472397861,1.8216978043341057,-3.3487562874934262,0.4763779527559055,53.516991297140486,49.0,37.5799904006139,0.8707003729796934,5.0,0.7034811438043929,16.0,0.49668462494819726,30.0,0.3578532946539577,40.0,0.25922088686282635,48.0,0.160588479071695,61.0,0.1013261500207211,66.0,0.4977206796518856,0.46062992125984253,0.5193513513513514,0.30708661417322836,0.5932449233319519,0.3410817031070196,0.4144218814753419,0.37588064649813513,0.5243838489774515,0.20430998756734356,0.4444674678823042,0.3149153625039923,0.24140074595938665,0.20576046415250726,0.5398517145505097,target_50bps_hit_rate,0.49668462494819726
ALL,5m,DAILY_4H_1H,120,1650,78.68472056353278,46.702720708301506,19.098096613721083,96.83122601255923,184.86185677775538,-70.04073728120372,-46.98153501767888,-155.35806199717084,-5.080868968907932,-5.999913129750567,0.4527272727272727,50.98909090909091,43.0,21.560770359219113,0.8612121212121212,5.0,0.6848484848484848,16.0,0.4824242424242424,32.5,0.33151515151515154,42.0,0.2387878787878788,49.0,0.13454545454545455,54.5,0.08242424242424243,57.0,0.47333333333333333,0.4818181818181818,0.49555837563451777,0.3,0.6036363636363636,0.3319919517102616,0.4084848484848485,0.36303030303030304,0.5294579732914375,0.1921212121212121,0.43575757575757573,0.305984555984556,0.22606060606060607,0.19272727272727272,0.5397973950795948,target_50bps_hit_rate,0.4824242424242424
ALL,1m,DAILY_4H_1H,120,8600,75.71758956990257,45.9555641642706,19.47091823821079,92.08199203056822,173.92048873116627,-67.86065667042486,-44.60058799380329,-155.97633840201794,-0.42019058924485136,-2.4008988419244037,0.48069767441860467,54.73139534883721,51.0,33.97351060088287,0.8646511627906976,6.0,0.688953488372093,18.0,0.47093023255813954,35.0,0.31883720930232556,44.0,0.22534883720930232,51.0,0.1291860465116279,62.0,0.07872093023255813,67.0,0.48965116279069765,0.46430232558139534,0.5132862018527548,0.3016279069767442,0.5891860465116279,0.33859809424357135,0.39988372093023256,0.37348837209302327,0.5170651029920312,0.18174418604651163,0.43372093023255814,0.2952956735310788,0.21220930232558138,0.19813953488372094,0.5171436667611221,target_50bps_hit_rate,0.47093023255813954
ALL,1h,DAILY_4H_1H,120,168,87.93267414929373,42.68314004782225,17.6014194440971,101.63219759100117,243.20895301558124,-61.50803051449735,-46.75102985028712,-143.29352419955242,17.85523048655263,-5.298090108818987,0.4523809523809524,51.351190476190474,42.0,6.200519590456131,0.875,6.0,0.7083333333333334,11.0,0.44642857142857145,25.0,0.35119047619047616,31.0,0.25595238095238093,37.0,0.17261904761904762,45.0,0.11904761904761904,73.5,0.49404761904761907,0.4523809523809524,0.5220125786163522,0.26785714285714285,0.6071428571428571,0.30612244897959184,0.36904761904761907,0.38095238095238093,0.49206349206349204,0.20833333333333334,0.44642857142857145,0.3181818181818182,0.25595238095238093,0.16666666666666666,0.6056338028169014,target_50bps_hit_rate,0.44642857142857145
ALL,1h,DAILY_4H,120,168,87.93267414929373,42.68314004782225,17.6014194440971,101.63219759100117,243.20895301558124,-61.50803051449735,-46.75102985028712,-143.29352419955242,17.85523048655263,-5.298090108818987,0.4523809523809524,51.351190476190474,42.0,6.200519590456131,0.875,6.0,0.7083333333333334,11.0,0.44642857142857145,25.0,0.35119047619047616,31.0,0.25595238095238093,37.0,0.17261904761904762,45.0,0.11904761904761904,73.5,0.49404761904761907,0.4523809523809524,0.5220125786163522,0.26785714285714285,0.6071428571428571,0.30612244897959184,0.36904761904761907,0.38095238095238093,0.49206349206349204,0.20833333333333334,0.44642857142857145,0.3181818181818182,0.25595238095238093,0.16666666666666666,0.6056338028169014,target_50bps_hit_rate,0.44642857142857145
ALL,1h,DAILY_4H_1H_15M,120,162,89.11774688044963,42.68314004782225,18.439275551601632,100.99565285604129,244.76745025078017,-60.365459205007355,-46.568146104402075,-122.56252610101936,19.250403924622766,-5.298090108818987,0.4506172839506173,51.30246913580247,42.5,6.185709276670037,0.8765432098765432,6.0,0.7098765432098766,11.0,0.4444444444444444,22.5,0.35185185185185186,29.0,0.25308641975308643,36.0,0.17901234567901234,45.0,0.12345679012345678,73.5,0.5,0.4444444444444444,0.5294117647058824,0.2654320987654321,0.6049382716049383,0.3049645390070922,0.37037037037037035,0.37037037037037035,0.5,0.2037037037037037,0.4382716049382716,0.3173076923076923,0.25308641975308643,0.15432098765432098,0.6212121212121212,target_50bps_hit_rate,0.4444444444444444
ALL,15m,FULL_ALIGNMENT,60,422,59.238386317653095,39.66398931258274,12.996980625151199,78.73761987524097,134.43318538638354,-52.80198338073407,-32.65966800437836,-123.41774446992792,-5.016174146843479,-7.438880971926132,0.44075829383886256,24.827014218009477,22.0,14.539099462868133,0.8104265402843602,3.0,0.6303317535545023,8.0,0.4075829383886256,16.0,0.27014218009478674,19.5,0.17298578199052134,26.0,0.08767772511848342,30.0,0.04739336492890995,31.5,0.46919431279620855,0.4099526066350711,0.5336927223719676,0.2796208530805687,0.5165876777251185,0.35119047619047616,0.36255924170616116,0.2938388625592417,0.5523465703971119,0.15639810426540285,0.35308056872037913,0.30697674418604654,0.17061611374407584,0.14691943127962084,0.5373134328358209,target_50bps_hit_rate,0.4075829383886256
ALL,1m,FULL_ALIGNMENT,60,2799,64.13927699199091,37.543561659882926,14.959662381751615,78.78663117818152,147.98239462717567,-50.635979799050546,-33.7186897880537,-115.43120715229716,3.1641687804760736,-2.0868671842799724,0.47874240800285817,27.02750982493748,25.0,40.899598764045145,0.8217220435869954,4.0,0.6237942122186495,11.0,0.40514469453376206,19.5,0.2618792425866381,23.0,0.18756698821007503,28.0,0.09717756341550554,33.0,0.0571632725973562,35.0,0.4715969989281886,0.43229724901750627,0.5217391304347826,0.2779564130046445,0.5462665237584852,0.3372345036844387,0.3579849946409432,0.2890317970703823,0.5532854776366648,0.16148624508753126,0.32833154698106465,0.3296863603209336,0.18220793140407288,0.11825652018578063,0.6064209274673008,target_50bps_hit_rate,0.40514469453376206
ALL,15m,DAILY_4H_1H,60,446,58.49776161828783,39.58463780099341,12.996980625151199,78.25939148069283,130.80431388892254,-52.51622110258153,-32.212217869085904,-123.67641885110802,-5.341213454895342,-6.88490169675593,0.4484304932735426,24.80269058295964,22.0,15.526665790298122,0.8094170403587444,3.0,0.6345291479820628,8.0,0.4013452914798206,16.0,0.2645739910313901,19.5,0.1681614349775785,26.0,0.08520179372197309,30.0,0.04484304932735426,31.5,0.47757847533632286,0.40358744394618834,0.5419847328244275,0.27802690582959644,0.5089686098654709,0.35327635327635326,0.35874439461883406,0.2937219730941704,0.5498281786941581,0.15246636771300448,0.34977578475336324,0.30357142857142855,0.16591928251121077,0.14349775784753363,0.5362318840579711,target_50bps_hit_rate,0.4013452914798206
ALL,15m,DAILY_4H_1H_15M,60,446,58.49776161828783,39.58463780099341,12.996980625151199,78.25939148069283,130.80431388892254,-52.51622110258153,-32.212217869085904,-123.67641885110802,-5.341213454895342,-6.88490169675593,0.4484304932735426,24.80269058295964,22.0,15.526665790298122,0.8094170403587444,3.0,0.6345291479820628,8.0,0.4013452914798206,16.0,0.2645739910313901,19.5,0.1681614349775785,26.0,0.08520179372197309,30.0,0.04484304932735426,31.5,0.47757847533632286,0.40358744394618834,0.5419847328244275,0.27802690582959644,0.5089686098654709,0.35327635327635326,0.35874439461883406,0.2937219730941704,0.5498281786941581,0.15246636771300448,0.34977578475336324,0.30357142857142855,0.16591928251121077,0.14349775784753363,0.5362318840579711,target_50bps_hit_rate,0.4013452914798206
ALL,5m,DAILY_4H_1H_15M,60,766,66.07196527336953,36.82592608053259,14.661306659401463,73.04544379481025,142.1773976443552,-51.22257876159141,-34.04501390266823,-121.57976771603018,2.3112192084136582,-4.674991404817752,0.45430809399477806,25.886422976501304,22.0,15.186398192298975,0.8237597911227154,4.0,0.6122715404699739,11.0,0.4007832898172324,19.0,0.24151436031331594,23.0,0.16449086161879894,26.0,0.09530026109660575,30.0,0.0639686684073107,31.0,0.45039164490861616,0.42689295039164493,0.5133928571428571,0.28067885117493474,0.52088772845953,0.3501628664495114,0.35117493472584854,0.2741514360313316,0.5615866388308977,0.13446475195822455,0.33159268929503916,0.28851540616246496,0.15926892950391644,0.11618798955613577,0.5781990521327014,target_50bps_hit_rate,0.4007832898172324
ALL,5m,FULL_ALIGNMENT,60,766,66.07196527336953,36.82592608053259,14.661306659401463,73.04544379481025,142.1773976443552,-51.22257876159141,-34.04501390266823,-121.57976771603018,2.3112192084136582,-4.674991404817752,0.45430809399477806,25.886422976501304,22.0,15.186398192298975,0.8237597911227154,4.0,0.6122715404699739,11.0,0.4007832898172324,19.0,0.24151436031331594,23.0,0.16449086161879894,26.0,0.09530026109660575,30.0,0.0639686684073107,31.0,0.45039164490861616,0.42689295039164493,0.5133928571428571,0.28067885117493474,0.52088772845953,0.3501628664495114,0.35117493472584854,0.2741514360313316,0.5615866388308977,0.13446475195822455,0.33159268929503916,0.28851540616246496,0.15926892950391644,0.11618798955613577,0.5781990521327014,target_50bps_hit_rate,0.4007832898172324
ALL,1m,DAILY_4H_1H_15M,60,4826,58.728723366180155,33.681724719341055,14.032507574285313,72.00051431409892,134.1888286424986,-49.14303237003351,-32.39550627304743,-111.59923637913406,2.6089049776509055,-1.4386449166009507,0.4850808122668877,27.73331951927062,26.0,34.36941728072314,0.8166183174471612,4.0,0.5965602983837547,12.0,0.37132200580190633,21.0,0.23684210526315788,25.0,0.15955242436800662,29.0,0.08019063406547866,34.0,0.04537919602154994,37.0,0.4593866556154165,0.4276833816825528,0.5178696566222845,0.2619146290924161,0.5317032739328637,0.3300261096605744,0.33257355988396187,0.2880232076253626,0.5358931552587646,0.13903854123497722,0.32552838789888106,0.2992863514719001,0.15582262743472855,0.11748860339825942,0.5701288855193328,target_50bps_hit_rate,0.37132200580190633
ALL,1h,FULL_ALIGNMENT,60,158,61.48578565642376,34.1689437790138,14.667053361080429,77.50399693452592,141.82147575845312,-43.32833134181316,-34.03816870729326,-84.4187642386871,14.681804121486657,-1.244954545410737,0.4873417721518987,25.670886075949365,24.5,15.042494094515245,0.8291139240506329,5.0,0.6075949367088608,9.0,0.3670886075949367,17.0,0.2848101265822785,24.0,0.17721518987341772,26.5,0.0949367088607595,32.0,0.056962025316455694,38.0,0.47468354430379744,0.4240506329113924,0.528169014084507,0.24050632911392406,0.5632911392405063,0.2992125984251969,0.3291139240506329,0.2721518987341772,0.5473684210526316,0.1518987341772152,0.3037974683544304,0.3333333333333333,0.17721518987341772,0.0759493670886076,0.7,target_50bps_hit_rate,0.3670886075949367
ALL,1h,DAILY_4H_1H_15M,60,162,60.460207958357586,32.79915738045092,13.360367560120157,77.27414004546796,139.1513492254271,-42.76292054907816,-33.805367277717764,-82.18097872628549,14.439489005964482,-0.39377353175440444,0.49382716049382713,25.617283950617285,24.5,14.795736787115926,0.8209876543209876,5.0,0.6049382716049383,9.0,0.35802469135802467,17.0,0.2777777777777778,24.0,0.1728395061728395,26.5,0.09259259259259259,32.0,0.05555555555555555,38.0,0.47530864197530864,0.41975308641975306,0.5310344827586206,0.2345679012345679,0.5555555555555556,0.296875,0.32098765432098764,0.2716049382716049,0.5416666666666666,0.14814814814814814,0.30246913580246915,0.3287671232876712,0.1728395061728395,0.07407407407407407,0.7,target_50bps_hit_rate,0.35802469135802467
ALL,1h,DAILY_4H_1H,60,168,59.846657719509324,31.650376268438364,12.880249294736078,77.40609917351927,133.75291766880025,-43.007688600580046,-33.39516376912488,-90.14422050618366,13.351157349632826,-1.244954545410737,0.4880952380952381,25.791666666666668,25.5,14.49609560034951,0.8154761904761905,5.0,0.6011904761904762,9.0,0.35714285714285715,17.0,0.27976190476190477,25.0,0.17857142857142858,28.0,0.08928571428571429,32.0,0.05357142857142857,38.0,0.47023809523809523,0.42857142857142855,0.5231788079470199,0.23809523809523808,0.5595238095238095,0.29850746268656714,0.32142857142857145,0.27380952380952384,0.54,0.15476190476190477,0.30357142857142855,0.33766233766233766,0.17857142857142858,0.07738095238095238,0.6976744186046512,target_50bps_hit_rate,0.35714285714285715
ALL,5m,DAILY_4H_1H,60,1650,56.968844565627315,32.85511289247811,13.213639652567277,67.20779508165076,123.03222271105189,-47.69809188424003,-31.569070806552467,-109.82174634020137,-0.6877839325674149,-4.039410131010945,0.4581818181818182,26.10969696969697,22.0,28.449336150567202,0.813939393939394,4.0,0.5836363636363636,13.0,0.3496969696969697,21.0,0.21696969696969698,24.0,0.14606060606060606,29.0,0.07393939393939394,31.5,0.04666666666666667,33.0,0.43757575757575756,0.42848484848484847,0.5052484254723583,0.24242424242424243,0.5230303030303031,0.3167062549485352,0.3103030303030303,0.26545454545454544,0.5389473684210526,0.12484848484848485,0.30363636363636365,0.2913719943422914,0.14242424242424243,0.10424242424242425,0.5773955773955773,target_50bps_hit_rate,0.3496969696969697
ALL,1m,DAILY_4H_1H,60,8600,52.004198699767194,31.39976884767748,13.076477766170157,64.48567155315999,117.47141101465887,-47.03273527067814,-31.07255648663265,-107.35467560801558,0.6686528851495568,-1.4022667405239053,0.48348837209302326,28.059418604651164,26.0,29.55024188659601,0.8046511627906977,5.0,0.5720930232558139,14.0,0.33406976744186045,22.0,0.20348837209302326,26.0,0.1330232558139535,30.0,0.06151162790697674,34.0,0.03441860465116279,37.0,0.4475581395348837,0.42872093023255814,0.5107484076433121,0.2424418604651163,0.523953488372093,0.31634046426945833,0.3033720930232558,0.2812790697674419,0.5188941925218775,0.11755813953488373,0.3127906976744186,0.27316941367198055,0.13,0.11127906976744185,0.5387951807228916,target_50bps_hit_rate,0.33406976744186045
ALL,15m,FULL_ALIGNMENT,30,422,44.18781739166564,28.169241129823995,10.300698538256437,57.4849057084692,99.0240574790343,-37.92555621816016,-22.51305624274169,-93.92078599622111,0.25834529860605315,-1.8189414085384437,0.47393364928909953,13.637440758293838,13.0,11.308010989937873,0.7582938388625592,3.0,0.5402843601895735,7.0,0.3009478672985782,12.0,0.1872037914691943,15.0,0.0995260663507109,17.0,0.04739336492890995,17.5,0.02132701421800948,11.0,0.4265402843601896,0.3412322274881517,0.5555555555555556,0.22274881516587677,0.41232227488151657,0.35074626865671643,0.2796208530805687,0.19194312796208532,0.592964824120603,0.09004739336492891,0.23459715639810427,0.2773722627737226,0.0995260663507109,0.07582938388625593,0.5675675675675675,target_50bps_hit_rate,0.3009478672985782
ALL,15m,DAILY_4H_1H_15M,30,446,43.748573474003265,28.681056001009786,10.300698538256437,56.916739331108744,95.64921272087523,-37.24832695902471,-22.163197756477903,-93.51101506852422,0.39994936256384706,-1.4357661164809965,0.4798206278026906,13.522421524663677,12.0,11.966491149375965,0.757847533632287,3.0,0.547085201793722,7.0,0.29596412556053814,11.5,0.18161434977578475,15.0,0.09417040358744394,17.0,0.04484304932735426,17.5,0.020179372197309416,11.0,0.4349775784753363,0.33856502242152464,0.5623188405797102,0.21973094170403587,0.4103139013452915,0.3487544483985765,0.2757847533632287,0.1905829596412556,0.5913461538461539,0.08520179372197309,0.23094170403587444,0.2695035460992908,0.09417040358744394,0.07399103139013453,0.56,target_50bps_hit_rate,0.29596412556053814
ALL,15m,DAILY_4H_1H,30,446,43.748573474003265,28.681056001009786,10.300698538256437,56.916739331108744,95.64921272087523,-37.24832695902471,-22.163197756477903,-93.51101506852422,0.39994936256384706,-1.4357661164809965,0.4798206278026906,13.522421524663677,12.0,11.966491149375965,0.757847533632287,3.0,0.547085201793722,7.0,0.29596412556053814,11.5,0.18161434977578475,15.0,0.09417040358744394,17.0,0.04484304932735426,17.5,0.020179372197309416,11.0,0.4349775784753363,0.33856502242152464,0.5623188405797102,0.21973094170403587,0.4103139013452915,0.3487544483985765,0.2757847533632287,0.1905829596412556,0.5913461538461539,0.08520179372197309,0.23094170403587444,0.2695035460992908,0.09417040358744394,0.07399103139013453,0.56,target_50bps_hit_rate,0.29596412556053814
ALL,1m,FULL_ALIGNMENT,30,2799,43.89361926693574,25.54744525547381,9.765734745141863,55.027621229716274,101.15356721276127,-36.07736079424965,-23.483350151362046,-80.1367125125858,2.6872923092125096,-1.015906964310087,0.48302965344765986,13.772418720971775,12.0,33.3566494430234,0.7463379778492318,3.0,0.5069667738478028,8.0,0.2765273311897106,13.0,0.16720257234726688,15.0,0.10325116112897463,16.0,0.04430153626295105,19.0,0.022865309038942478,20.0,0.42015005359056806,0.37727759914255093,0.5268817204301075,0.21186137906395142,0.45158985351911396,0.3193322563274098,0.2572347266881029,0.1939978563772776,0.5700712589073634,0.09431939978563773,0.2150768131475527,0.30484988452655887,0.10182207931404073,0.05894962486602358,0.6333333333333333,target_50bps_hit_rate,0.2765273311897106
ALL,5m,FULL_ALIGNMENT,30,766,46.15117832437787,25.050952069337605,10.679226317343304,52.95841256274747,96.80736309944815,-36.48162237397735,-22.988877029618273,-82.68825970873527,3.7431893683899298,-2.3537947567514594,0.4516971279373368,13.909921671018276,13.0,77.0454851911135,0.7558746736292428,3.0,0.5013054830287206,8.0,0.27284595300261094,12.0,0.15274151436031333,14.0,0.09138381201044386,17.0,0.04960835509138381,17.0,0.030026109660574413,17.0,0.39425587467362927,0.36161879895561355,0.5215889464594128,0.21279373368146215,0.42297650130548303,0.3347022587268994,0.2545691906005222,0.195822454308094,0.5652173913043478,0.07963446475195822,0.22323759791122716,0.2629310344827586,0.09138381201044386,0.07180156657963446,0.56,target_50bps_hit_rate,0.27284595300261094
ALL,5m,DAILY_4H_1H_15M,30,766,46.15117832437787,25.050952069337605,10.679226317343304,52.95841256274747,96.80736309944815,-36.48162237397735,-22.988877029618273,-82.68825970873527,3.7431893683899298,-2.3537947567514594,0.4516971279373368,13.909921671018276,13.0,77.0454851911135,0.7558746736292428,3.0,0.5013054830287206,8.0,0.27284595300261094,12.0,0.15274151436031333,14.0,0.09138381201044386,17.0,0.04960835509138381,17.0,0.030026109660574413,17.0,0.39425587467362927,0.36161879895561355,0.5215889464594128,0.21279373368146215,0.42297650130548303,0.3347022587268994,0.2545691906005222,0.195822454308094,0.5652173913043478,0.07963446475195822,0.22323759791122716,0.2629310344827586,0.09138381201044386,0.07180156657963446,0.56,target_50bps_hit_rate,0.27284595300261094
ALL,1h,FULL_ALIGNMENT,30,158,42.0044391160739,25.2688902376319,11.058353061456083,51.32392099968574,101.54919910326024,-31.2503166621048,-25.302388695909173,-65.4599374898216,5.979004174135708,-2.7135697134872405,0.47468354430379744,13.582278481012658,12.0,13.724096369468871,0.7848101265822784,4.0,0.5189873417721519,7.0,0.25949367088607594,12.0,0.18354430379746836,14.0,0.10759493670886076,16.0,0.04430379746835443,13.0,0.012658227848101266,19.5,0.44936708860759494,0.3924050632911392,0.5338345864661654,0.2088607594936709,0.4810126582278481,0.30275229357798167,0.24050632911392406,0.15822784810126583,0.6031746031746031,0.0949367088607595,0.17721518987341772,0.3488372093023256,0.10759493670886076,0.02531645569620253,0.8095238095238095,target_50bps_hit_rate,0.25949367088607594
ALL,1h,DAILY_4H_1H_15M,30,162,41.42256807699619,25.2688902376319,10.942987229117795,49.97169948427249,100.38867365184315,-30.916796498449678,-25.14959710948117,-65.0301545066172,5.717191584828839,-2.0848576845372557,0.48148148148148145,13.623456790123457,12.0,13.52938118300653,0.7777777777777778,4.0,0.5185185185185185,7.0,0.25308641975308643,12.0,0.17901234567901234,14.0,0.10493827160493827,16.0,0.043209876543209874,13.0,0.012345679012345678,19.5,0.4506172839506173,0.3888888888888889,0.5367647058823529,0.2037037037037037,0.47530864197530864,0.3,0.2345679012345679,0.16049382716049382,0.59375,0.09259259259259259,0.17901234567901234,0.3409090909090909,0.10493827160493827,0.024691358024691357,0.8095238095238095,target_50bps_hit_rate,0.25308641975308643
ALL,1h,DAILY_4H,30,168,40.759848780940736,25.152917245018223,10.922236331878388,49.83051993575849,97.87386787688607,-30.800626323684156,-25.302388695909173,-64.11109687354899,5.332042938288687,-2.0848576845372557,0.48214285714285715,13.583333333333334,12.0,13.177666663310802,0.7738095238095238,4.0,0.5059523809523809,7.0,0.25,11.0,0.17261904761904762,14.0,0.10119047619047619,16.0,0.041666666666666664,13.0,0.011904761904761904,19.5,0.44047619047619047,0.39880952380952384,0.524822695035461,0.20238095238095238,0.48214285714285715,0.2956521739130435,0.23214285714285715,0.16071428571428573,0.5909090909090909,0.08928571428571429,0.17857142857142858,0.3333333333333333,0.10119047619047619,0.023809523809523808,0.8095238095238095,target_50bps_hit_rate,0.25
ALL,1m,DAILY_4H_1H_15M,30,4826,39.64503705548881,23.392536739491597,9.350151835951781,49.9123722158662,90.41879344587333,-34.49723053021708,-22.131335258190887,-77.73132821941032,1.2413508582599968,-1.0743130959978142,0.48010774968918357,13.920430998756734,13.0,28.577019643959197,0.7349772067965189,4.0,0.47534189805221716,8.0,0.24906755076668047,13.0,0.1427683381682553,16.0,0.08474927476170742,16.0,0.03377538334024036,18.0,0.017612929962702032,20.0,0.3999171156237049,0.3655200994612516,0.5224688684353005,0.19353501864898467,0.4301699129714049,0.3102990033222591,0.23290509738914214,0.1898052217157066,0.5509803921568628,0.07791131371736428,0.20845420638209697,0.27206946454413894,0.08392043099875673,0.05449647741400746,0.6062874251497006,target_50bps_hit_rate,0.24906755076668047
ALL,5m,DAILY_4H_1H,30,1650,39.565056708455984,22.548244662369264,9.405994882801249,46.40149142813466,89.69043515335368,-33.3352194120573,-21.80686417521116,-77.06335802880504,1.0357196501173975,-2.0988413802341954,0.4624242424242424,13.52909090909091,12.0,58.42139208897563,0.7381818181818182,3.0,0.46,8.0,0.23030303030303031,13.0,0.1296969696969697,14.0,0.07757575757575758,16.0,0.03575757575757576,17.0,0.02,17.0,0.37393939393939396,0.35454545454545455,0.5133111480865225,0.17939393939393938,0.4103030303030303,0.30421377183967113,0.21636363636363637,0.17515151515151514,0.5526315789473685,0.0703030303030303,0.19454545454545455,0.2654462242562929,0.07757575757575758,0.05818181818181818,0.5714285714285714,target_50bps_hit_rate,0.23030303030303031
ALL,1m,DAILY_4H_1H,30,8600,35.44053444806331,21.21293178579453,8.665208974329431,44.63995122840958,82.04987781034778,-32.780339949955575,-21.168628726830896,-75.58318232765026,0.414888440284165,-0.9942697418696689,0.48290697674418603,14.125116279069767,13.0,27.350433587551205,0.7196511627906976,4.0,0.4432558139534884,9.0,0.2144186046511628,14.0,0.1177906976744186,16.0,0.06755813953488372,17.0,0.02558139534883721,18.0,0.012906976744186047,20.0,0.3801162790697674,0.3638372093023256,0.5109409190371991,0.1697674418604651,0.4190697674418605,0.2883096366508689,0.20267441860465116,0.17930232558139536,0.5305936073059361,0.062325581395348835,0.1936046511627907,0.24352567014993184,0.06662790697674419,0.050348837209302326,0.5695825049701789,target_50bps_hit_rate,0.2144186046511628
ALL,15m,FULL_ALIGNMENT,15,422,31.648658919803456,18.862996682954545,7.100528809401152,40.96203386276143,73.3883742779416,-25.60350501738328,-16.699849442953774,-58.15261126483606,1.8483857102974453,-1.2277412684424949,0.47393364928909953,6.931279620853081,6.0,19.17151589944404,0.6563981042654028,2.0,0.42890995260663506,5.0,0.1895734597156398,7.5,0.0947867298578199,8.0,0.04739336492890995,7.0,0.02132701421800948,7.0,0.011848341232227487,7.0,0.35071090047393366,0.2677725118483412,0.5670498084291188,0.14928909952606634,0.3175355450236967,0.3197969543147208,0.17772511848341233,0.12085308056872038,0.5952380952380952,0.04265402843601896,0.13507109004739337,0.24,0.04739336492890995,0.02843601895734597,0.625,target_50bps_hit_rate,0.1895734597156398
ALL,15m,DAILY_4H_1H,15,446,31.539725378458353,19.39497925376843,7.169968046055741,40.96203386276143,72.71782701493201,-25.225322351502975,-15.634933935142481,-57.98297333662661,1.9806333976083057,-0.9820203719224097,0.4820627802690583,6.948430493273543,6.0,19.310836743687698,0.6591928251121076,2.0,0.4327354260089686,5.0,0.18834080717488788,7.5,0.09417040358744394,8.0,0.04484304932735426,7.0,0.020179372197309416,7.0,0.011210762331838564,7.0,0.3542600896860987,0.2645739910313901,0.572463768115942,0.14798206278026907,0.31614349775784756,0.3188405797101449,0.17713004484304934,0.11883408071748879,0.5984848484848485,0.04035874439461883,0.13228699551569506,0.23376623376623376,0.04484304932735426,0.026905829596412557,0.625,target_50bps_hit_rate,0.18834080717488788
ALL,15m,DAILY_4H_1H_15M,15,446,31.539725378458353,19.39497925376843,7.169968046055741,40.96203386276143,72.71782701493201,-25.225322351502975,-15.634933935142481,-57.98297333662661,1.9806333976083057,-0.9820203719224097,0.4820627802690583,6.948430493273543,6.0,19.310836743687698,0.6591928251121076,2.0,0.4327354260089686,5.0,0.18834080717488788,7.5,0.09417040358744394,8.0,0.04484304932735426,7.0,0.020179372197309416,7.0,0.011210762331838564,7.0,0.3542600896860987,0.2645739910313901,0.572463768115942,0.14798206278026907,0.31614349775784756,0.3188405797101449,0.17713004484304934,0.11883408071748879,0.5984848484848485,0.04035874439461883,0.13228699551569506,0.23376623376623376,0.04484304932735426,0.026905829596412557,0.625,target_50bps_hit_rate,0.18834080717488788
ALL,1h,FULL_ALIGNMENT,15,158,30.407011841949423,19.193376653312555,7.1446413535214415,37.34592779776447,72.14821045487058,-23.998673668636986,-17.63935093196278,-53.50654892310636,4.592129960512485,-0.6940158882506875,0.4873417721518987,7.531645569620253,7.0,20.853046385528902,0.6835443037974683,2.0,0.41139240506329117,6.0,0.17721518987341772,6.0,0.10126582278481013,10.5,0.05063291139240506,10.5,0.02531645569620253,10.5,0.006329113924050633,9.0,0.3860759493670886,0.26582278481012656,0.5922330097087378,0.15822784810126583,0.310126582278481,0.33783783783783783,0.17721518987341772,0.11392405063291139,0.6086956521739131,0.05063291139240506,0.12025316455696203,0.2962962962962963,0.05063291139240506,0.0189873417721519,0.7272727272727273,target_50bps_hit_rate,0.17721518987341772
ALL,1h,DAILY_4H_1H_15M,15,162,30.071018736648917,19.193376653312555,7.038379280174811,37.27237550512797,70.31467671009686,-23.797551148586503,-17.444214031649416,-54.54107287230037,4.4692361097570386,-0.6940158882506875,0.4876543209876543,7.580246913580247,7.0,20.513022083053162,0.6790123456790124,2.0,0.41358024691358025,6.0,0.1728395061728395,6.0,0.09876543209876543,10.5,0.04938271604938271,10.5,0.024691358024691357,10.5,0.006172839506172839,9.0,0.3888888888888889,0.2654320987654321,0.5943396226415094,0.15432098765432098,0.30864197530864196,0.3333333333333333,0.1728395061728395,0.11728395061728394,0.5957446808510638,0.04938271604938271,0.12345679012345678,0.2857142857142857,0.04938271604938271,0.018518518518518517,0.7272727272727273,target_50bps_hit_rate,0.1728395061728395
ALL,1h,DAILY_4H,15,168,29.580623160483235,18.591345040568363,6.807291567690887,37.21345850170865,70.72736627435638,-23.711288992025874,-17.444214031649416,-54.612017602296724,4.164861270028352,-0.6940158882506875,0.48214285714285715,7.428571428571429,7.0,19.87627929927443,0.6666666666666666,2.0,0.40476190476190477,6.0,0.17261904761904762,6.0,0.09523809523809523,10.5,0.047619047619047616,10.5,0.023809523809523808,10.5,0.005952380952380952,9.0,0.38095238095238093,0.26785714285714285,0.5871559633027523,0.15476190476190477,0.30952380952380953,0.3333333333333333,0.17261904761904762,0.11904761904761904,0.5918367346938775,0.047619047619047616,0.125,0.27586206896551724,0.047619047619047616,0.017857142857142856,0.7272727272727273,target_50bps_hit_rate,0.17261904761904762
ALL,1m,FULL_ALIGNMENT,15,2799,29.008698344818015,16.817676334930365,6.191638428423296,37.162140358733,68.47977375828364,-25.53672469168186,-16.682886139303132,-55.42796279780693,0.7609434625441521,-1.2367679879476956,0.47624151482672383,7.038585209003215,6.0,31.01993660492841,0.6509467667023937,3.0,0.3776348695962844,5.0,0.16934619506966775,7.0,0.08503036798856735,9.0,0.046802429439085386,10.0,0.015005359056806002,11.0,0.007145409074669525,10.0,0.3340478742408003,0.29403358342265096,0.5318543799772468,0.1414790996784566,0.3347624151482672,0.2970742685671418,0.16291532690246516,0.10932475884244373,0.5984251968503937,0.043586995355484104,0.11754197927831368,0.270509977827051,0.046802429439085386,0.02750982493747767,0.6298076923076923,target_50bps_hit_rate,0.16934619506966775
ALL,5m,FULL_ALIGNMENT,15,766,28.735337121236242,16.362319307746674,6.117571206998851,35.04675773151888,64.69782334121987,-25.425205855644368,-16.492825583795945,-56.68943522117886,1.068379549088841,-1.0547780499758908,0.47389033942558745,7.026109660574413,6.0,47.59887754279099,0.6553524804177546,3.0,0.36553524804177545,5.0,0.1566579634464752,6.5,0.08093994778067885,6.5,0.04046997389033943,7.0,0.020887728459530026,8.0,0.010443864229765013,10.5,0.3093994778067885,0.26631853785900783,0.5374149659863946,0.13315926892950392,0.3028720626631854,0.30538922155688625,0.15013054830287206,0.1227154046997389,0.5502392344497608,0.03655352480417755,0.13315926892950392,0.2153846153846154,0.04046997389033943,0.03655352480417755,0.5254237288135594,target_50bps_hit_rate,0.1566579634464752
ALL,5m,DAILY_4H_1H_15M,15,766,28.735337121236242,16.362319307746674,6.117571206998851,35.04675773151888,64.69782334121987,-25.425205855644368,-16.492825583795945,-56.68943522117886,1.068379549088841,-1.0547780499758908,0.47389033942558745,7.026109660574413,6.0,47.59887754279099,0.6553524804177546,3.0,0.36553524804177545,5.0,0.1566579634464752,6.5,0.08093994778067885,6.5,0.04046997389033943,7.0,0.020887728459530026,8.0,0.010443864229765013,10.5,0.3093994778067885,0.26631853785900783,0.5374149659863946,0.13315926892950392,0.3028720626631854,0.30538922155688625,0.15013054830287206,0.1227154046997389,0.5502392344497608,0.03655352480417755,0.13315926892950392,0.2153846153846154,0.04046997389033943,0.03655352480417755,0.5254237288135594,target_50bps_hit_rate,0.1566579634464752
ALL,1m,DAILY_4H_1H_15M,15,4826,26.56416400585609,15.65927850284865,5.9950823516657925,33.45791001884202,61.77423593578424,-24.170932946737796,-15.557453330697356,-53.78629978333271,0.40012868203882895,-0.946319420313535,0.4805221715706589,7.168462494819726,7.0,29.908968997060054,0.6369664318276005,3.0,0.3460422710319105,5.0,0.14711976792374637,8.0,0.07107335267302113,9.0,0.037919602154993785,10.0,0.011811023622047244,11.0,0.0060091172813924575,11.0,0.30915872358060503,0.2801491918773311,0.5246132208157525,0.12453377538334023,0.3139245752175715,0.2840264650283554,0.14214670534604226,0.10422710319104848,0.5769554247266611,0.035640281806879406,0.11065064235391629,0.24362606232294617,0.037919602154993785,0.024865312888520515,0.6039603960396039,target_50bps_hit_rate,0.14711976792374637
ALL,5m,DAILY_4H_1H,15,1650,26.469174916463313,15.270510463101239,5.971405467782853,33.02899252560498,58.48624058988874,-22.834694471055695,-15.050269639615976,-51.484941420108065,1.0496879883182495,-1.2150301465652102,0.47515151515151516,7.004848484848485,6.0,43.807097984296405,0.6406060606060606,3.0,0.33575757575757575,5.0,0.1321212121212121,6.0,0.0703030303030303,7.0,0.038181818181818185,7.0,0.01696969696969697,9.5,0.00787878787878788,11.0,0.2915151515151515,0.25333333333333335,0.5350389321468298,0.11212121212121212,0.28363636363636363,0.2833078101071976,0.1290909090909091,0.1006060606060606,0.5620052770448549,0.03636363636363636,0.10787878787878788,0.25210084033613445,0.038181818181818185,0.02181818181818182,0.6363636363636364,target_50bps_hit_rate,0.1321212121212121
ALL,1m,DAILY_4H_1H,15,8600,23.952027458002288,14.449433369106979,5.662878551638828,30.27976352811379,55.56838757424366,-22.630183518787014,-14.868542484412494,-49.88937241565317,0.07794115346867499,-0.622987188120816,0.48604651162790696,7.272674418604651,7.0,27.92262173631286,0.6158139534883721,3.0,0.31383720930232556,6.0,0.12255813953488372,8.0,0.055232558139534885,9.0,0.029186046511627907,10.0,0.008837209302325582,10.0,0.004069767441860465,11.0,0.28569767441860466,0.2683720930232558,0.5156348373557188,0.1063953488372093,0.2961627906976744,0.26429809358752165,0.11941860465116279,0.09430232558139535,0.558759521218716,0.02767441860465116,0.0986046511627907,0.21915285451197053,0.029186046511627907,0.02116279069767442,0.5796766743648961,target_50bps_hit_rate,0.12255813953488372
ALL,1m,FULL_ALIGNMENT,240,2799,134.37512744225495,78.56559449263001,32.391429723216405,161.86456921830404,313.13359516455506,-102.42327020891715,-72.97931262529201,-233.71194956257477,5.214941065203705,-8.251603954106956,0.46266523758485173,101.61343336906037,88.0,36.54080220742439,0.9146123615576992,5.0,0.8002858163629868,18.0,0.6463022508038585,40.0,0.5173276170060735,59.0,0.4137191854233655,68.0,0.2736691675598428,82.0,0.19506966773847803,94.5,0.5173276170060735,0.4715969989281886,0.523121387283237,0.34798142193640585,0.6230796713111826,0.35835172921265634,0.49874955341193283,0.42908181493390496,0.5375433192144783,0.29403358342265096,0.5476956055734191,0.349320882852292,0.36441586280814575,0.30439442658092175,0.5448717948717948,target_100bps_hit_rate,0.4137191854233655
ALL,15m,DAILY_4H_1H,240,446,120.82898572088331,78.4745568096179,31.031246683412284,165.2868988915568,280.16141536125974,-99.21716652896852,-72.1554206054198,-215.0819226537787,7.0034310803644635,-2.607728249284791,0.4798206278026906,110.45739910313901,107.5,8.578186780773699,0.9035874439461884,4.0,0.7914798206278026,11.0,0.6502242152466368,34.5,0.5089686098654709,56.0,0.4125560538116592,84.5,0.2802690582959641,102.0,0.18834080717488788,122.0,0.531390134529148,0.4484304932735426,0.5423340961098398,0.3744394618834081,0.5896860986547086,0.3883720930232558,0.5112107623318386,0.40582959641255606,0.5574572127139364,0.30269058295964124,0.5448430493273543,0.35714285714285715,0.3632286995515695,0.31614349775784756,0.5346534653465347,target_100bps_hit_rate,0.4125560538116592
ALL,15m,DAILY_4H_1H_15M,240,446,120.82898572088331,78.4745568096179,31.031246683412284,165.2868988915568,280.16141536125974,-99.21716652896852,-72.1554206054198,-215.0819226537787,7.0034310803644635,-2.607728249284791,0.4798206278026906,110.45739910313901,107.5,8.578186780773699,0.9035874439461884,4.0,0.7914798206278026,11.0,0.6502242152466368,34.5,0.5089686098654709,56.0,0.4125560538116592,84.5,0.2802690582959641,102.0,0.18834080717488788,122.0,0.531390134529148,0.4484304932735426,0.5423340961098398,0.3744394618834081,0.5896860986547086,0.3883720930232558,0.5112107623318386,0.40582959641255606,0.5574572127139364,0.30269058295964124,0.5448430493273543,0.35714285714285715,0.3632286995515695,0.31614349775784756,0.5346534653465347,target_100bps_hit_rate,0.4125560538116592
ALL,15m,FULL_ALIGNMENT,240,422,122.15845211943733,78.4745568096179,30.64996422125099,168.67286135177127,284.1837719663894,-98.88082263959384,-72.80120380209308,-212.09254695509307,8.738493977592668,-3.2892363350273124,0.47393364928909953,109.84834123222748,107.0,8.66795538784563,0.9052132701421801,4.0,0.7890995260663507,11.0,0.6516587677725119,33.0,0.509478672985782,53.0,0.4075829383886256,78.0,0.2843601895734597,102.0,0.1943127962085308,120.5,0.5213270142180095,0.45734597156398105,0.5326876513317191,0.36729857819905215,0.5995260663507109,0.3799019607843137,0.5071090047393365,0.41232227488151657,0.5515463917525774,0.2938388625592417,0.5521327014218009,0.3473389355742297,0.35545023696682465,0.3175355450236967,0.528169014084507,target_100bps_hit_rate,0.4075829383886256
ALL,1m,DAILY_4H_1H_15M,240,4826,124.69501950047164,72.70058957558834,29.548180125666402,154.99671024648995,295.0034132642143,-100.9904065941003,-70.85187244867231,-231.36911066953925,1.3052015457135635,-8.698826974588014,0.4579361790302528,103.11956071280564,90.5,36.592072596247846,0.9077911313717364,6.0,0.7836717778698715,20.0,0.6079569001243266,43.0,0.4875673435557397,63.0,0.38955656858682136,76.5,0.260049730625777,95.0,0.1825528387898881,109.0,0.5105677579776212,0.4749274761707418,0.5180824222035324,0.3338168255283879,0.6319933692498964,0.34563398412357865,0.4709904682967261,0.4378367177786987,0.5182398540811674,0.27414007459593864,0.547244094488189,0.3337537840565086,0.3458350600911728,0.3050145047658516,0.5313594396688952,target_100bps_hit_rate,0.38955656858682136
ALL,5m,DAILY_4H_1H_15M,240,766,123.62773412645163,70.95626710096225,29.676110098915686,160.2349705542949,294.3516269229862,-104.69717836658008,-70.96205436801063,-231.49932963422714,-2.6409704927841284,-11.101255604106797,0.4516971279373368,98.7597911227154,77.0,7.200110629710931,0.9073107049608355,5.0,0.7845953002610966,17.0,0.6331592689295039,40.0,0.48825065274151436,62.0,0.3785900783289817,75.5,0.26370757180156656,89.5,0.1906005221932115,97.5,0.4934725848563969,0.489556135770235,0.50199203187251,0.34986945169712796,0.6279373368146214,0.35781041388518026,0.4908616187989556,0.43342036553524804,0.5310734463276836,0.26240208877284593,0.5600522193211488,0.319047619047619,0.3433420365535248,0.30809399477806787,0.5270541082164328,target_100bps_hit_rate,0.3785900783289817
ALL,5m,FULL_ALIGNMENT,240,766,123.62773412645163,70.95626710096225,29.676110098915686,160.2349705542949,294.3516269229862,-104.69717836658008,-70.96205436801063,-231.49932963422714,-2.6409704927841284,-11.101255604106797,0.4516971279373368,98.7597911227154,77.0,7.200110629710931,0.9073107049608355,5.0,0.7845953002610966,17.0,0.6331592689295039,40.0,0.48825065274151436,62.0,0.3785900783289817,75.5,0.26370757180156656,89.5,0.1906005221932115,97.5,0.4934725848563969,0.489556135770235,0.50199203187251,0.34986945169712796,0.6279373368146214,0.35781041388518026,0.4908616187989556,0.43342036553524804,0.5310734463276836,0.26240208877284593,0.5600522193211488,0.319047619047619,0.3433420365535248,0.30809399477806787,0.5270541082164328,target_100bps_hit_rate,0.3785900783289817
ALL,1h,FULL_ALIGNMENT,240,158,125.57595159222598,67.94801580400801,31.191683653090664,158.0834857179769,343.532463503867,-93.06619275772725,-60.69409872895226,-193.60791183603044,21.934956765304285,2.5529632458243245,0.5253164556962026,111.37341772151899,102.5,6.90972451375067,0.9177215189873418,6.0,0.8291139240506329,16.0,0.6075949367088608,40.0,0.4873417721518987,46.0,0.36075949367088606,62.0,0.25949367088607594,77.0,0.18354430379746836,92.0,0.5253164556962026,0.45569620253164556,0.535483870967742,0.2974683544303797,0.6455696202531646,0.31543624161073824,0.43670886075949367,0.44936708860759494,0.4928571428571429,0.25316455696202533,0.5506329113924051,0.31496062992125984,0.34177215189873417,0.2848101265822785,0.5454545454545454,target_100bps_hit_rate,0.36075949367088606
ALL,1h,DAILY_4H,240,168,122.39006122251885,68.17926210274993,30.40571596263586,143.20502228861608,338.4140691575549,-95.40898680432576,-60.69409872895226,-196.82603320400895,16.497276179527535,2.1661127132388547,0.5178571428571429,110.69047619047619,105.0,6.919765516294397,0.9166666666666666,6.0,0.8273809523809523,16.0,0.6071428571428571,42.0,0.4880952380952381,47.0,0.35714285714285715,55.5,0.25,84.0,0.17261904761904762,92.0,0.5238095238095238,0.4583333333333333,0.5333333333333333,0.30357142857142855,0.6428571428571429,0.32075471698113206,0.43452380952380953,0.4523809523809524,0.4899328859060403,0.25,0.5476190476190477,0.31343283582089554,0.3392857142857143,0.2916666666666667,0.5377358490566038,target_100bps_hit_rate,0.35714285714285715
ALL,1h,DAILY_4H_1H,240,168,122.39006122251885,68.17926210274993,30.40571596263586,143.20502228861608,338.4140691575549,-95.40898680432576,-60.69409872895226,-196.82603320400895,16.497276179527535,2.1661127132388547,0.5178571428571429,110.69047619047619,105.0,6.919765516294397,0.9166666666666666,6.0,0.8273809523809523,16.0,0.6071428571428571,42.0,0.4880952380952381,47.0,0.35714285714285715,55.5,0.25,84.0,0.17261904761904762,92.0,0.5238095238095238,0.4583333333333333,0.5333333333333333,0.30357142857142855,0.6428571428571429,0.32075471698113206,0.43452380952380953,0.4523809523809524,0.4899328859060403,0.25,0.5476190476190477,0.31343283582089554,0.3392857142857143,0.2916666666666667,0.5377358490566038,target_100bps_hit_rate,0.35714285714285715
ALL,5m,DAILY_4H_1H,240,1650,110.6748359419023,67.27922500094908,28.49721873076472,139.86445200659227,270.3064651616645,-97.91891277453551,-66.6219880114266,-216.41564160093498,-1.5920692207758669,-8.93411688336565,0.45696969696969697,102.44121212121212,88.0,23.84198894570473,0.9066666666666666,5.0,0.78,21.0,0.6139393939393939,49.0,0.46060606060606063,65.0,0.35515151515151516,80.0,0.23030303030303031,97.0,0.16,115.0,0.4909090909090909,0.4951515151515152,0.49784880147510757,0.33151515151515154,0.6387878787878788,0.34166146158650845,0.4793939393939394,0.4303030303030303,0.5269820119920053,0.25696969696969696,0.54,0.3224334600760456,0.3212121212121212,0.29393939393939394,0.5221674876847291,target_100bps_hit_rate,0.35515151515151516
ALL,1m,DAILY_4H_1H,240,8600,110.58836535549368,66.12637719206282,28.194846821433806,136.73252633799316,261.2412041955375,-97.61936963653693,-66.61787938067488,-219.20786559339388,-1.7870947667572876,-5.8234006562157825,0.4705813953488372,106.13116279069767,95.5,33.9532821712473,0.9036046511627907,6.0,0.7756976744186046,23.0,0.5938372093023255,50.0,0.4543023255813953,70.0,0.3524418604651163,85.0,0.22267441860465118,103.0,0.15267441860465117,118.0,0.5058139534883721,0.4797674418604651,0.5132137800849458,0.3317441860465116,0.63,0.34494015233949943,0.4653488372093023,0.43732558139534883,0.5155223496071106,0.25546511627906976,0.5409302325581395,0.32077675573076364,0.3177906976744186,0.2990697674418605,0.5151743638077285,target_100bps_hit_rate,0.3524418604651163
ALL,1m,FULL_ALIGNMENT,120,2799,92.42754690286708,55.33383559691352,22.402381600212795,116.12002231271234,221.88445322107023,-72.98587082751088,-48.611381325158746,-167.69476081237488,4.235704801480967,-2.7467579250728402,0.48160057163272596,53.11611289746338,48.0,42.52019430582348,0.8749553411932833,5.0,0.7259735619864237,14.0,0.5344765987852804,29.0,0.3865666309396213,37.0,0.2897463379778492,43.0,0.17970703822793854,57.0,0.11825652018578063,62.0,0.5080385852090032,0.45837799214005004,0.5256931608133086,0.32618792425866383,0.5966416577349053,0.3534649632210608,0.4437299035369775,0.3762057877813505,0.5411764705882353,0.22615219721329047,0.44765987852804573,0.3356309650053022,0.2675955698463737,0.20507324044301536,0.5661375661375662,target_100bps_hit_rate,0.2897463379778492
ALL,15m,FULL_ALIGNMENT,120,422,83.53261884267553,54.90638929858905,18.24278522476408,110.53367860957397,198.6581227159934,-74.05236473334243,-54.346634408297675,-159.7203098283002,3.922541655764018,-8.672582878881396,0.4431279620853081,52.208530805687204,42.5,7.268231585079693,0.8601895734597157,4.0,0.7109004739336493,10.0,0.5284360189573459,26.0,0.3933649289099526,32.5,0.2843601895734597,45.0,0.16824644549763032,58.0,0.0971563981042654,61.0,0.504739336492891,0.44075829383886256,0.5338345864661654,0.33649289099526064,0.566350710900474,0.37270341207349084,0.44786729857819907,0.3815165876777251,0.54,0.22985781990521326,0.4786729857819905,0.32441471571906355,0.27014218009478674,0.22274881516587677,0.5480769230769231,target_100bps_hit_rate,0.2843601895734597
ALL,15m,DAILY_4H_1H_15M,120,446,82.11158938697754,54.90638929858905,18.80933347150282,109.57721047423318,196.95809215493853,-73.85554517495133,-53.412631628358966,-162.29711914099443,2.6137877325130394,-7.816708964863417,0.4484304932735426,52.17488789237668,42.0,8.658118250510753,0.8587443946188341,4.0,0.7130044843049327,10.0,0.5291479820627802,26.0,0.38565022421524664,32.5,0.2757847533632287,44.0,0.16367713004484305,58.0,0.09192825112107623,61.0,0.5134529147982063,0.4327354260089686,0.542654028436019,0.3430493273542601,0.5582959641255605,0.3805970149253731,0.45067264573991034,0.37668161434977576,0.5447154471544715,0.2242152466367713,0.47085201793721976,0.3225806451612903,0.2623318385650224,0.2242152466367713,0.5391705069124424,target_100bps_hit_rate,0.2757847533632287
ALL,15m,DAILY_4H_1H,120,446,82.11158938697754,54.90638929858905,18.80933347150282,109.57721047423318,196.95809215493853,-73.85554517495133,-53.412631628358966,-162.29711914099443,2.6137877325130394,-7.816708964863417,0.4484304932735426,52.17488789237668,42.0,8.658118250510753,0.8587443946188341,4.0,0.7130044843049327,10.0,0.5291479820627802,26.0,0.38565022421524664,32.5,0.2757847533632287,44.0,0.16367713004484305,58.0,0.09192825112107623,61.0,0.5134529147982063,0.4327354260089686,0.542654028436019,0.3430493273542601,0.5582959641255605,0.3805970149253731,0.45067264573991034,0.37668161434977576,0.5447154471544715,0.2242152466367713,0.47085201793721976,0.3225806451612903,0.2623318385650224,0.2242152466367713,0.5391705069124424,target_100bps_hit_rate,0.2757847533632287
ALL,1h,FULL_ALIGNMENT,120,158,89.9749235507567,42.68314004782225,18.439275551601632,101.72669354762853,246.03332556727133,-61.31126469920018,-46.75102985028712,-128.76142255009268,19.268198756493735,-6.353269059150568,0.4430379746835443,49.94303797468354,42.0,6.2518804256079425,0.8734177215189873,5.5,0.7088607594936709,11.0,0.4430379746835443,20.0,0.34810126582278483,28.0,0.25949367088607594,36.0,0.18354430379746836,45.0,0.12658227848101267,73.5,0.5,0.44936708860759494,0.5266666666666666,0.26582278481012656,0.6139240506329114,0.302158273381295,0.37341772151898733,0.37341772151898733,0.5,0.2088607594936709,0.4430379746835443,0.32038834951456313,0.25949367088607594,0.15822784810126583,0.6212121212121212,target_100bps_hit_rate,0.25949367088607594
ALL,1m,DAILY_4H_1H_15M,120,4826,85.60525913047947,49.39879049583262,20.519483809109396,103.15752390641808,201.9760470017795,-70.88900380343975,-46.87859285791907,-164.9684472397861,1.8216978043341057,-3.3487562874934262,0.4763779527559055,53.516991297140486,49.0,37.5799904006139,0.8707003729796934,5.0,0.7034811438043929,16.0,0.49668462494819726,30.0,0.3578532946539577,40.0,0.25922088686282635,48.0,0.160588479071695,61.0,0.1013261500207211,66.0,0.4977206796518856,0.46062992125984253,0.5193513513513514,0.30708661417322836,0.5932449233319519,0.3410817031070196,0.4144218814753419,0.37588064649813513,0.5243838489774515,0.20430998756734356,0.4444674678823042,0.3149153625039923,0.24140074595938665,0.20576046415250726,0.5398517145505097,target_100bps_hit_rate,0.25922088686282635
ALL,5m,FULL_ALIGNMENT,120,766,91.14828990192399,52.16107780355195,20.561333217607448,102.74501936470226,216.53851743667963,-74.89729011877982,-52.40316564165681,-167.3954148180834,-5.322783170460087,-7.008019156126699,0.4490861618798956,49.20626631853786,41.0,7.25712133691119,0.8668407310704961,4.0,0.6984334203655352,14.0,0.5143603133159269,27.0,0.3524804177545692,35.5,0.25718015665796345,45.0,0.1671018276762402,54.0,0.10966057441253264,52.5,0.47911227154047,0.47911227154047,0.5,0.32114882506527415,0.5966057441253264,0.34992887624466573,0.42428198433420367,0.3825065274151436,0.5258899676375405,0.2010443864229765,0.47911227154047,0.29558541266794625,0.24281984334203655,0.21279373368146215,0.5329512893982808,target_100bps_hit_rate,0.25718015665796345
ALL,5m,DAILY_4H_1H_15M,120,766,91.14828990192399,52.16107780355195,20.561333217607448,102.74501936470226,216.53851743667963,-74.89729011877982,-52.40316564165681,-167.3954148180834,-5.322783170460087,-7.008019156126699,0.4490861618798956,49.20626631853786,41.0,7.25712133691119,0.8668407310704961,4.0,0.6984334203655352,14.0,0.5143603133159269,27.0,0.3524804177545692,35.5,0.25718015665796345,45.0,0.1671018276762402,54.0,0.10966057441253264,52.5,0.47911227154047,0.47911227154047,0.5,0.32114882506527415,0.5966057441253264,0.34992887624466573,0.42428198433420367,0.3825065274151436,0.5258899676375405,0.2010443864229765,0.47911227154047,0.29558541266794625,0.24281984334203655,0.21279373368146215,0.5329512893982808,target_100bps_hit_rate,0.25718015665796345
ALL,1h,DAILY_4H_1H,120,168,87.93267414929373,42.68314004782225,17.6014194440971,101.63219759100117,243.20895301558124,-61.50803051449735,-46.75102985028712,-143.29352419955242,17.85523048655263,-5.298090108818987,0.4523809523809524,51.351190476190474,42.0,6.200519590456131,0.875,6.0,0.7083333333333334,11.0,0.44642857142857145,25.0,0.35119047619047616,31.0,0.25595238095238093,37.0,0.17261904761904762,45.0,0.11904761904761904,73.5,0.49404761904761907,0.4523809523809524,0.5220125786163522,0.26785714285714285,0.6071428571428571,0.30612244897959184,0.36904761904761907,0.38095238095238093,0.49206349206349204,0.20833333333333334,0.44642857142857145,0.3181818181818182,0.25595238095238093,0.16666666666666666,0.6056338028169014,target_100bps_hit_rate,0.25595238095238093
ALL,1h,DAILY_4H,120,168,87.93267414929373,42.68314004782225,17.6014194440971,101.63219759100117,243.20895301558124,-61.50803051449735,-46.75102985028712,-143.29352419955242,17.85523048655263,-5.298090108818987,0.4523809523809524,51.351190476190474,42.0,6.200519590456131,0.875,6.0,0.7083333333333334,11.0,0.44642857142857145,25.0,0.35119047619047616,31.0,0.25595238095238093,37.0,0.17261904761904762,45.0,0.11904761904761904,73.5,0.49404761904761907,0.4523809523809524,0.5220125786163522,0.26785714285714285,0.6071428571428571,0.30612244897959184,0.36904761904761907,0.38095238095238093,0.49206349206349204,0.20833333333333334,0.44642857142857145,0.3181818181818182,0.25595238095238093,0.16666666666666666,0.6056338028169014,target_100bps_hit_rate,0.25595238095238093
ALL,5m,DAILY_4H_1H,120,1650,78.68472056353278,46.702720708301506,19.098096613721083,96.83122601255923,184.86185677775538,-70.04073728120372,-46.98153501767888,-155.35806199717084,-5.080868968907932,-5.999913129750567,0.4527272727272727,50.98909090909091,43.0,21.560770359219113,0.8612121212121212,5.0,0.6848484848484848,16.0,0.4824242424242424,32.5,0.33151515151515154,42.0,0.2387878787878788,49.0,0.13454545454545455,54.5,0.08242424242424243,57.0,0.47333333333333333,0.4818181818181818,0.49555837563451777,0.3,0.6036363636363636,0.3319919517102616,0.4084848484848485,0.36303030303030304,0.5294579732914375,0.1921212121212121,0.43575757575757573,0.305984555984556,0.22606060606060607,0.19272727272727272,0.5397973950795948,target_100bps_hit_rate,0.2387878787878788
ALL,1m,DAILY_4H_1H,120,8600,75.71758956990257,45.9555641642706,19.47091823821079,92.08199203056822,173.92048873116627,-67.86065667042486,-44.60058799380329,-155.97633840201794,-0.42019058924485136,-2.4008988419244037,0.48069767441860467,54.73139534883721,51.0,33.97351060088287,0.8646511627906976,6.0,0.688953488372093,18.0,0.47093023255813954,35.0,0.31883720930232556,44.0,0.22534883720930232,51.0,0.1291860465116279,62.0,0.07872093023255813,67.0,0.48965116279069765,0.46430232558139534,0.5132862018527548,0.3016279069767442,0.5891860465116279,0.33859809424357135,0.39988372093023256,0.37348837209302327,0.5170651029920312,0.18174418604651163,0.43372093023255814,0.2952956735310788,0.21220930232558138,0.19813953488372094,0.5171436667611221,target_100bps_hit_rate,0.22534883720930232
ALL,1m,FULL_ALIGNMENT,60,2799,64.13927699199091,37.543561659882926,14.959662381751615,78.78663117818152,147.98239462717567,-50.635979799050546,-33.7186897880537,-115.43120715229716,3.1641687804760736,-2.0868671842799724,0.47874240800285817,27.02750982493748,25.0,40.899598764045145,0.8217220435869954,4.0,0.6237942122186495,11.0,0.40514469453376206,19.5,0.2618792425866381,23.0,0.18756698821007503,28.0,0.09717756341550554,33.0,0.0571632725973562,35.0,0.4715969989281886,0.43229724901750627,0.5217391304347826,0.2779564130046445,0.5462665237584852,0.3372345036844387,0.3579849946409432,0.2890317970703823,0.5532854776366648,0.16148624508753126,0.32833154698106465,0.3296863603209336,0.18220793140407288,0.11825652018578063,0.6064209274673008,target_100bps_hit_rate,0.18756698821007503
ALL,1h,DAILY_4H,60,168,59.846657719509324,31.650376268438364,12.880249294736078,77.40609917351927,133.75291766880025,-43.007688600580046,-33.39516376912488,-90.14422050618366,13.351157349632826,-1.244954545410737,0.4880952380952381,25.791666666666668,25.5,14.49609560034951,0.8154761904761905,5.0,0.6011904761904762,9.0,0.35714285714285715,17.0,0.27976190476190477,25.0,0.17857142857142858,28.0,0.08928571428571429,32.0,0.05357142857142857,38.0,0.47023809523809523,0.42857142857142855,0.5231788079470199,0.23809523809523808,0.5595238095238095,0.29850746268656714,0.32142857142857145,0.27380952380952384,0.54,0.15476190476190477,0.30357142857142855,0.33766233766233766,0.17857142857142858,0.07738095238095238,0.6976744186046512,target_100bps_hit_rate,0.17857142857142858
ALL,1h,DAILY_4H_1H,60,168,59.846657719509324,31.650376268438364,12.880249294736078,77.40609917351927,133.75291766880025,-43.007688600580046,-33.39516376912488,-90.14422050618366,13.351157349632826,-1.244954545410737,0.4880952380952381,25.791666666666668,25.5,14.49609560034951,0.8154761904761905,5.0,0.6011904761904762,9.0,0.35714285714285715,17.0,0.27976190476190477,25.0,0.17857142857142858,28.0,0.08928571428571429,32.0,0.05357142857142857,38.0,0.47023809523809523,0.42857142857142855,0.5231788079470199,0.23809523809523808,0.5595238095238095,0.29850746268656714,0.32142857142857145,0.27380952380952384,0.54,0.15476190476190477,0.30357142857142855,0.33766233766233766,0.17857142857142858,0.07738095238095238,0.6976744186046512,target_100bps_hit_rate,0.17857142857142858
ALL,1h,FULL_ALIGNMENT,60,158,61.48578565642376,34.1689437790138,14.667053361080429,77.50399693452592,141.82147575845312,-43.32833134181316,-34.03816870729326,-84.4187642386871,14.681804121486657,-1.244954545410737,0.4873417721518987,25.670886075949365,24.5,15.042494094515245,0.8291139240506329,5.0,0.6075949367088608,9.0,0.3670886075949367,17.0,0.2848101265822785,24.0,0.17721518987341772,26.5,0.0949367088607595,32.0,0.056962025316455694,38.0,0.47468354430379744,0.4240506329113924,0.528169014084507,0.24050632911392406,0.5632911392405063,0.2992125984251969,0.3291139240506329,0.2721518987341772,0.5473684210526316,0.1518987341772152,0.3037974683544304,0.3333333333333333,0.17721518987341772,0.0759493670886076,0.7,target_100bps_hit_rate,0.17721518987341772
ALL,15m,FULL_ALIGNMENT,60,422,59.238386317653095,39.66398931258274,12.996980625151199,78.73761987524097,134.43318538638354,-52.80198338073407,-32.65966800437836,-123.41774446992792,-5.016174146843479,-7.438880971926132,0.44075829383886256,24.827014218009477,22.0,14.539099462868133,0.8104265402843602,3.0,0.6303317535545023,8.0,0.4075829383886256,16.0,0.27014218009478674,19.5,0.17298578199052134,26.0,0.08767772511848342,30.0,0.04739336492890995,31.5,0.46919431279620855,0.4099526066350711,0.5336927223719676,0.2796208530805687,0.5165876777251185,0.35119047619047616,0.36255924170616116,0.2938388625592417,0.5523465703971119,0.15639810426540285,0.35308056872037913,0.30697674418604654,0.17061611374407584,0.14691943127962084,0.5373134328358209,target_100bps_hit_rate,0.17298578199052134
ALL,15m,DAILY_4H_1H_15M,60,446,58.49776161828783,39.58463780099341,12.996980625151199,78.25939148069283,130.80431388892254,-52.51622110258153,-32.212217869085904,-123.67641885110802,-5.341213454895342,-6.88490169675593,0.4484304932735426,24.80269058295964,22.0,15.526665790298122,0.8094170403587444,3.0,0.6345291479820628,8.0,0.4013452914798206,16.0,0.2645739910313901,19.5,0.1681614349775785,26.0,0.08520179372197309,30.0,0.04484304932735426,31.5,0.47757847533632286,0.40358744394618834,0.5419847328244275,0.27802690582959644,0.5089686098654709,0.35327635327635326,0.35874439461883406,0.2937219730941704,0.5498281786941581,0.15246636771300448,0.34977578475336324,0.30357142857142855,0.16591928251121077,0.14349775784753363,0.5362318840579711,target_100bps_hit_rate,0.1681614349775785
ALL,15m,DAILY_4H_1H,60,446,58.49776161828783,39.58463780099341,12.996980625151199,78.25939148069283,130.80431388892254,-52.51622110258153,-32.212217869085904,-123.67641885110802,-5.341213454895342,-6.88490169675593,0.4484304932735426,24.80269058295964,22.0,15.526665790298122,0.8094170403587444,3.0,0.6345291479820628,8.0,0.4013452914798206,16.0,0.2645739910313901,19.5,0.1681614349775785,26.0,0.08520179372197309,30.0,0.04484304932735426,31.5,0.47757847533632286,0.40358744394618834,0.5419847328244275,0.27802690582959644,0.5089686098654709,0.35327635327635326,0.35874439461883406,0.2937219730941704,0.5498281786941581,0.15246636771300448,0.34977578475336324,0.30357142857142855,0.16591928251121077,0.14349775784753363,0.5362318840579711,target_100bps_hit_rate,0.1681614349775785
ALL,5m,DAILY_4H_1H_15M,60,766,66.07196527336953,36.82592608053259,14.661306659401463,73.04544379481025,142.1773976443552,-51.22257876159141,-34.04501390266823,-121.57976771603018,2.3112192084136582,-4.674991404817752,0.45430809399477806,25.886422976501304,22.0,15.186398192298975,0.8237597911227154,4.0,0.6122715404699739,11.0,0.4007832898172324,19.0,0.24151436031331594,23.0,0.16449086161879894,26.0,0.09530026109660575,30.0,0.0639686684073107,31.0,0.45039164490861616,0.42689295039164493,0.5133928571428571,0.28067885117493474,0.52088772845953,0.3501628664495114,0.35117493472584854,0.2741514360313316,0.5615866388308977,0.13446475195822455,0.33159268929503916,0.28851540616246496,0.15926892950391644,0.11618798955613577,0.5781990521327014,target_100bps_hit_rate,0.16449086161879894
ALL,5m,FULL_ALIGNMENT,60,766,66.07196527336953,36.82592608053259,14.661306659401463,73.04544379481025,142.1773976443552,-51.22257876159141,-34.04501390266823,-121.57976771603018,2.3112192084136582,-4.674991404817752,0.45430809399477806,25.886422976501304,22.0,15.186398192298975,0.8237597911227154,4.0,0.6122715404699739,11.0,0.4007832898172324,19.0,0.24151436031331594,23.0,0.16449086161879894,26.0,0.09530026109660575,30.0,0.0639686684073107,31.0,0.45039164490861616,0.42689295039164493,0.5133928571428571,0.28067885117493474,0.52088772845953,0.3501628664495114,0.35117493472584854,0.2741514360313316,0.5615866388308977,0.13446475195822455,0.33159268929503916,0.28851540616246496,0.15926892950391644,0.11618798955613577,0.5781990521327014,target_100bps_hit_rate,0.16449086161879894
ALL,1m,DAILY_4H_1H_15M,60,4826,58.728723366180155,33.681724719341055,14.032507574285313,72.00051431409892,134.1888286424986,-49.14303237003351,-32.39550627304743,-111.59923637913406,2.6089049776509055,-1.4386449166009507,0.4850808122668877,27.73331951927062,26.0,34.36941728072314,0.8166183174471612,4.0,0.5965602983837547,12.0,0.37132200580190633,21.0,0.23684210526315788,25.0,0.15955242436800662,29.0,0.08019063406547866,34.0,0.04537919602154994,37.0,0.4593866556154165,0.4276833816825528,0.5178696566222845,0.2619146290924161,0.5317032739328637,0.3300261096605744,0.33257355988396187,0.2880232076253626,0.5358931552587646,0.13903854123497722,0.32552838789888106,0.2992863514719001,0.15582262743472855,0.11748860339825942,0.5701288855193328,target_100bps_hit_rate,0.15955242436800662
ALL,5m,DAILY_4H_1H,60,1650,56.968844565627315,32.85511289247811,13.213639652567277,67.20779508165076,123.03222271105189,-47.69809188424003,-31.569070806552467,-109.82174634020137,-0.6877839325674149,-4.039410131010945,0.4581818181818182,26.10969696969697,22.0,28.449336150567202,0.813939393939394,4.0,0.5836363636363636,13.0,0.3496969696969697,21.0,0.21696969696969698,24.0,0.14606060606060606,29.0,0.07393939393939394,31.5,0.04666666666666667,33.0,0.43757575757575756,0.42848484848484847,0.5052484254723583,0.24242424242424243,0.5230303030303031,0.3167062549485352,0.3103030303030303,0.26545454545454544,0.5389473684210526,0.12484848484848485,0.30363636363636365,0.2913719943422914,0.14242424242424243,0.10424242424242425,0.5773955773955773,target_100bps_hit_rate,0.14606060606060606
ALL,1m,DAILY_4H_1H,60,8600,52.004198699767194,31.39976884767748,13.076477766170157,64.48567155315999,117.47141101465887,-47.03273527067814,-31.07255648663265,-107.35467560801558,0.6686528851495568,-1.4022667405239053,0.48348837209302326,28.059418604651164,26.0,29.55024188659601,0.8046511627906977,5.0,0.5720930232558139,14.0,0.33406976744186045,22.0,0.20348837209302326,26.0,0.1330232558139535,30.0,0.06151162790697674,34.0,0.03441860465116279,37.0,0.4475581395348837,0.42872093023255814,0.5107484076433121,0.2424418604651163,0.523953488372093,0.31634046426945833,0.3033720930232558,0.2812790697674419,0.5188941925218775,0.11755813953488373,0.3127906976744186,0.27316941367198055,0.13,0.11127906976744185,0.5387951807228916,target_100bps_hit_rate,0.1330232558139535
ALL,1h,FULL_ALIGNMENT,30,158,42.0044391160739,25.2688902376319,11.058353061456083,51.32392099968574,101.54919910326024,-31.2503166621048,-25.302388695909173,-65.4599374898216,5.979004174135708,-2.7135697134872405,0.47468354430379744,13.582278481012658,12.0,13.724096369468871,0.7848101265822784,4.0,0.5189873417721519,7.0,0.25949367088607594,12.0,0.18354430379746836,14.0,0.10759493670886076,16.0,0.04430379746835443,13.0,0.012658227848101266,19.5,0.44936708860759494,0.3924050632911392,0.5338345864661654,0.2088607594936709,0.4810126582278481,0.30275229357798167,0.24050632911392406,0.15822784810126583,0.6031746031746031,0.0949367088607595,0.17721518987341772,0.3488372093023256,0.10759493670886076,0.02531645569620253,0.8095238095238095,target_100bps_hit_rate,0.10759493670886076
ALL,1h,DAILY_4H_1H_15M,30,162,41.42256807699619,25.2688902376319,10.942987229117795,49.97169948427249,100.38867365184315,-30.916796498449678,-25.14959710948117,-65.0301545066172,5.717191584828839,-2.0848576845372557,0.48148148148148145,13.623456790123457,12.0,13.52938118300653,0.7777777777777778,4.0,0.5185185185185185,7.0,0.25308641975308643,12.0,0.17901234567901234,14.0,0.10493827160493827,16.0,0.043209876543209874,13.0,0.012345679012345678,19.5,0.4506172839506173,0.3888888888888889,0.5367647058823529,0.2037037037037037,0.47530864197530864,0.3,0.2345679012345679,0.16049382716049382,0.59375,0.09259259259259259,0.17901234567901234,0.3409090909090909,0.10493827160493827,0.024691358024691357,0.8095238095238095,target_100bps_hit_rate,0.10493827160493827
ALL,1m,FULL_ALIGNMENT,30,2799,43.89361926693574,25.54744525547381,9.765734745141863,55.027621229716274,101.15356721276127,-36.07736079424965,-23.483350151362046,-80.1367125125858,2.6872923092125096,-1.015906964310087,0.48302965344765986,13.772418720971775,12.0,33.3566494430234,0.7463379778492318,3.0,0.5069667738478028,8.0,0.2765273311897106,13.0,0.16720257234726688,15.0,0.10325116112897463,16.0,0.04430153626295105,19.0,0.022865309038942478,20.0,0.42015005359056806,0.37727759914255093,0.5268817204301075,0.21186137906395142,0.45158985351911396,0.3193322563274098,0.2572347266881029,0.1939978563772776,0.5700712589073634,0.09431939978563773,0.2150768131475527,0.30484988452655887,0.10182207931404073,0.05894962486602358,0.6333333333333333,target_100bps_hit_rate,0.10325116112897463
ALL,1h,DAILY_4H_1H,30,168,40.759848780940736,25.152917245018223,10.922236331878388,49.83051993575849,97.87386787688607,-30.800626323684156,-25.302388695909173,-64.11109687354899,5.332042938288687,-2.0848576845372557,0.48214285714285715,13.583333333333334,12.0,13.177666663310802,0.7738095238095238,4.0,0.5059523809523809,7.0,0.25,11.0,0.17261904761904762,14.0,0.10119047619047619,16.0,0.041666666666666664,13.0,0.011904761904761904,19.5,0.44047619047619047,0.39880952380952384,0.524822695035461,0.20238095238095238,0.48214285714285715,0.2956521739130435,0.23214285714285715,0.16071428571428573,0.5909090909090909,0.08928571428571429,0.17857142857142858,0.3333333333333333,0.10119047619047619,0.023809523809523808,0.8095238095238095,target_100bps_hit_rate,0.10119047619047619
ALL,15m,FULL_ALIGNMENT,30,422,44.18781739166564,28.169241129823995,10.300698538256437,57.4849057084692,99.0240574790343,-37.92555621816016,-22.51305624274169,-93.92078599622111,0.25834529860605315,-1.8189414085384437,0.47393364928909953,13.637440758293838,13.0,11.308010989937873,0.7582938388625592,3.0,0.5402843601895735,7.0,0.3009478672985782,12.0,0.1872037914691943,15.0,0.0995260663507109,17.0,0.04739336492890995,17.5,0.02132701421800948,11.0,0.4265402843601896,0.3412322274881517,0.5555555555555556,0.22274881516587677,0.41232227488151657,0.35074626865671643,0.2796208530805687,0.19194312796208532,0.592964824120603,0.09004739336492891,0.23459715639810427,0.2773722627737226,0.0995260663507109,0.07582938388625593,0.5675675675675675,target_100bps_hit_rate,0.0995260663507109
ALL,15m,DAILY_4H_1H_15M,30,446,43.748573474003265,28.681056001009786,10.300698538256437,56.916739331108744,95.64921272087523,-37.24832695902471,-22.163197756477903,-93.51101506852422,0.39994936256384706,-1.4357661164809965,0.4798206278026906,13.522421524663677,12.0,11.966491149375965,0.757847533632287,3.0,0.547085201793722,7.0,0.29596412556053814,11.5,0.18161434977578475,15.0,0.09417040358744394,17.0,0.04484304932735426,17.5,0.020179372197309416,11.0,0.4349775784753363,0.33856502242152464,0.5623188405797102,0.21973094170403587,0.4103139013452915,0.3487544483985765,0.2757847533632287,0.1905829596412556,0.5913461538461539,0.08520179372197309,0.23094170403587444,0.2695035460992908,0.09417040358744394,0.07399103139013453,0.56,target_100bps_hit_rate,0.09417040358744394
ALL,15m,DAILY_4H_1H,30,446,43.748573474003265,28.681056001009786,10.300698538256437,56.916739331108744,95.64921272087523,-37.24832695902471,-22.163197756477903,-93.51101506852422,0.39994936256384706,-1.4357661164809965,0.4798206278026906,13.522421524663677,12.0,11.966491149375965,0.757847533632287,3.0,0.547085201793722,7.0,0.29596412556053814,11.5,0.18161434977578475,15.0,0.09417040358744394,17.0,0.04484304932735426,17.5,0.020179372197309416,11.0,0.4349775784753363,0.33856502242152464,0.5623188405797102,0.21973094170403587,0.4103139013452915,0.3487544483985765,0.2757847533632287,0.1905829596412556,0.5913461538461539,0.08520179372197309,0.23094170403587444,0.2695035460992908,0.09417040358744394,0.07399103139013453,0.56,target_100bps_hit_rate,0.09417040358744394
ALL,5m,FULL_ALIGNMENT,30,766,46.15117832437787,25.050952069337605,10.679226317343304,52.95841256274747,96.80736309944815,-36.48162237397735,-22.988877029618273,-82.68825970873527,3.7431893683899298,-2.3537947567514594,0.4516971279373368,13.909921671018276,13.0,77.0454851911135,0.7558746736292428,3.0,0.5013054830287206,8.0,0.27284595300261094,12.0,0.15274151436031333,14.0,0.09138381201044386,17.0,0.04960835509138381,17.0,0.030026109660574413,17.0,0.39425587467362927,0.36161879895561355,0.5215889464594128,0.21279373368146215,0.42297650130548303,0.3347022587268994,0.2545691906005222,0.195822454308094,0.5652173913043478,0.07963446475195822,0.22323759791122716,0.2629310344827586,0.09138381201044386,0.07180156657963446,0.56,target_100bps_hit_rate,0.09138381201044386
ALL,5m,DAILY_4H_1H_15M,30,766,46.15117832437787,25.050952069337605,10.679226317343304,52.95841256274747,96.80736309944815,-36.48162237397735,-22.988877029618273,-82.68825970873527,3.7431893683899298,-2.3537947567514594,0.4516971279373368,13.909921671018276,13.0,77.0454851911135,0.7558746736292428,3.0,0.5013054830287206,8.0,0.27284595300261094,12.0,0.15274151436031333,14.0,0.09138381201044386,17.0,0.04960835509138381,17.0,0.030026109660574413,17.0,0.39425587467362927,0.36161879895561355,0.5215889464594128,0.21279373368146215,0.42297650130548303,0.3347022587268994,0.2545691906005222,0.195822454308094,0.5652173913043478,0.07963446475195822,0.22323759791122716,0.2629310344827586,0.09138381201044386,0.07180156657963446,0.56,target_100bps_hit_rate,0.09138381201044386
ALL,1m,DAILY_4H_1H_15M,30,4826,39.64503705548881,23.392536739491597,9.350151835951781,49.9123722158662,90.41879344587333,-34.49723053021708,-22.131335258190887,-77.73132821941032,1.2413508582599968,-1.0743130959978142,0.48010774968918357,13.920430998756734,13.0,28.577019643959197,0.7349772067965189,4.0,0.47534189805221716,8.0,0.24906755076668047,13.0,0.1427683381682553,16.0,0.08474927476170742,16.0,0.03377538334024036,18.0,0.017612929962702032,20.0,0.3999171156237049,0.3655200994612516,0.5224688684353005,0.19353501864898467,0.4301699129714049,0.3102990033222591,0.23290509738914214,0.1898052217157066,0.5509803921568628,0.07791131371736428,0.20845420638209697,0.27206946454413894,0.08392043099875673,0.05449647741400746,0.6062874251497006,target_100bps_hit_rate,0.08474927476170742
ALL,5m,DAILY_4H_1H,30,1650,39.565056708455984,22.548244662369264,9.405994882801249,46.40149142813466,89.69043515335368,-33.3352194120573,-21.80686417521116,-77.06335802880504,1.0357196501173975,-2.0988413802341954,0.4624242424242424,13.52909090909091,12.0,58.42139208897563,0.7381818181818182,3.0,0.46,8.0,0.23030303030303031,13.0,0.1296969696969697,14.0,0.07757575757575758,16.0,0.03575757575757576,17.0,0.02,17.0,0.37393939393939396,0.35454545454545455,0.5133111480865225,0.17939393939393938,0.4103030303030303,0.30421377183967113,0.21636363636363637,0.17515151515151514,0.5526315789473685,0.0703030303030303,0.19454545454545455,0.2654462242562929,0.07757575757575758,0.05818181818181818,0.5714285714285714,target_100bps_hit_rate,0.07757575757575758
ALL,1m,DAILY_4H_1H,30,8600,35.44053444806331,21.21293178579453,8.665208974329431,44.63995122840958,82.04987781034778,-32.780339949955575,-21.168628726830896,-75.58318232765026,0.414888440284165,-0.9942697418696689,0.48290697674418603,14.125116279069767,13.0,27.350433587551205,0.7196511627906976,4.0,0.4432558139534884,9.0,0.2144186046511628,14.0,0.1177906976744186,16.0,0.06755813953488372,17.0,0.02558139534883721,18.0,0.012906976744186047,20.0,0.3801162790697674,0.3638372093023256,0.5109409190371991,0.1697674418604651,0.4190697674418605,0.2883096366508689,0.20267441860465116,0.17930232558139536,0.5305936073059361,0.062325581395348835,0.1936046511627907,0.24352567014993184,0.06662790697674419,0.050348837209302326,0.5695825049701789,target_100bps_hit_rate,0.06755813953488372
ALL,1h,FULL_ALIGNMENT,15,158,30.407011841949423,19.193376653312555,7.1446413535214415,37.34592779776447,72.14821045487058,-23.998673668636986,-17.63935093196278,-53.50654892310636,4.592129960512485,-0.6940158882506875,0.4873417721518987,7.531645569620253,7.0,20.853046385528902,0.6835443037974683,2.0,0.41139240506329117,6.0,0.17721518987341772,6.0,0.10126582278481013,10.5,0.05063291139240506,10.5,0.02531645569620253,10.5,0.006329113924050633,9.0,0.3860759493670886,0.26582278481012656,0.5922330097087378,0.15822784810126583,0.310126582278481,0.33783783783783783,0.17721518987341772,0.11392405063291139,0.6086956521739131,0.05063291139240506,0.12025316455696203,0.2962962962962963,0.05063291139240506,0.0189873417721519,0.7272727272727273,target_100bps_hit_rate,0.05063291139240506
ALL,1h,DAILY_4H_1H_15M,15,162,30.071018736648917,19.193376653312555,7.038379280174811,37.27237550512797,70.31467671009686,-23.797551148586503,-17.444214031649416,-54.54107287230037,4.4692361097570386,-0.6940158882506875,0.4876543209876543,7.580246913580247,7.0,20.513022083053162,0.6790123456790124,2.0,0.41358024691358025,6.0,0.1728395061728395,6.0,0.09876543209876543,10.5,0.04938271604938271,10.5,0.024691358024691357,10.5,0.006172839506172839,9.0,0.3888888888888889,0.2654320987654321,0.5943396226415094,0.15432098765432098,0.30864197530864196,0.3333333333333333,0.1728395061728395,0.11728395061728394,0.5957446808510638,0.04938271604938271,0.12345679012345678,0.2857142857142857,0.04938271604938271,0.018518518518518517,0.7272727272727273,target_100bps_hit_rate,0.04938271604938271
ALL,1h,DAILY_4H,15,168,29.580623160483235,18.591345040568363,6.807291567690887,37.21345850170865,70.72736627435638,-23.711288992025874,-17.444214031649416,-54.612017602296724,4.164861270028352,-0.6940158882506875,0.48214285714285715,7.428571428571429,7.0,19.87627929927443,0.6666666666666666,2.0,0.40476190476190477,6.0,0.17261904761904762,6.0,0.09523809523809523,10.5,0.047619047619047616,10.5,0.023809523809523808,10.5,0.005952380952380952,9.0,0.38095238095238093,0.26785714285714285,0.5871559633027523,0.15476190476190477,0.30952380952380953,0.3333333333333333,0.17261904761904762,0.11904761904761904,0.5918367346938775,0.047619047619047616,0.125,0.27586206896551724,0.047619047619047616,0.017857142857142856,0.7272727272727273,target_100bps_hit_rate,0.047619047619047616
ALL,15m,FULL_ALIGNMENT,15,422,31.648658919803456,18.862996682954545,7.100528809401152,40.96203386276143,73.3883742779416,-25.60350501738328,-16.699849442953774,-58.15261126483606,1.8483857102974453,-1.2277412684424949,0.47393364928909953,6.931279620853081,6.0,19.17151589944404,0.6563981042654028,2.0,0.42890995260663506,5.0,0.1895734597156398,7.5,0.0947867298578199,8.0,0.04739336492890995,7.0,0.02132701421800948,7.0,0.011848341232227487,7.0,0.35071090047393366,0.2677725118483412,0.5670498084291188,0.14928909952606634,0.3175355450236967,0.3197969543147208,0.17772511848341233,0.12085308056872038,0.5952380952380952,0.04265402843601896,0.13507109004739337,0.24,0.04739336492890995,0.02843601895734597,0.625,target_100bps_hit_rate,0.04739336492890995
ALL,1m,FULL_ALIGNMENT,15,2799,29.008698344818015,16.817676334930365,6.191638428423296,37.162140358733,68.47977375828364,-25.53672469168186,-16.682886139303132,-55.42796279780693,0.7609434625441521,-1.2367679879476956,0.47624151482672383,7.038585209003215,6.0,31.01993660492841,0.6509467667023937,3.0,0.3776348695962844,5.0,0.16934619506966775,7.0,0.08503036798856735,9.0,0.046802429439085386,10.0,0.015005359056806002,11.0,0.007145409074669525,10.0,0.3340478742408003,0.29403358342265096,0.5318543799772468,0.1414790996784566,0.3347624151482672,0.2970742685671418,0.16291532690246516,0.10932475884244373,0.5984251968503937,0.043586995355484104,0.11754197927831368,0.270509977827051,0.046802429439085386,0.02750982493747767,0.6298076923076923,target_100bps_hit_rate,0.046802429439085386
ALL,15m,DAILY_4H_1H,15,446,31.539725378458353,19.39497925376843,7.169968046055741,40.96203386276143,72.71782701493201,-25.225322351502975,-15.634933935142481,-57.98297333662661,1.9806333976083057,-0.9820203719224097,0.4820627802690583,6.948430493273543,6.0,19.310836743687698,0.6591928251121076,2.0,0.4327354260089686,5.0,0.18834080717488788,7.5,0.09417040358744394,8.0,0.04484304932735426,7.0,0.020179372197309416,7.0,0.011210762331838564,7.0,0.3542600896860987,0.2645739910313901,0.572463768115942,0.14798206278026907,0.31614349775784756,0.3188405797101449,0.17713004484304934,0.11883408071748879,0.5984848484848485,0.04035874439461883,0.13228699551569506,0.23376623376623376,0.04484304932735426,0.026905829596412557,0.625,target_100bps_hit_rate,0.04484304932735426
ALL,15m,DAILY_4H_1H_15M,15,446,31.539725378458353,19.39497925376843,7.169968046055741,40.96203386276143,72.71782701493201,-25.225322351502975,-15.634933935142481,-57.98297333662661,1.9806333976083057,-0.9820203719224097,0.4820627802690583,6.948430493273543,6.0,19.310836743687698,0.6591928251121076,2.0,0.4327354260089686,5.0,0.18834080717488788,7.5,0.09417040358744394,8.0,0.04484304932735426,7.0,0.020179372197309416,7.0,0.011210762331838564,7.0,0.3542600896860987,0.2645739910313901,0.572463768115942,0.14798206278026907,0.31614349775784756,0.3188405797101449,0.17713004484304934,0.11883408071748879,0.5984848484848485,0.04035874439461883,0.13228699551569506,0.23376623376623376,0.04484304932735426,0.026905829596412557,0.625,target_100bps_hit_rate,0.04484304932735426
ALL,5m,DAILY_4H_1H_15M,15,766,28.735337121236242,16.362319307746674,6.117571206998851,35.04675773151888,64.69782334121987,-25.425205855644368,-16.492825583795945,-56.68943522117886,1.068379549088841,-1.0547780499758908,0.47389033942558745,7.026109660574413,6.0,47.59887754279099,0.6553524804177546,3.0,0.36553524804177545,5.0,0.1566579634464752,6.5,0.08093994778067885,6.5,0.04046997389033943,7.0,0.020887728459530026,8.0,0.010443864229765013,10.5,0.3093994778067885,0.26631853785900783,0.5374149659863946,0.13315926892950392,0.3028720626631854,0.30538922155688625,0.15013054830287206,0.1227154046997389,0.5502392344497608,0.03655352480417755,0.13315926892950392,0.2153846153846154,0.04046997389033943,0.03655352480417755,0.5254237288135594,target_100bps_hit_rate,0.04046997389033943
ALL,5m,FULL_ALIGNMENT,15,766,28.735337121236242,16.362319307746674,6.117571206998851,35.04675773151888,64.69782334121987,-25.425205855644368,-16.492825583795945,-56.68943522117886,1.068379549088841,-1.0547780499758908,0.47389033942558745,7.026109660574413,6.0,47.59887754279099,0.6553524804177546,3.0,0.36553524804177545,5.0,0.1566579634464752,6.5,0.08093994778067885,6.5,0.04046997389033943,7.0,0.020887728459530026,8.0,0.010443864229765013,10.5,0.3093994778067885,0.26631853785900783,0.5374149659863946,0.13315926892950392,0.3028720626631854,0.30538922155688625,0.15013054830287206,0.1227154046997389,0.5502392344497608,0.03655352480417755,0.13315926892950392,0.2153846153846154,0.04046997389033943,0.03655352480417755,0.5254237288135594,target_100bps_hit_rate,0.04046997389033943
ALL,5m,DAILY_4H_1H,15,1650,26.469174916463313,15.270510463101239,5.971405467782853,33.02899252560498,58.48624058988874,-22.834694471055695,-15.050269639615976,-51.484941420108065,1.0496879883182495,-1.2150301465652102,0.47515151515151516,7.004848484848485,6.0,43.807097984296405,0.6406060606060606,3.0,0.33575757575757575,5.0,0.1321212121212121,6.0,0.0703030303030303,7.0,0.038181818181818185,7.0,0.01696969696969697,9.5,0.00787878787878788,11.0,0.2915151515151515,0.25333333333333335,0.5350389321468298,0.11212121212121212,0.28363636363636363,0.2833078101071976,0.1290909090909091,0.1006060606060606,0.5620052770448549,0.03636363636363636,0.10787878787878788,0.25210084033613445,0.038181818181818185,0.02181818181818182,0.6363636363636364,target_100bps_hit_rate,0.038181818181818185
ALL,1m,DAILY_4H_1H_15M,15,4826,26.56416400585609,15.65927850284865,5.9950823516657925,33.45791001884202,61.77423593578424,-24.170932946737796,-15.557453330697356,-53.78629978333271,0.40012868203882895,-0.946319420313535,0.4805221715706589,7.168462494819726,7.0,29.908968997060054,0.6369664318276005,3.0,0.3460422710319105,5.0,0.14711976792374637,8.0,0.07107335267302113,9.0,0.037919602154993785,10.0,0.011811023622047244,11.0,0.0060091172813924575,11.0,0.30915872358060503,0.2801491918773311,0.5246132208157525,0.12453377538334023,0.3139245752175715,0.2840264650283554,0.14214670534604226,0.10422710319104848,0.5769554247266611,0.035640281806879406,0.11065064235391629,0.24362606232294617,0.037919602154993785,0.024865312888520515,0.6039603960396039,target_100bps_hit_rate,0.037919602154993785
ALL,1m,DAILY_4H_1H,15,8600,23.952027458002288,14.449433369106979,5.662878551638828,30.27976352811379,55.56838757424366,-22.630183518787014,-14.868542484412494,-49.88937241565317,0.07794115346867499,-0.622987188120816,0.48604651162790696,7.272674418604651,7.0,27.92262173631286,0.6158139534883721,3.0,0.31383720930232556,6.0,0.12255813953488372,8.0,0.055232558139534885,9.0,0.029186046511627907,10.0,0.008837209302325582,10.0,0.004069767441860465,11.0,0.28569767441860466,0.2683720930232558,0.5156348373557188,0.1063953488372093,0.2961627906976744,0.26429809358752165,0.11941860465116279,0.09430232558139535,0.558759521218716,0.02767441860465116,0.0986046511627907,0.21915285451197053,0.029186046511627907,0.02116279069767442,0.5796766743648961,target_100bps_hit_rate,0.029186046511627907
ALL,15m,DAILY_4H_1H,240,446,120.82898572088331,78.4745568096179,31.031246683412284,165.2868988915568,280.16141536125974,-99.21716652896852,-72.1554206054198,-215.0819226537787,7.0034310803644635,-2.607728249284791,0.4798206278026906,110.45739910313901,107.5,8.578186780773699,0.9035874439461884,4.0,0.7914798206278026,11.0,0.6502242152466368,34.5,0.5089686098654709,56.0,0.4125560538116592,84.5,0.2802690582959641,102.0,0.18834080717488788,122.0,0.531390134529148,0.4484304932735426,0.5423340961098398,0.3744394618834081,0.5896860986547086,0.3883720930232558,0.5112107623318386,0.40582959641255606,0.5574572127139364,0.30269058295964124,0.5448430493273543,0.35714285714285715,0.3632286995515695,0.31614349775784756,0.5346534653465347,t50_s25_resolved_target_win_rate,0.3883720930232558
ALL,15m,DAILY_4H_1H_15M,240,446,120.82898572088331,78.4745568096179,31.031246683412284,165.2868988915568,280.16141536125974,-99.21716652896852,-72.1554206054198,-215.0819226537787,7.0034310803644635,-2.607728249284791,0.4798206278026906,110.45739910313901,107.5,8.578186780773699,0.9035874439461884,4.0,0.7914798206278026,11.0,0.6502242152466368,34.5,0.5089686098654709,56.0,0.4125560538116592,84.5,0.2802690582959641,102.0,0.18834080717488788,122.0,0.531390134529148,0.4484304932735426,0.5423340961098398,0.3744394618834081,0.5896860986547086,0.3883720930232558,0.5112107623318386,0.40582959641255606,0.5574572127139364,0.30269058295964124,0.5448430493273543,0.35714285714285715,0.3632286995515695,0.31614349775784756,0.5346534653465347,t50_s25_resolved_target_win_rate,0.3883720930232558
ALL,15m,DAILY_4H_1H_15M,120,446,82.11158938697754,54.90638929858905,18.80933347150282,109.57721047423318,196.95809215493853,-73.85554517495133,-53.412631628358966,-162.29711914099443,2.6137877325130394,-7.816708964863417,0.4484304932735426,52.17488789237668,42.0,8.658118250510753,0.8587443946188341,4.0,0.7130044843049327,10.0,0.5291479820627802,26.0,0.38565022421524664,32.5,0.2757847533632287,44.0,0.16367713004484305,58.0,0.09192825112107623,61.0,0.5134529147982063,0.4327354260089686,0.542654028436019,0.3430493273542601,0.5582959641255605,0.3805970149253731,0.45067264573991034,0.37668161434977576,0.5447154471544715,0.2242152466367713,0.47085201793721976,0.3225806451612903,0.2623318385650224,0.2242152466367713,0.5391705069124424,t50_s25_resolved_target_win_rate,0.3805970149253731
ALL,15m,DAILY_4H_1H,120,446,82.11158938697754,54.90638929858905,18.80933347150282,109.57721047423318,196.95809215493853,-73.85554517495133,-53.412631628358966,-162.29711914099443,2.6137877325130394,-7.816708964863417,0.4484304932735426,52.17488789237668,42.0,8.658118250510753,0.8587443946188341,4.0,0.7130044843049327,10.0,0.5291479820627802,26.0,0.38565022421524664,32.5,0.2757847533632287,44.0,0.16367713004484305,58.0,0.09192825112107623,61.0,0.5134529147982063,0.4327354260089686,0.542654028436019,0.3430493273542601,0.5582959641255605,0.3805970149253731,0.45067264573991034,0.37668161434977576,0.5447154471544715,0.2242152466367713,0.47085201793721976,0.3225806451612903,0.2623318385650224,0.2242152466367713,0.5391705069124424,t50_s25_resolved_target_win_rate,0.3805970149253731
ALL,15m,FULL_ALIGNMENT,240,422,122.15845211943733,78.4745568096179,30.64996422125099,168.67286135177127,284.1837719663894,-98.88082263959384,-72.80120380209308,-212.09254695509307,8.738493977592668,-3.2892363350273124,0.47393364928909953,109.84834123222748,107.0,8.66795538784563,0.9052132701421801,4.0,0.7890995260663507,11.0,0.6516587677725119,33.0,0.509478672985782,53.0,0.4075829383886256,78.0,0.2843601895734597,102.0,0.1943127962085308,120.5,0.5213270142180095,0.45734597156398105,0.5326876513317191,0.36729857819905215,0.5995260663507109,0.3799019607843137,0.5071090047393365,0.41232227488151657,0.5515463917525774,0.2938388625592417,0.5521327014218009,0.3473389355742297,0.35545023696682465,0.3175355450236967,0.528169014084507,t50_s25_resolved_target_win_rate,0.3799019607843137
ALL,15m,FULL_ALIGNMENT,120,422,83.53261884267553,54.90638929858905,18.24278522476408,110.53367860957397,198.6581227159934,-74.05236473334243,-54.346634408297675,-159.7203098283002,3.922541655764018,-8.672582878881396,0.4431279620853081,52.208530805687204,42.5,7.268231585079693,0.8601895734597157,4.0,0.7109004739336493,10.0,0.5284360189573459,26.0,0.3933649289099526,32.5,0.2843601895734597,45.0,0.16824644549763032,58.0,0.0971563981042654,61.0,0.504739336492891,0.44075829383886256,0.5338345864661654,0.33649289099526064,0.566350710900474,0.37270341207349084,0.44786729857819907,0.3815165876777251,0.54,0.22985781990521326,0.4786729857819905,0.32441471571906355,0.27014218009478674,0.22274881516587677,0.5480769230769231,t50_s25_resolved_target_win_rate,0.37270341207349084
ALL,1m,FULL_ALIGNMENT,240,2799,134.37512744225495,78.56559449263001,32.391429723216405,161.86456921830404,313.13359516455506,-102.42327020891715,-72.97931262529201,-233.71194956257477,5.214941065203705,-8.251603954106956,0.46266523758485173,101.61343336906037,88.0,36.54080220742439,0.9146123615576992,5.0,0.8002858163629868,18.0,0.6463022508038585,40.0,0.5173276170060735,59.0,0.4137191854233655,68.0,0.2736691675598428,82.0,0.19506966773847803,94.5,0.5173276170060735,0.4715969989281886,0.523121387283237,0.34798142193640585,0.6230796713111826,0.35835172921265634,0.49874955341193283,0.42908181493390496,0.5375433192144783,0.29403358342265096,0.5476956055734191,0.349320882852292,0.36441586280814575,0.30439442658092175,0.5448717948717948,t50_s25_resolved_target_win_rate,0.35835172921265634
ALL,5m,DAILY_4H_1H_15M,240,766,123.62773412645163,70.95626710096225,29.676110098915686,160.2349705542949,294.3516269229862,-104.69717836658008,-70.96205436801063,-231.49932963422714,-2.6409704927841284,-11.101255604106797,0.4516971279373368,98.7597911227154,77.0,7.200110629710931,0.9073107049608355,5.0,0.7845953002610966,17.0,0.6331592689295039,40.0,0.48825065274151436,62.0,0.3785900783289817,75.5,0.26370757180156656,89.5,0.1906005221932115,97.5,0.4934725848563969,0.489556135770235,0.50199203187251,0.34986945169712796,0.6279373368146214,0.35781041388518026,0.4908616187989556,0.43342036553524804,0.5310734463276836,0.26240208877284593,0.5600522193211488,0.319047619047619,0.3433420365535248,0.30809399477806787,0.5270541082164328,t50_s25_resolved_target_win_rate,0.35781041388518026
ALL,5m,FULL_ALIGNMENT,240,766,123.62773412645163,70.95626710096225,29.676110098915686,160.2349705542949,294.3516269229862,-104.69717836658008,-70.96205436801063,-231.49932963422714,-2.6409704927841284,-11.101255604106797,0.4516971279373368,98.7597911227154,77.0,7.200110629710931,0.9073107049608355,5.0,0.7845953002610966,17.0,0.6331592689295039,40.0,0.48825065274151436,62.0,0.3785900783289817,75.5,0.26370757180156656,89.5,0.1906005221932115,97.5,0.4934725848563969,0.489556135770235,0.50199203187251,0.34986945169712796,0.6279373368146214,0.35781041388518026,0.4908616187989556,0.43342036553524804,0.5310734463276836,0.26240208877284593,0.5600522193211488,0.319047619047619,0.3433420365535248,0.30809399477806787,0.5270541082164328,t50_s25_resolved_target_win_rate,0.35781041388518026
ALL,1m,FULL_ALIGNMENT,120,2799,92.42754690286708,55.33383559691352,22.402381600212795,116.12002231271234,221.88445322107023,-72.98587082751088,-48.611381325158746,-167.69476081237488,4.235704801480967,-2.7467579250728402,0.48160057163272596,53.11611289746338,48.0,42.52019430582348,0.8749553411932833,5.0,0.7259735619864237,14.0,0.5344765987852804,29.0,0.3865666309396213,37.0,0.2897463379778492,43.0,0.17970703822793854,57.0,0.11825652018578063,62.0,0.5080385852090032,0.45837799214005004,0.5256931608133086,0.32618792425866383,0.5966416577349053,0.3534649632210608,0.4437299035369775,0.3762057877813505,0.5411764705882353,0.22615219721329047,0.44765987852804573,0.3356309650053022,0.2675955698463737,0.20507324044301536,0.5661375661375662,t50_s25_resolved_target_win_rate,0.3534649632210608
ALL,15m,DAILY_4H_1H_15M,60,446,58.49776161828783,39.58463780099341,12.996980625151199,78.25939148069283,130.80431388892254,-52.51622110258153,-32.212217869085904,-123.67641885110802,-5.341213454895342,-6.88490169675593,0.4484304932735426,24.80269058295964,22.0,15.526665790298122,0.8094170403587444,3.0,0.6345291479820628,8.0,0.4013452914798206,16.0,0.2645739910313901,19.5,0.1681614349775785,26.0,0.08520179372197309,30.0,0.04484304932735426,31.5,0.47757847533632286,0.40358744394618834,0.5419847328244275,0.27802690582959644,0.5089686098654709,0.35327635327635326,0.35874439461883406,0.2937219730941704,0.5498281786941581,0.15246636771300448,0.34977578475336324,0.30357142857142855,0.16591928251121077,0.14349775784753363,0.5362318840579711,t50_s25_resolved_target_win_rate,0.35327635327635326
ALL,15m,DAILY_4H_1H,60,446,58.49776161828783,39.58463780099341,12.996980625151199,78.25939148069283,130.80431388892254,-52.51622110258153,-32.212217869085904,-123.67641885110802,-5.341213454895342,-6.88490169675593,0.4484304932735426,24.80269058295964,22.0,15.526665790298122,0.8094170403587444,3.0,0.6345291479820628,8.0,0.4013452914798206,16.0,0.2645739910313901,19.5,0.1681614349775785,26.0,0.08520179372197309,30.0,0.04484304932735426,31.5,0.47757847533632286,0.40358744394618834,0.5419847328244275,0.27802690582959644,0.5089686098654709,0.35327635327635326,0.35874439461883406,0.2937219730941704,0.5498281786941581,0.15246636771300448,0.34977578475336324,0.30357142857142855,0.16591928251121077,0.14349775784753363,0.5362318840579711,t50_s25_resolved_target_win_rate,0.35327635327635326
ALL,15m,FULL_ALIGNMENT,60,422,59.238386317653095,39.66398931258274,12.996980625151199,78.73761987524097,134.43318538638354,-52.80198338073407,-32.65966800437836,-123.41774446992792,-5.016174146843479,-7.438880971926132,0.44075829383886256,24.827014218009477,22.0,14.539099462868133,0.8104265402843602,3.0,0.6303317535545023,8.0,0.4075829383886256,16.0,0.27014218009478674,19.5,0.17298578199052134,26.0,0.08767772511848342,30.0,0.04739336492890995,31.5,0.46919431279620855,0.4099526066350711,0.5336927223719676,0.2796208530805687,0.5165876777251185,0.35119047619047616,0.36255924170616116,0.2938388625592417,0.5523465703971119,0.15639810426540285,0.35308056872037913,0.30697674418604654,0.17061611374407584,0.14691943127962084,0.5373134328358209,t50_s25_resolved_target_win_rate,0.35119047619047616
ALL,15m,FULL_ALIGNMENT,30,422,44.18781739166564,28.169241129823995,10.300698538256437,57.4849057084692,99.0240574790343,-37.92555621816016,-22.51305624274169,-93.92078599622111,0.25834529860605315,-1.8189414085384437,0.47393364928909953,13.637440758293838,13.0,11.308010989937873,0.7582938388625592,3.0,0.5402843601895735,7.0,0.3009478672985782,12.0,0.1872037914691943,15.0,0.0995260663507109,17.0,0.04739336492890995,17.5,0.02132701421800948,11.0,0.4265402843601896,0.3412322274881517,0.5555555555555556,0.22274881516587677,0.41232227488151657,0.35074626865671643,0.2796208530805687,0.19194312796208532,0.592964824120603,0.09004739336492891,0.23459715639810427,0.2773722627737226,0.0995260663507109,0.07582938388625593,0.5675675675675675,t50_s25_resolved_target_win_rate,0.35074626865671643
ALL,5m,FULL_ALIGNMENT,60,766,66.07196527336953,36.82592608053259,14.661306659401463,73.04544379481025,142.1773976443552,-51.22257876159141,-34.04501390266823,-121.57976771603018,2.3112192084136582,-4.674991404817752,0.45430809399477806,25.886422976501304,22.0,15.186398192298975,0.8237597911227154,4.0,0.6122715404699739,11.0,0.4007832898172324,19.0,0.24151436031331594,23.0,0.16449086161879894,26.0,0.09530026109660575,30.0,0.0639686684073107,31.0,0.45039164490861616,0.42689295039164493,0.5133928571428571,0.28067885117493474,0.52088772845953,0.3501628664495114,0.35117493472584854,0.2741514360313316,0.5615866388308977,0.13446475195822455,0.33159268929503916,0.28851540616246496,0.15926892950391644,0.11618798955613577,0.5781990521327014,t50_s25_resolved_target_win_rate,0.3501628664495114
ALL,5m,DAILY_4H_1H_15M,60,766,66.07196527336953,36.82592608053259,14.661306659401463,73.04544379481025,142.1773976443552,-51.22257876159141,-34.04501390266823,-121.57976771603018,2.3112192084136582,-4.674991404817752,0.45430809399477806,25.886422976501304,22.0,15.186398192298975,0.8237597911227154,4.0,0.6122715404699739,11.0,0.4007832898172324,19.0,0.24151436031331594,23.0,0.16449086161879894,26.0,0.09530026109660575,30.0,0.0639686684073107,31.0,0.45039164490861616,0.42689295039164493,0.5133928571428571,0.28067885117493474,0.52088772845953,0.3501628664495114,0.35117493472584854,0.2741514360313316,0.5615866388308977,0.13446475195822455,0.33159268929503916,0.28851540616246496,0.15926892950391644,0.11618798955613577,0.5781990521327014,t50_s25_resolved_target_win_rate,0.3501628664495114
ALL,5m,DAILY_4H_1H_15M,120,766,91.14828990192399,52.16107780355195,20.561333217607448,102.74501936470226,216.53851743667963,-74.89729011877982,-52.40316564165681,-167.3954148180834,-5.322783170460087,-7.008019156126699,0.4490861618798956,49.20626631853786,41.0,7.25712133691119,0.8668407310704961,4.0,0.6984334203655352,14.0,0.5143603133159269,27.0,0.3524804177545692,35.5,0.25718015665796345,45.0,0.1671018276762402,54.0,0.10966057441253264,52.5,0.47911227154047,0.47911227154047,0.5,0.32114882506527415,0.5966057441253264,0.34992887624466573,0.42428198433420367,0.3825065274151436,0.5258899676375405,0.2010443864229765,0.47911227154047,0.29558541266794625,0.24281984334203655,0.21279373368146215,0.5329512893982808,t50_s25_resolved_target_win_rate,0.34992887624466573
ALL,5m,FULL_ALIGNMENT,120,766,91.14828990192399,52.16107780355195,20.561333217607448,102.74501936470226,216.53851743667963,-74.89729011877982,-52.40316564165681,-167.3954148180834,-5.322783170460087,-7.008019156126699,0.4490861618798956,49.20626631853786,41.0,7.25712133691119,0.8668407310704961,4.0,0.6984334203655352,14.0,0.5143603133159269,27.0,0.3524804177545692,35.5,0.25718015665796345,45.0,0.1671018276762402,54.0,0.10966057441253264,52.5,0.47911227154047,0.47911227154047,0.5,0.32114882506527415,0.5966057441253264,0.34992887624466573,0.42428198433420367,0.3825065274151436,0.5258899676375405,0.2010443864229765,0.47911227154047,0.29558541266794625,0.24281984334203655,0.21279373368146215,0.5329512893982808,t50_s25_resolved_target_win_rate,0.34992887624466573
ALL,15m,DAILY_4H_1H,30,446,43.748573474003265,28.681056001009786,10.300698538256437,56.916739331108744,95.64921272087523,-37.24832695902471,-22.163197756477903,-93.51101506852422,0.39994936256384706,-1.4357661164809965,0.4798206278026906,13.522421524663677,12.0,11.966491149375965,0.757847533632287,3.0,0.547085201793722,7.0,0.29596412556053814,11.5,0.18161434977578475,15.0,0.09417040358744394,17.0,0.04484304932735426,17.5,0.020179372197309416,11.0,0.4349775784753363,0.33856502242152464,0.5623188405797102,0.21973094170403587,0.4103139013452915,0.3487544483985765,0.2757847533632287,0.1905829596412556,0.5913461538461539,0.08520179372197309,0.23094170403587444,0.2695035460992908,0.09417040358744394,0.07399103139013453,0.56,t50_s25_resolved_target_win_rate,0.3487544483985765
ALL,15m,DAILY_4H_1H_15M,30,446,43.748573474003265,28.681056001009786,10.300698538256437,56.916739331108744,95.64921272087523,-37.24832695902471,-22.163197756477903,-93.51101506852422,0.39994936256384706,-1.4357661164809965,0.4798206278026906,13.522421524663677,12.0,11.966491149375965,0.757847533632287,3.0,0.547085201793722,7.0,0.29596412556053814,11.5,0.18161434977578475,15.0,0.09417040358744394,17.0,0.04484304932735426,17.5,0.020179372197309416,11.0,0.4349775784753363,0.33856502242152464,0.5623188405797102,0.21973094170403587,0.4103139013452915,0.3487544483985765,0.2757847533632287,0.1905829596412556,0.5913461538461539,0.08520179372197309,0.23094170403587444,0.2695035460992908,0.09417040358744394,0.07399103139013453,0.56,t50_s25_resolved_target_win_rate,0.3487544483985765
ALL,1m,DAILY_4H_1H_15M,240,4826,124.69501950047164,72.70058957558834,29.548180125666402,154.99671024648995,295.0034132642143,-100.9904065941003,-70.85187244867231,-231.36911066953925,1.3052015457135635,-8.698826974588014,0.4579361790302528,103.11956071280564,90.5,36.592072596247846,0.9077911313717364,6.0,0.7836717778698715,20.0,0.6079569001243266,43.0,0.4875673435557397,63.0,0.38955656858682136,76.5,0.260049730625777,95.0,0.1825528387898881,109.0,0.5105677579776212,0.4749274761707418,0.5180824222035324,0.3338168255283879,0.6319933692498964,0.34563398412357865,0.4709904682967261,0.4378367177786987,0.5182398540811674,0.27414007459593864,0.547244094488189,0.3337537840565086,0.3458350600911728,0.3050145047658516,0.5313594396688952,t50_s25_resolved_target_win_rate,0.34563398412357865
ALL,1m,DAILY_4H_1H,240,8600,110.58836535549368,66.12637719206282,28.194846821433806,136.73252633799316,261.2412041955375,-97.61936963653693,-66.61787938067488,-219.20786559339388,-1.7870947667572876,-5.8234006562157825,0.4705813953488372,106.13116279069767,95.5,33.9532821712473,0.9036046511627907,6.0,0.7756976744186046,23.0,0.5938372093023255,50.0,0.4543023255813953,70.0,0.3524418604651163,85.0,0.22267441860465118,103.0,0.15267441860465117,118.0,0.5058139534883721,0.4797674418604651,0.5132137800849458,0.3317441860465116,0.63,0.34494015233949943,0.4653488372093023,0.43732558139534883,0.5155223496071106,0.25546511627906976,0.5409302325581395,0.32077675573076364,0.3177906976744186,0.2990697674418605,0.5151743638077285,t50_s25_resolved_target_win_rate,0.34494015233949943
ALL,5m,DAILY_4H_1H,240,1650,110.6748359419023,67.27922500094908,28.49721873076472,139.86445200659227,270.3064651616645,-97.91891277453551,-66.6219880114266,-216.41564160093498,-1.5920692207758669,-8.93411688336565,0.45696969696969697,102.44121212121212,88.0,23.84198894570473,0.9066666666666666,5.0,0.78,21.0,0.6139393939393939,49.0,0.46060606060606063,65.0,0.35515151515151516,80.0,0.23030303030303031,97.0,0.16,115.0,0.4909090909090909,0.4951515151515152,0.49784880147510757,0.33151515151515154,0.6387878787878788,0.34166146158650845,0.4793939393939394,0.4303030303030303,0.5269820119920053,0.25696969696969696,0.54,0.3224334600760456,0.3212121212121212,0.29393939393939394,0.5221674876847291,t50_s25_resolved_target_win_rate,0.34166146158650845
ALL,1m,DAILY_4H_1H_15M,120,4826,85.60525913047947,49.39879049583262,20.519483809109396,103.15752390641808,201.9760470017795,-70.88900380343975,-46.87859285791907,-164.9684472397861,1.8216978043341057,-3.3487562874934262,0.4763779527559055,53.516991297140486,49.0,37.5799904006139,0.8707003729796934,5.0,0.7034811438043929,16.0,0.49668462494819726,30.0,0.3578532946539577,40.0,0.25922088686282635,48.0,0.160588479071695,61.0,0.1013261500207211,66.0,0.4977206796518856,0.46062992125984253,0.5193513513513514,0.30708661417322836,0.5932449233319519,0.3410817031070196,0.4144218814753419,0.37588064649813513,0.5243838489774515,0.20430998756734356,0.4444674678823042,0.3149153625039923,0.24140074595938665,0.20576046415250726,0.5398517145505097,t50_s25_resolved_target_win_rate,0.3410817031070196
ALL,1m,DAILY_4H_1H,120,8600,75.71758956990257,45.9555641642706,19.47091823821079,92.08199203056822,173.92048873116627,-67.86065667042486,-44.60058799380329,-155.97633840201794,-0.42019058924485136,-2.4008988419244037,0.48069767441860467,54.73139534883721,51.0,33.97351060088287,0.8646511627906976,6.0,0.688953488372093,18.0,0.47093023255813954,35.0,0.31883720930232556,44.0,0.22534883720930232,51.0,0.1291860465116279,62.0,0.07872093023255813,67.0,0.48965116279069765,0.46430232558139534,0.5132862018527548,0.3016279069767442,0.5891860465116279,0.33859809424357135,0.39988372093023256,0.37348837209302327,0.5170651029920312,0.18174418604651163,0.43372093023255814,0.2952956735310788,0.21220930232558138,0.19813953488372094,0.5171436667611221,t50_s25_resolved_target_win_rate,0.33859809424357135
ALL,1h,FULL_ALIGNMENT,15,158,30.407011841949423,19.193376653312555,7.1446413535214415,37.34592779776447,72.14821045487058,-23.998673668636986,-17.63935093196278,-53.50654892310636,4.592129960512485,-0.6940158882506875,0.4873417721518987,7.531645569620253,7.0,20.853046385528902,0.6835443037974683,2.0,0.41139240506329117,6.0,0.17721518987341772,6.0,0.10126582278481013,10.5,0.05063291139240506,10.5,0.02531645569620253,10.5,0.006329113924050633,9.0,0.3860759493670886,0.26582278481012656,0.5922330097087378,0.15822784810126583,0.310126582278481,0.33783783783783783,0.17721518987341772,0.11392405063291139,0.6086956521739131,0.05063291139240506,0.12025316455696203,0.2962962962962963,0.05063291139240506,0.0189873417721519,0.7272727272727273,t50_s25_resolved_target_win_rate,0.33783783783783783
ALL,1m,FULL_ALIGNMENT,60,2799,64.13927699199091,37.543561659882926,14.959662381751615,78.78663117818152,147.98239462717567,-50.635979799050546,-33.7186897880537,-115.43120715229716,3.1641687804760736,-2.0868671842799724,0.47874240800285817,27.02750982493748,25.0,40.899598764045145,0.8217220435869954,4.0,0.6237942122186495,11.0,0.40514469453376206,19.5,0.2618792425866381,23.0,0.18756698821007503,28.0,0.09717756341550554,33.0,0.0571632725973562,35.0,0.4715969989281886,0.43229724901750627,0.5217391304347826,0.2779564130046445,0.5462665237584852,0.3372345036844387,0.3579849946409432,0.2890317970703823,0.5532854776366648,0.16148624508753126,0.32833154698106465,0.3296863603209336,0.18220793140407288,0.11825652018578063,0.6064209274673008,t50_s25_resolved_target_win_rate,0.3372345036844387
ALL,5m,DAILY_4H_1H_15M,30,766,46.15117832437787,25.050952069337605,10.679226317343304,52.95841256274747,96.80736309944815,-36.48162237397735,-22.988877029618273,-82.68825970873527,3.7431893683899298,-2.3537947567514594,0.4516971279373368,13.909921671018276,13.0,77.0454851911135,0.7558746736292428,3.0,0.5013054830287206,8.0,0.27284595300261094,12.0,0.15274151436031333,14.0,0.09138381201044386,17.0,0.04960835509138381,17.0,0.030026109660574413,17.0,0.39425587467362927,0.36161879895561355,0.5215889464594128,0.21279373368146215,0.42297650130548303,0.3347022587268994,0.2545691906005222,0.195822454308094,0.5652173913043478,0.07963446475195822,0.22323759791122716,0.2629310344827586,0.09138381201044386,0.07180156657963446,0.56,t50_s25_resolved_target_win_rate,0.3347022587268994
ALL,5m,FULL_ALIGNMENT,30,766,46.15117832437787,25.050952069337605,10.679226317343304,52.95841256274747,96.80736309944815,-36.48162237397735,-22.988877029618273,-82.68825970873527,3.7431893683899298,-2.3537947567514594,0.4516971279373368,13.909921671018276,13.0,77.0454851911135,0.7558746736292428,3.0,0.5013054830287206,8.0,0.27284595300261094,12.0,0.15274151436031333,14.0,0.09138381201044386,17.0,0.04960835509138381,17.0,0.030026109660574413,17.0,0.39425587467362927,0.36161879895561355,0.5215889464594128,0.21279373368146215,0.42297650130548303,0.3347022587268994,0.2545691906005222,0.195822454308094,0.5652173913043478,0.07963446475195822,0.22323759791122716,0.2629310344827586,0.09138381201044386,0.07180156657963446,0.56,t50_s25_resolved_target_win_rate,0.3347022587268994
ALL,1h,DAILY_4H_1H,15,168,29.580623160483235,18.591345040568363,6.807291567690887,37.21345850170865,70.72736627435638,-23.711288992025874,-17.444214031649416,-54.612017602296724,4.164861270028352,-0.6940158882506875,0.48214285714285715,7.428571428571429,7.0,19.87627929927443,0.6666666666666666,2.0,0.40476190476190477,6.0,0.17261904761904762,6.0,0.09523809523809523,10.5,0.047619047619047616,10.5,0.023809523809523808,10.5,0.005952380952380952,9.0,0.38095238095238093,0.26785714285714285,0.5871559633027523,0.15476190476190477,0.30952380952380953,0.3333333333333333,0.17261904761904762,0.11904761904761904,0.5918367346938775,0.047619047619047616,0.125,0.27586206896551724,0.047619047619047616,0.017857142857142856,0.7272727272727273,t50_s25_resolved_target_win_rate,0.3333333333333333
ALL,1h,DAILY_4H_1H_15M,15,162,30.071018736648917,19.193376653312555,7.038379280174811,37.27237550512797,70.31467671009686,-23.797551148586503,-17.444214031649416,-54.54107287230037,4.4692361097570386,-0.6940158882506875,0.4876543209876543,7.580246913580247,7.0,20.513022083053162,0.6790123456790124,2.0,0.41358024691358025,6.0,0.1728395061728395,6.0,0.09876543209876543,10.5,0.04938271604938271,10.5,0.024691358024691357,10.5,0.006172839506172839,9.0,0.3888888888888889,0.2654320987654321,0.5943396226415094,0.15432098765432098,0.30864197530864196,0.3333333333333333,0.1728395061728395,0.11728395061728394,0.5957446808510638,0.04938271604938271,0.12345679012345678,0.2857142857142857,0.04938271604938271,0.018518518518518517,0.7272727272727273,t50_s25_resolved_target_win_rate,0.3333333333333333
ALL,5m,DAILY_4H_1H,120,1650,78.68472056353278,46.702720708301506,19.098096613721083,96.83122601255923,184.86185677775538,-70.04073728120372,-46.98153501767888,-155.35806199717084,-5.080868968907932,-5.999913129750567,0.4527272727272727,50.98909090909091,43.0,21.560770359219113,0.8612121212121212,5.0,0.6848484848484848,16.0,0.4824242424242424,32.5,0.33151515151515154,42.0,0.2387878787878788,49.0,0.13454545454545455,54.5,0.08242424242424243,57.0,0.47333333333333333,0.4818181818181818,0.49555837563451777,0.3,0.6036363636363636,0.3319919517102616,0.4084848484848485,0.36303030303030304,0.5294579732914375,0.1921212121212121,0.43575757575757573,0.305984555984556,0.22606060606060607,0.19272727272727272,0.5397973950795948,t50_s25_resolved_target_win_rate,0.3319919517102616
ALL,1m,DAILY_4H_1H_15M,60,4826,58.728723366180155,33.681724719341055,14.032507574285313,72.00051431409892,134.1888286424986,-49.14303237003351,-32.39550627304743,-111.59923637913406,2.6089049776509055,-1.4386449166009507,0.4850808122668877,27.73331951927062,26.0,34.36941728072314,0.8166183174471612,4.0,0.5965602983837547,12.0,0.37132200580190633,21.0,0.23684210526315788,25.0,0.15955242436800662,29.0,0.08019063406547866,34.0,0.04537919602154994,37.0,0.4593866556154165,0.4276833816825528,0.5178696566222845,0.2619146290924161,0.5317032739328637,0.3300261096605744,0.33257355988396187,0.2880232076253626,0.5358931552587646,0.13903854123497722,0.32552838789888106,0.2992863514719001,0.15582262743472855,0.11748860339825942,0.5701288855193328,t50_s25_resolved_target_win_rate,0.3300261096605744
ALL,1h,DAILY_ONLY,240,365,98.83366783261351,56.84528762411878,25.44671050187519,121.07589595327539,241.6722962128075,-90.3297840012569,-59.83952128382985,-198.16646563566675,0.8985994641950926,-4.708892350796523,0.4684931506849315,100.63013698630137,84.0,5.648558650568749,0.8904109589041096,6.0,0.7561643835616438,19.0,0.5452054794520548,39.0,0.41643835616438357,49.0,0.3041095890410959,63.0,0.19452054794520549,92.0,0.12602739726027398,98.0,0.4904109589041096,0.4958904109589041,0.49722222222222223,0.29863013698630136,0.6301369863013698,0.3215339233038348,0.4054794520547945,0.4410958904109589,0.47896440129449835,0.2,0.5342465753424658,0.27238805970149255,0.27671232876712326,0.2958904109589041,0.48325358851674644,t50_s25_resolved_target_win_rate,0.3215339233038348
ALL,1h,DAILY_4H,240,168,122.39006122251885,68.17926210274993,30.40571596263586,143.20502228861608,338.4140691575549,-95.40898680432576,-60.69409872895226,-196.82603320400895,16.497276179527535,2.1661127132388547,0.5178571428571429,110.69047619047619,105.0,6.919765516294397,0.9166666666666666,6.0,0.8273809523809523,16.0,0.6071428571428571,42.0,0.4880952380952381,47.0,0.35714285714285715,55.5,0.25,84.0,0.17261904761904762,92.0,0.5238095238095238,0.4583333333333333,0.5333333333333333,0.30357142857142855,0.6428571428571429,0.32075471698113206,0.43452380952380953,0.4523809523809524,0.4899328859060403,0.25,0.5476190476190477,0.31343283582089554,0.3392857142857143,0.2916666666666667,0.5377358490566038,t50_s25_resolved_target_win_rate,0.32075471698113206
ALL,1h,DAILY_4H_1H,240,168,122.39006122251885,68.17926210274993,30.40571596263586,143.20502228861608,338.4140691575549,-95.40898680432576,-60.69409872895226,-196.82603320400895,16.497276179527535,2.1661127132388547,0.5178571428571429,110.69047619047619,105.0,6.919765516294397,0.9166666666666666,6.0,0.8273809523809523,16.0,0.6071428571428571,42.0,0.4880952380952381,47.0,0.35714285714285715,55.5,0.25,84.0,0.17261904761904762,92.0,0.5238095238095238,0.4583333333333333,0.5333333333333333,0.30357142857142855,0.6428571428571429,0.32075471698113206,0.43452380952380953,0.4523809523809524,0.4899328859060403,0.25,0.5476190476190477,0.31343283582089554,0.3392857142857143,0.2916666666666667,0.5377358490566038,t50_s25_resolved_target_win_rate,0.32075471698113206
ALL,15m,FULL_ALIGNMENT,15,422,31.648658919803456,18.862996682954545,7.100528809401152,40.96203386276143,73.3883742779416,-25.60350501738328,-16.699849442953774,-58.15261126483606,1.8483857102974453,-1.2277412684424949,0.47393364928909953,6.931279620853081,6.0,19.17151589944404,0.6563981042654028,2.0,0.42890995260663506,5.0,0.1895734597156398,7.5,0.0947867298578199,8.0,0.04739336492890995,7.0,0.02132701421800948,7.0,0.011848341232227487,7.0,0.35071090047393366,0.2677725118483412,0.5670498084291188,0.14928909952606634,0.3175355450236967,0.3197969543147208,0.17772511848341233,0.12085308056872038,0.5952380952380952,0.04265402843601896,0.13507109004739337,0.24,0.04739336492890995,0.02843601895734597,0.625,t50_s25_resolved_target_win_rate,0.3197969543147208
ALL,1m,FULL_ALIGNMENT,30,2799,43.89361926693574,25.54744525547381,9.765734745141863,55.027621229716274,101.15356721276127,-36.07736079424965,-23.483350151362046,-80.1367125125858,2.6872923092125096,-1.015906964310087,0.48302965344765986,13.772418720971775,12.0,33.3566494430234,0.7463379778492318,3.0,0.5069667738478028,8.0,0.2765273311897106,13.0,0.16720257234726688,15.0,0.10325116112897463,16.0,0.04430153626295105,19.0,0.022865309038942478,20.0,0.42015005359056806,0.37727759914255093,0.5268817204301075,0.21186137906395142,0.45158985351911396,0.3193322563274098,0.2572347266881029,0.1939978563772776,0.5700712589073634,0.09431939978563773,0.2150768131475527,0.30484988452655887,0.10182207931404073,0.05894962486602358,0.6333333333333333,t50_s25_resolved_target_win_rate,0.3193322563274098
ALL,15m,DAILY_4H_1H_15M,15,446,31.539725378458353,19.39497925376843,7.169968046055741,40.96203386276143,72.71782701493201,-25.225322351502975,-15.634933935142481,-57.98297333662661,1.9806333976083057,-0.9820203719224097,0.4820627802690583,6.948430493273543,6.0,19.310836743687698,0.6591928251121076,2.0,0.4327354260089686,5.0,0.18834080717488788,7.5,0.09417040358744394,8.0,0.04484304932735426,7.0,0.020179372197309416,7.0,0.011210762331838564,7.0,0.3542600896860987,0.2645739910313901,0.572463768115942,0.14798206278026907,0.31614349775784756,0.3188405797101449,0.17713004484304934,0.11883408071748879,0.5984848484848485,0.04035874439461883,0.13228699551569506,0.23376623376623376,0.04484304932735426,0.026905829596412557,0.625,t50_s25_resolved_target_win_rate,0.3188405797101449
ALL,15m,DAILY_4H_1H,15,446,31.539725378458353,19.39497925376843,7.169968046055741,40.96203386276143,72.71782701493201,-25.225322351502975,-15.634933935142481,-57.98297333662661,1.9806333976083057,-0.9820203719224097,0.4820627802690583,6.948430493273543,6.0,19.310836743687698,0.6591928251121076,2.0,0.4327354260089686,5.0,0.18834080717488788,7.5,0.09417040358744394,8.0,0.04484304932735426,7.0,0.020179372197309416,7.0,0.011210762331838564,7.0,0.3542600896860987,0.2645739910313901,0.572463768115942,0.14798206278026907,0.31614349775784756,0.3188405797101449,0.17713004484304934,0.11883408071748879,0.5984848484848485,0.04035874439461883,0.13228699551569506,0.23376623376623376,0.04484304932735426,0.026905829596412557,0.625,t50_s25_resolved_target_win_rate,0.3188405797101449
ALL,5m,DAILY_4H_1H,60,1650,56.968844565627315,32.85511289247811,13.213639652567277,67.20779508165076,123.03222271105189,-47.69809188424003,-31.569070806552467,-109.82174634020137,-0.6877839325674149,-4.039410131010945,0.4581818181818182,26.10969696969697,22.0,28.449336150567202,0.813939393939394,4.0,0.5836363636363636,13.0,0.3496969696969697,21.0,0.21696969696969698,24.0,0.14606060606060606,29.0,0.07393939393939394,31.5,0.04666666666666667,33.0,0.43757575757575756,0.42848484848484847,0.5052484254723583,0.24242424242424243,0.5230303030303031,0.3167062549485352,0.3103030303030303,0.26545454545454544,0.5389473684210526,0.12484848484848485,0.30363636363636365,0.2913719943422914,0.14242424242424243,0.10424242424242425,0.5773955773955773,t50_s25_resolved_target_win_rate,0.3167062549485352
ALL,1m,DAILY_4H_1H,60,8600,52.004198699767194,31.39976884767748,13.076477766170157,64.48567155315999,117.47141101465887,-47.03273527067814,-31.07255648663265,-107.35467560801558,0.6686528851495568,-1.4022667405239053,0.48348837209302326,28.059418604651164,26.0,29.55024188659601,0.8046511627906977,5.0,0.5720930232558139,14.0,0.33406976744186045,22.0,0.20348837209302326,26.0,0.1330232558139535,30.0,0.06151162790697674,34.0,0.03441860465116279,37.0,0.4475581395348837,0.42872093023255814,0.5107484076433121,0.2424418604651163,0.523953488372093,0.31634046426945833,0.3033720930232558,0.2812790697674419,0.5188941925218775,0.11755813953488373,0.3127906976744186,0.27316941367198055,0.13,0.11127906976744185,0.5387951807228916,t50_s25_resolved_target_win_rate,0.31634046426945833
ALL,1h,DAILY_ONLY,60,365,50.857604471159064,28.122295933081798,11.51600692884891,66.93143268010404,120.65232787402329,-45.50822041883833,-30.66209333749015,-103.15944006708966,3.915496554968601,-2.365715688885661,0.4712328767123288,25.964383561643835,24.0,9.080793672444285,0.7835616438356164,4.5,0.5397260273972603,10.0,0.336986301369863,16.0,0.22465753424657534,26.5,0.14794520547945206,31.0,0.06301369863013699,33.0,0.03287671232876712,40.5,0.4246575342465753,0.4328767123287671,0.4952076677316294,0.2410958904109589,0.5232876712328767,0.3154121863799283,0.3013698630136986,0.2876712328767123,0.5116279069767442,0.12054794520547946,0.32054794520547947,0.2732919254658385,0.14794520547945206,0.10684931506849316,0.5806451612903226,t50_s25_resolved_target_win_rate,0.3154121863799283
ALL,1m,DAILY_4H_1H_15M,30,4826,39.64503705548881,23.392536739491597,9.350151835951781,49.9123722158662,90.41879344587333,-34.49723053021708,-22.131335258190887,-77.73132821941032,1.2413508582599968,-1.0743130959978142,0.48010774968918357,13.920430998756734,13.0,28.577019643959197,0.7349772067965189,4.0,0.47534189805221716,8.0,0.24906755076668047,13.0,0.1427683381682553,16.0,0.08474927476170742,16.0,0.03377538334024036,18.0,0.017612929962702032,20.0,0.3999171156237049,0.3655200994612516,0.5224688684353005,0.19353501864898467,0.4301699129714049,0.3102990033222591,0.23290509738914214,0.1898052217157066,0.5509803921568628,0.07791131371736428,0.20845420638209697,0.27206946454413894,0.08392043099875673,0.05449647741400746,0.6062874251497006,t50_s25_resolved_target_win_rate,0.3102990033222591
ALL,1h,DAILY_ONLY,120,365,73.23940465060532,39.09590714722189,16.20175773786814,90.91657914787498,182.7491425795711,-64.57456169706177,-45.91090257807351,-155.99755068386045,6.272433765051537,-4.957612413861723,0.4575342465753425,50.276712328767125,42.0,5.713836935181609,0.8410958904109589,6.0,0.6520547945205479,14.0,0.42191780821917807,27.0,0.3095890410958904,36.0,0.2219178082191781,41.0,0.12876712328767123,63.0,0.08767123287671233,73.5,0.4575342465753425,0.4794520547945205,0.48830409356725146,0.26575342465753427,0.5945205479452055,0.3089171974522293,0.34794520547945207,0.3835616438356164,0.4756554307116105,0.1726027397260274,0.4410958904109589,0.28125,0.21643835616438356,0.20273972602739726,0.5163398692810458,t50_s25_resolved_target_win_rate,0.3089171974522293
ALL,1h,DAILY_4H_1H,120,168,87.93267414929373,42.68314004782225,17.6014194440971,101.63219759100117,243.20895301558124,-61.50803051449735,-46.75102985028712,-143.29352419955242,17.85523048655263,-5.298090108818987,0.4523809523809524,51.351190476190474,42.0,6.200519590456131,0.875,6.0,0.7083333333333334,11.0,0.44642857142857145,25.0,0.35119047619047616,31.0,0.25595238095238093,37.0,0.17261904761904762,45.0,0.11904761904761904,73.5,0.49404761904761907,0.4523809523809524,0.5220125786163522,0.26785714285714285,0.6071428571428571,0.30612244897959184,0.36904761904761907,0.38095238095238093,0.49206349206349204,0.20833333333333334,0.44642857142857145,0.3181818181818182,0.25595238095238093,0.16666666666666666,0.6056338028169014,t50_s25_resolved_target_win_rate,0.30612244897959184
ALL,1h,DAILY_4H,120,168,87.93267414929373,42.68314004782225,17.6014194440971,101.63219759100117,243.20895301558124,-61.50803051449735,-46.75102985028712,-143.29352419955242,17.85523048655263,-5.298090108818987,0.4523809523809524,51.351190476190474,42.0,6.200519590456131,0.875,6.0,0.7083333333333334,11.0,0.44642857142857145,25.0,0.35119047619047616,31.0,0.25595238095238093,37.0,0.17261904761904762,45.0,0.11904761904761904,73.5,0.49404761904761907,0.4523809523809524,0.5220125786163522,0.26785714285714285,0.6071428571428571,0.30612244897959184,0.36904761904761907,0.38095238095238093,0.49206349206349204,0.20833333333333334,0.44642857142857145,0.3181818181818182,0.25595238095238093,0.16666666666666666,0.6056338028169014,t50_s25_resolved_target_win_rate,0.30612244897959184
ALL,5m,FULL_ALIGNMENT,15,766,28.735337121236242,16.362319307746674,6.117571206998851,35.04675773151888,64.69782334121987,-25.425205855644368,-16.492825583795945,-56.68943522117886,1.068379549088841,-1.0547780499758908,0.47389033942558745,7.026109660574413,6.0,47.59887754279099,0.6553524804177546,3.0,0.36553524804177545,5.0,0.1566579634464752,6.5,0.08093994778067885,6.5,0.04046997389033943,7.0,0.020887728459530026,8.0,0.010443864229765013,10.5,0.3093994778067885,0.26631853785900783,0.5374149659863946,0.13315926892950392,0.3028720626631854,0.30538922155688625,0.15013054830287206,0.1227154046997389,0.5502392344497608,0.03655352480417755,0.13315926892950392,0.2153846153846154,0.04046997389033943,0.03655352480417755,0.5254237288135594,t50_s25_resolved_target_win_rate,0.30538922155688625
ALL,5m,DAILY_4H_1H_15M,15,766,28.735337121236242,16.362319307746674,6.117571206998851,35.04675773151888,64.69782334121987,-25.425205855644368,-16.492825583795945,-56.68943522117886,1.068379549088841,-1.0547780499758908,0.47389033942558745,7.026109660574413,6.0,47.59887754279099,0.6553524804177546,3.0,0.36553524804177545,5.0,0.1566579634464752,6.5,0.08093994778067885,6.5,0.04046997389033943,7.0,0.020887728459530026,8.0,0.010443864229765013,10.5,0.3093994778067885,0.26631853785900783,0.5374149659863946,0.13315926892950392,0.3028720626631854,0.30538922155688625,0.15013054830287206,0.1227154046997389,0.5502392344497608,0.03655352480417755,0.13315926892950392,0.2153846153846154,0.04046997389033943,0.03655352480417755,0.5254237288135594,t50_s25_resolved_target_win_rate,0.30538922155688625
ALL,5m,DAILY_4H_1H,30,1650,39.565056708455984,22.548244662369264,9.405994882801249,46.40149142813466,89.69043515335368,-33.3352194120573,-21.80686417521116,-77.06335802880504,1.0357196501173975,-2.0988413802341954,0.4624242424242424,13.52909090909091,12.0,58.42139208897563,0.7381818181818182,3.0,0.46,8.0,0.23030303030303031,13.0,0.1296969696969697,14.0,0.07757575757575758,16.0,0.03575757575757576,17.0,0.02,17.0,0.37393939393939396,0.35454545454545455,0.5133111480865225,0.17939393939393938,0.4103030303030303,0.30421377183967113,0.21636363636363637,0.17515151515151514,0.5526315789473685,0.0703030303030303,0.19454545454545455,0.2654462242562929,0.07757575757575758,0.05818181818181818,0.5714285714285714,t50_s25_resolved_target_win_rate,0.30421377183967113
ALL,1h,FULL_ALIGNMENT,30,158,42.0044391160739,25.2688902376319,11.058353061456083,51.32392099968574,101.54919910326024,-31.2503166621048,-25.302388695909173,-65.4599374898216,5.979004174135708,-2.7135697134872405,0.47468354430379744,13.582278481012658,12.0,13.724096369468871,0.7848101265822784,4.0,0.5189873417721519,7.0,0.25949367088607594,12.0,0.18354430379746836,14.0,0.10759493670886076,16.0,0.04430379746835443,13.0,0.012658227848101266,19.5,0.44936708860759494,0.3924050632911392,0.5338345864661654,0.2088607594936709,0.4810126582278481,0.30275229357798167,0.24050632911392406,0.15822784810126583,0.6031746031746031,0.0949367088607595,0.17721518987341772,0.3488372093023256,0.10759493670886076,0.02531645569620253,0.8095238095238095,t50_s25_resolved_target_win_rate,0.30275229357798167
ALL,1h,DAILY_4H_1H_15M,30,162,41.42256807699619,25.2688902376319,10.942987229117795,49.97169948427249,100.38867365184315,-30.916796498449678,-25.14959710948117,-65.0301545066172,5.717191584828839,-2.0848576845372557,0.48148148148148145,13.623456790123457,12.0,13.52938118300653,0.7777777777777778,4.0,0.5185185185185185,7.0,0.25308641975308643,12.0,0.17901234567901234,14.0,0.10493827160493827,16.0,0.043209876543209874,13.0,0.012345679012345678,19.5,0.4506172839506173,0.3888888888888889,0.5367647058823529,0.2037037037037037,0.47530864197530864,0.3,0.2345679012345679,0.16049382716049382,0.59375,0.09259259259259259,0.17901234567901234,0.3409090909090909,0.10493827160493827,0.024691358024691357,0.8095238095238095,t50_s25_resolved_target_win_rate,0.3
ALL,1h,FULL_ALIGNMENT,60,158,61.48578565642376,34.1689437790138,14.667053361080429,77.50399693452592,141.82147575845312,-43.32833134181316,-34.03816870729326,-84.4187642386871,14.681804121486657,-1.244954545410737,0.4873417721518987,25.670886075949365,24.5,15.042494094515245,0.8291139240506329,5.0,0.6075949367088608,9.0,0.3670886075949367,17.0,0.2848101265822785,24.0,0.17721518987341772,26.5,0.0949367088607595,32.0,0.056962025316455694,38.0,0.47468354430379744,0.4240506329113924,0.528169014084507,0.24050632911392406,0.5632911392405063,0.2992125984251969,0.3291139240506329,0.2721518987341772,0.5473684210526316,0.1518987341772152,0.3037974683544304,0.3333333333333333,0.17721518987341772,0.0759493670886076,0.7,t50_s25_resolved_target_win_rate,0.2992125984251969
ALL,1h,DAILY_4H_1H,60,168,59.846657719509324,31.650376268438364,12.880249294736078,77.40609917351927,133.75291766880025,-43.007688600580046,-33.39516376912488,-90.14422050618366,13.351157349632826,-1.244954545410737,0.4880952380952381,25.791666666666668,25.5,14.49609560034951,0.8154761904761905,5.0,0.6011904761904762,9.0,0.35714285714285715,17.0,0.27976190476190477,25.0,0.17857142857142858,28.0,0.08928571428571429,32.0,0.05357142857142857,38.0,0.47023809523809523,0.42857142857142855,0.5231788079470199,0.23809523809523808,0.5595238095238095,0.29850746268656714,0.32142857142857145,0.27380952380952384,0.54,0.15476190476190477,0.30357142857142855,0.33766233766233766,0.17857142857142858,0.07738095238095238,0.6976744186046512,t50_s25_resolved_target_win_rate,0.29850746268656714
ALL,1m,FULL_ALIGNMENT,15,2799,29.008698344818015,16.817676334930365,6.191638428423296,37.162140358733,68.47977375828364,-25.53672469168186,-16.682886139303132,-55.42796279780693,0.7609434625441521,-1.2367679879476956,0.47624151482672383,7.038585209003215,6.0,31.01993660492841,0.6509467667023937,3.0,0.3776348695962844,5.0,0.16934619506966775,7.0,0.08503036798856735,9.0,0.046802429439085386,10.0,0.015005359056806002,11.0,0.007145409074669525,10.0,0.3340478742408003,0.29403358342265096,0.5318543799772468,0.1414790996784566,0.3347624151482672,0.2970742685671418,0.16291532690246516,0.10932475884244373,0.5984251968503937,0.043586995355484104,0.11754197927831368,0.270509977827051,0.046802429439085386,0.02750982493747767,0.6298076923076923,t50_s25_resolved_target_win_rate,0.2970742685671418
ALL,1h,DAILY_4H,30,168,40.759848780940736,25.152917245018223,10.922236331878388,49.83051993575849,97.87386787688607,-30.800626323684156,-25.302388695909173,-64.11109687354899,5.332042938288687,-2.0848576845372557,0.48214285714285715,13.583333333333334,12.0,13.177666663310802,0.7738095238095238,4.0,0.5059523809523809,7.0,0.25,11.0,0.17261904761904762,14.0,0.10119047619047619,16.0,0.041666666666666664,13.0,0.011904761904761904,19.5,0.44047619047619047,0.39880952380952384,0.524822695035461,0.20238095238095238,0.48214285714285715,0.2956521739130435,0.23214285714285715,0.16071428571428573,0.5909090909090909,0.08928571428571429,0.17857142857142858,0.3333333333333333,0.10119047619047619,0.023809523809523808,0.8095238095238095,t50_s25_resolved_target_win_rate,0.2956521739130435
ALL,1m,DAILY_4H_1H,30,8600,35.44053444806331,21.21293178579453,8.665208974329431,44.63995122840958,82.04987781034778,-32.780339949955575,-21.168628726830896,-75.58318232765026,0.414888440284165,-0.9942697418696689,0.48290697674418603,14.125116279069767,13.0,27.350433587551205,0.7196511627906976,4.0,0.4432558139534884,9.0,0.2144186046511628,14.0,0.1177906976744186,16.0,0.06755813953488372,17.0,0.02558139534883721,18.0,0.012906976744186047,20.0,0.3801162790697674,0.3638372093023256,0.5109409190371991,0.1697674418604651,0.4190697674418605,0.2883096366508689,0.20267441860465116,0.17930232558139536,0.5305936073059361,0.062325581395348835,0.1936046511627907,0.24352567014993184,0.06662790697674419,0.050348837209302326,0.5695825049701789,t50_s25_resolved_target_win_rate,0.2883096366508689
ALL,1m,DAILY_4H_1H_15M,15,4826,26.56416400585609,15.65927850284865,5.9950823516657925,33.45791001884202,61.77423593578424,-24.170932946737796,-15.557453330697356,-53.78629978333271,0.40012868203882895,-0.946319420313535,0.4805221715706589,7.168462494819726,7.0,29.908968997060054,0.6369664318276005,3.0,0.3460422710319105,5.0,0.14711976792374637,8.0,0.07107335267302113,9.0,0.037919602154993785,10.0,0.011811023622047244,11.0,0.0060091172813924575,11.0,0.30915872358060503,0.2801491918773311,0.5246132208157525,0.12453377538334023,0.3139245752175715,0.2840264650283554,0.14214670534604226,0.10422710319104848,0.5769554247266611,0.035640281806879406,0.11065064235391629,0.24362606232294617,0.037919602154993785,0.024865312888520515,0.6039603960396039,t50_s25_resolved_target_win_rate,0.2840264650283554
ALL,5m,DAILY_4H_1H,15,1650,26.469174916463313,15.270510463101239,5.971405467782853,33.02899252560498,58.48624058988874,-22.834694471055695,-15.050269639615976,-51.484941420108065,1.0496879883182495,-1.2150301465652102,0.47515151515151516,7.004848484848485,6.0,43.807097984296405,0.6406060606060606,3.0,0.33575757575757575,5.0,0.1321212121212121,6.0,0.0703030303030303,7.0,0.038181818181818185,7.0,0.01696969696969697,9.5,0.00787878787878788,11.0,0.2915151515151515,0.25333333333333335,0.5350389321468298,0.11212121212121212,0.28363636363636363,0.2833078101071976,0.1290909090909091,0.1006060606060606,0.5620052770448549,0.03636363636363636,0.10787878787878788,0.25210084033613445,0.038181818181818185,0.02181818181818182,0.6363636363636364,t50_s25_resolved_target_win_rate,0.2833078101071976
ALL,1m,DAILY_4H_1H,15,8600,23.952027458002288,14.449433369106979,5.662878551638828,30.27976352811379,55.56838757424366,-22.630183518787014,-14.868542484412494,-49.88937241565317,0.07794115346867499,-0.622987188120816,0.48604651162790696,7.272674418604651,7.0,27.92262173631286,0.6158139534883721,3.0,0.31383720930232556,6.0,0.12255813953488372,8.0,0.055232558139534885,9.0,0.029186046511627907,10.0,0.008837209302325582,10.0,0.004069767441860465,11.0,0.28569767441860466,0.2683720930232558,0.5156348373557188,0.1063953488372093,0.2961627906976744,0.26429809358752165,0.11941860465116279,0.09430232558139535,0.558759521218716,0.02767441860465116,0.0986046511627907,0.21915285451197053,0.029186046511627907,0.02116279069767442,0.5796766743648961,t50_s25_resolved_target_win_rate,0.26429809358752165
ALL,15m,DAILY_4H_1H,240,446,120.82898572088331,78.4745568096179,31.031246683412284,165.2868988915568,280.16141536125974,-99.21716652896852,-72.1554206054198,-215.0819226537787,7.0034310803644635,-2.607728249284791,0.4798206278026906,110.45739910313901,107.5,8.578186780773699,0.9035874439461884,4.0,0.7914798206278026,11.0,0.6502242152466368,34.5,0.5089686098654709,56.0,0.4125560538116592,84.5,0.2802690582959641,102.0,0.18834080717488788,122.0,0.531390134529148,0.4484304932735426,0.5423340961098398,0.3744394618834081,0.5896860986547086,0.3883720930232558,0.5112107623318386,0.40582959641255606,0.5574572127139364,0.30269058295964124,0.5448430493273543,0.35714285714285715,0.3632286995515695,0.31614349775784756,0.5346534653465347,t100_s50_resolved_target_win_rate,0.35714285714285715
ALL,15m,DAILY_4H_1H_15M,240,446,120.82898572088331,78.4745568096179,31.031246683412284,165.2868988915568,280.16141536125974,-99.21716652896852,-72.1554206054198,-215.0819226537787,7.0034310803644635,-2.607728249284791,0.4798206278026906,110.45739910313901,107.5,8.578186780773699,0.9035874439461884,4.0,0.7914798206278026,11.0,0.6502242152466368,34.5,0.5089686098654709,56.0,0.4125560538116592,84.5,0.2802690582959641,102.0,0.18834080717488788,122.0,0.531390134529148,0.4484304932735426,0.5423340961098398,0.3744394618834081,0.5896860986547086,0.3883720930232558,0.5112107623318386,0.40582959641255606,0.5574572127139364,0.30269058295964124,0.5448430493273543,0.35714285714285715,0.3632286995515695,0.31614349775784756,0.5346534653465347,t100_s50_resolved_target_win_rate,0.35714285714285715
ALL,1m,FULL_ALIGNMENT,240,2799,134.37512744225495,78.56559449263001,32.391429723216405,161.86456921830404,313.13359516455506,-102.42327020891715,-72.97931262529201,-233.71194956257477,5.214941065203705,-8.251603954106956,0.46266523758485173,101.61343336906037,88.0,36.54080220742439,0.9146123615576992,5.0,0.8002858163629868,18.0,0.6463022508038585,40.0,0.5173276170060735,59.0,0.4137191854233655,68.0,0.2736691675598428,82.0,0.19506966773847803,94.5,0.5173276170060735,0.4715969989281886,0.523121387283237,0.34798142193640585,0.6230796713111826,0.35835172921265634,0.49874955341193283,0.42908181493390496,0.5375433192144783,0.29403358342265096,0.5476956055734191,0.349320882852292,0.36441586280814575,0.30439442658092175,0.5448717948717948,t100_s50_resolved_target_win_rate,0.349320882852292
ALL,1h,FULL_ALIGNMENT,30,158,42.0044391160739,25.2688902376319,11.058353061456083,51.32392099968574,101.54919910326024,-31.2503166621048,-25.302388695909173,-65.4599374898216,5.979004174135708,-2.7135697134872405,0.47468354430379744,13.582278481012658,12.0,13.724096369468871,0.7848101265822784,4.0,0.5189873417721519,7.0,0.25949367088607594,12.0,0.18354430379746836,14.0,0.10759493670886076,16.0,0.04430379746835443,13.0,0.012658227848101266,19.5,0.44936708860759494,0.3924050632911392,0.5338345864661654,0.2088607594936709,0.4810126582278481,0.30275229357798167,0.24050632911392406,0.15822784810126583,0.6031746031746031,0.0949367088607595,0.17721518987341772,0.3488372093023256,0.10759493670886076,0.02531645569620253,0.8095238095238095,t100_s50_resolved_target_win_rate,0.3488372093023256
ALL,15m,FULL_ALIGNMENT,240,422,122.15845211943733,78.4745568096179,30.64996422125099,168.67286135177127,284.1837719663894,-98.88082263959384,-72.80120380209308,-212.09254695509307,8.738493977592668,-3.2892363350273124,0.47393364928909953,109.84834123222748,107.0,8.66795538784563,0.9052132701421801,4.0,0.7890995260663507,11.0,0.6516587677725119,33.0,0.509478672985782,53.0,0.4075829383886256,78.0,0.2843601895734597,102.0,0.1943127962085308,120.5,0.5213270142180095,0.45734597156398105,0.5326876513317191,0.36729857819905215,0.5995260663507109,0.3799019607843137,0.5071090047393365,0.41232227488151657,0.5515463917525774,0.2938388625592417,0.5521327014218009,0.3473389355742297,0.35545023696682465,0.3175355450236967,0.528169014084507,t100_s50_resolved_target_win_rate,0.3473389355742297
ALL,1h,DAILY_4H_1H_15M,30,162,41.42256807699619,25.2688902376319,10.942987229117795,49.97169948427249,100.38867365184315,-30.916796498449678,-25.14959710948117,-65.0301545066172,5.717191584828839,-2.0848576845372557,0.48148148148148145,13.623456790123457,12.0,13.52938118300653,0.7777777777777778,4.0,0.5185185185185185,7.0,0.25308641975308643,12.0,0.17901234567901234,14.0,0.10493827160493827,16.0,0.043209876543209874,13.0,0.012345679012345678,19.5,0.4506172839506173,0.3888888888888889,0.5367647058823529,0.2037037037037037,0.47530864197530864,0.3,0.2345679012345679,0.16049382716049382,0.59375,0.09259259259259259,0.17901234567901234,0.3409090909090909,0.10493827160493827,0.024691358024691357,0.8095238095238095,t100_s50_resolved_target_win_rate,0.3409090909090909
ALL,1h,DAILY_4H_1H,60,168,59.846657719509324,31.650376268438364,12.880249294736078,77.40609917351927,133.75291766880025,-43.007688600580046,-33.39516376912488,-90.14422050618366,13.351157349632826,-1.244954545410737,0.4880952380952381,25.791666666666668,25.5,14.49609560034951,0.8154761904761905,5.0,0.6011904761904762,9.0,0.35714285714285715,17.0,0.27976190476190477,25.0,0.17857142857142858,28.0,0.08928571428571429,32.0,0.05357142857142857,38.0,0.47023809523809523,0.42857142857142855,0.5231788079470199,0.23809523809523808,0.5595238095238095,0.29850746268656714,0.32142857142857145,0.27380952380952384,0.54,0.15476190476190477,0.30357142857142855,0.33766233766233766,0.17857142857142858,0.07738095238095238,0.6976744186046512,t100_s50_resolved_target_win_rate,0.33766233766233766
ALL,1h,DAILY_4H,60,168,59.846657719509324,31.650376268438364,12.880249294736078,77.40609917351927,133.75291766880025,-43.007688600580046,-33.39516376912488,-90.14422050618366,13.351157349632826,-1.244954545410737,0.4880952380952381,25.791666666666668,25.5,14.49609560034951,0.8154761904761905,5.0,0.6011904761904762,9.0,0.35714285714285715,17.0,0.27976190476190477,25.0,0.17857142857142858,28.0,0.08928571428571429,32.0,0.05357142857142857,38.0,0.47023809523809523,0.42857142857142855,0.5231788079470199,0.23809523809523808,0.5595238095238095,0.29850746268656714,0.32142857142857145,0.27380952380952384,0.54,0.15476190476190477,0.30357142857142855,0.33766233766233766,0.17857142857142858,0.07738095238095238,0.6976744186046512,t100_s50_resolved_target_win_rate,0.33766233766233766
ALL,1m,FULL_ALIGNMENT,120,2799,92.42754690286708,55.33383559691352,22.402381600212795,116.12002231271234,221.88445322107023,-72.98587082751088,-48.611381325158746,-167.69476081237488,4.235704801480967,-2.7467579250728402,0.48160057163272596,53.11611289746338,48.0,42.52019430582348,0.8749553411932833,5.0,0.7259735619864237,14.0,0.5344765987852804,29.0,0.3865666309396213,37.0,0.2897463379778492,43.0,0.17970703822793854,57.0,0.11825652018578063,62.0,0.5080385852090032,0.45837799214005004,0.5256931608133086,0.32618792425866383,0.5966416577349053,0.3534649632210608,0.4437299035369775,0.3762057877813505,0.5411764705882353,0.22615219721329047,0.44765987852804573,0.3356309650053022,0.2675955698463737,0.20507324044301536,0.5661375661375662,t100_s50_resolved_target_win_rate,0.3356309650053022
ALL,1m,DAILY_4H_1H_15M,240,4826,124.69501950047164,72.70058957558834,29.548180125666402,154.99671024648995,295.0034132642143,-100.9904065941003,-70.85187244867231,-231.36911066953925,1.3052015457135635,-8.698826974588014,0.4579361790302528,103.11956071280564,90.5,36.592072596247846,0.9077911313717364,6.0,0.7836717778698715,20.0,0.6079569001243266,43.0,0.4875673435557397,63.0,0.38955656858682136,76.5,0.260049730625777,95.0,0.1825528387898881,109.0,0.5105677579776212,0.4749274761707418,0.5180824222035324,0.3338168255283879,0.6319933692498964,0.34563398412357865,0.4709904682967261,0.4378367177786987,0.5182398540811674,0.27414007459593864,0.547244094488189,0.3337537840565086,0.3458350600911728,0.3050145047658516,0.5313594396688952,t100_s50_resolved_target_win_rate,0.3337537840565086
ALL,1h,DAILY_4H_1H,30,168,40.759848780940736,25.152917245018223,10.922236331878388,49.83051993575849,97.87386787688607,-30.800626323684156,-25.302388695909173,-64.11109687354899,5.332042938288687,-2.0848576845372557,0.48214285714285715,13.583333333333334,12.0,13.177666663310802,0.7738095238095238,4.0,0.5059523809523809,7.0,0.25,11.0,0.17261904761904762,14.0,0.10119047619047619,16.0,0.041666666666666664,13.0,0.011904761904761904,19.5,0.44047619047619047,0.39880952380952384,0.524822695035461,0.20238095238095238,0.48214285714285715,0.2956521739130435,0.23214285714285715,0.16071428571428573,0.5909090909090909,0.08928571428571429,0.17857142857142858,0.3333333333333333,0.10119047619047619,0.023809523809523808,0.8095238095238095,t100_s50_resolved_target_win_rate,0.3333333333333333
ALL,1h,FULL_ALIGNMENT,60,158,61.48578565642376,34.1689437790138,14.667053361080429,77.50399693452592,141.82147575845312,-43.32833134181316,-34.03816870729326,-84.4187642386871,14.681804121486657,-1.244954545410737,0.4873417721518987,25.670886075949365,24.5,15.042494094515245,0.8291139240506329,5.0,0.6075949367088608,9.0,0.3670886075949367,17.0,0.2848101265822785,24.0,0.17721518987341772,26.5,0.0949367088607595,32.0,0.056962025316455694,38.0,0.47468354430379744,0.4240506329113924,0.528169014084507,0.24050632911392406,0.5632911392405063,0.2992125984251969,0.3291139240506329,0.2721518987341772,0.5473684210526316,0.1518987341772152,0.3037974683544304,0.3333333333333333,0.17721518987341772,0.0759493670886076,0.7,t100_s50_resolved_target_win_rate,0.3333333333333333
ALL,1m,FULL_ALIGNMENT,60,2799,64.13927699199091,37.543561659882926,14.959662381751615,78.78663117818152,147.98239462717567,-50.635979799050546,-33.7186897880537,-115.43120715229716,3.1641687804760736,-2.0868671842799724,0.47874240800285817,27.02750982493748,25.0,40.899598764045145,0.8217220435869954,4.0,0.6237942122186495,11.0,0.40514469453376206,19.5,0.2618792425866381,23.0,0.18756698821007503,28.0,0.09717756341550554,33.0,0.0571632725973562,35.0,0.4715969989281886,0.43229724901750627,0.5217391304347826,0.2779564130046445,0.5462665237584852,0.3372345036844387,0.3579849946409432,0.2890317970703823,0.5532854776366648,0.16148624508753126,0.32833154698106465,0.3296863603209336,0.18220793140407288,0.11825652018578063,0.6064209274673008,t100_s50_resolved_target_win_rate,0.3296863603209336
ALL,15m,FULL_ALIGNMENT,120,422,83.53261884267553,54.90638929858905,18.24278522476408,110.53367860957397,198.6581227159934,-74.05236473334243,-54.346634408297675,-159.7203098283002,3.922541655764018,-8.672582878881396,0.4431279620853081,52.208530805687204,42.5,7.268231585079693,0.8601895734597157,4.0,0.7109004739336493,10.0,0.5284360189573459,26.0,0.3933649289099526,32.5,0.2843601895734597,45.0,0.16824644549763032,58.0,0.0971563981042654,61.0,0.504739336492891,0.44075829383886256,0.5338345864661654,0.33649289099526064,0.566350710900474,0.37270341207349084,0.44786729857819907,0.3815165876777251,0.54,0.22985781990521326,0.4786729857819905,0.32441471571906355,0.27014218009478674,0.22274881516587677,0.5480769230769231,t100_s50_resolved_target_win_rate,0.32441471571906355
ALL,15m,DAILY_4H_1H_15M,120,446,82.11158938697754,54.90638929858905,18.80933347150282,109.57721047423318,196.95809215493853,-73.85554517495133,-53.412631628358966,-162.29711914099443,2.6137877325130394,-7.816708964863417,0.4484304932735426,52.17488789237668,42.0,8.658118250510753,0.8587443946188341,4.0,0.7130044843049327,10.0,0.5291479820627802,26.0,0.38565022421524664,32.5,0.2757847533632287,44.0,0.16367713004484305,58.0,0.09192825112107623,61.0,0.5134529147982063,0.4327354260089686,0.542654028436019,0.3430493273542601,0.5582959641255605,0.3805970149253731,0.45067264573991034,0.37668161434977576,0.5447154471544715,0.2242152466367713,0.47085201793721976,0.3225806451612903,0.2623318385650224,0.2242152466367713,0.5391705069124424,t100_s50_resolved_target_win_rate,0.3225806451612903
ALL,15m,DAILY_4H_1H,120,446,82.11158938697754,54.90638929858905,18.80933347150282,109.57721047423318,196.95809215493853,-73.85554517495133,-53.412631628358966,-162.29711914099443,2.6137877325130394,-7.816708964863417,0.4484304932735426,52.17488789237668,42.0,8.658118250510753,0.8587443946188341,4.0,0.7130044843049327,10.0,0.5291479820627802,26.0,0.38565022421524664,32.5,0.2757847533632287,44.0,0.16367713004484305,58.0,0.09192825112107623,61.0,0.5134529147982063,0.4327354260089686,0.542654028436019,0.3430493273542601,0.5582959641255605,0.3805970149253731,0.45067264573991034,0.37668161434977576,0.5447154471544715,0.2242152466367713,0.47085201793721976,0.3225806451612903,0.2623318385650224,0.2242152466367713,0.5391705069124424,t100_s50_resolved_target_win_rate,0.3225806451612903
ALL,5m,DAILY_4H_1H,240,1650,110.6748359419023,67.27922500094908,28.49721873076472,139.86445200659227,270.3064651616645,-97.91891277453551,-66.6219880114266,-216.41564160093498,-1.5920692207758669,-8.93411688336565,0.45696969696969697,102.44121212121212,88.0,23.84198894570473,0.9066666666666666,5.0,0.78,21.0,0.6139393939393939,49.0,0.46060606060606063,65.0,0.35515151515151516,80.0,0.23030303030303031,97.0,0.16,115.0,0.4909090909090909,0.4951515151515152,0.49784880147510757,0.33151515151515154,0.6387878787878788,0.34166146158650845,0.4793939393939394,0.4303030303030303,0.5269820119920053,0.25696969696969696,0.54,0.3224334600760456,0.3212121212121212,0.29393939393939394,0.5221674876847291,t100_s50_resolved_target_win_rate,0.3224334600760456
ALL,1m,DAILY_4H_1H,240,8600,110.58836535549368,66.12637719206282,28.194846821433806,136.73252633799316,261.2412041955375,-97.61936963653693,-66.61787938067488,-219.20786559339388,-1.7870947667572876,-5.8234006562157825,0.4705813953488372,106.13116279069767,95.5,33.9532821712473,0.9036046511627907,6.0,0.7756976744186046,23.0,0.5938372093023255,50.0,0.4543023255813953,70.0,0.3524418604651163,85.0,0.22267441860465118,103.0,0.15267441860465117,118.0,0.5058139534883721,0.4797674418604651,0.5132137800849458,0.3317441860465116,0.63,0.34494015233949943,0.4653488372093023,0.43732558139534883,0.5155223496071106,0.25546511627906976,0.5409302325581395,0.32077675573076364,0.3177906976744186,0.2990697674418605,0.5151743638077285,t100_s50_resolved_target_win_rate,0.32077675573076364
ALL,1h,FULL_ALIGNMENT,120,158,89.9749235507567,42.68314004782225,18.439275551601632,101.72669354762853,246.03332556727133,-61.31126469920018,-46.75102985028712,-128.76142255009268,19.268198756493735,-6.353269059150568,0.4430379746835443,49.94303797468354,42.0,6.2518804256079425,0.8734177215189873,5.5,0.7088607594936709,11.0,0.4430379746835443,20.0,0.34810126582278483,28.0,0.25949367088607594,36.0,0.18354430379746836,45.0,0.12658227848101267,73.5,0.5,0.44936708860759494,0.5266666666666666,0.26582278481012656,0.6139240506329114,0.302158273381295,0.37341772151898733,0.37341772151898733,0.5,0.2088607594936709,0.4430379746835443,0.32038834951456313,0.25949367088607594,0.15822784810126583,0.6212121212121212,t100_s50_resolved_target_win_rate,0.32038834951456313
ALL,5m,DAILY_4H_1H_15M,240,766,123.62773412645163,70.95626710096225,29.676110098915686,160.2349705542949,294.3516269229862,-104.69717836658008,-70.96205436801063,-231.49932963422714,-2.6409704927841284,-11.101255604106797,0.4516971279373368,98.7597911227154,77.0,7.200110629710931,0.9073107049608355,5.0,0.7845953002610966,17.0,0.6331592689295039,40.0,0.48825065274151436,62.0,0.3785900783289817,75.5,0.26370757180156656,89.5,0.1906005221932115,97.5,0.4934725848563969,0.489556135770235,0.50199203187251,0.34986945169712796,0.6279373368146214,0.35781041388518026,0.4908616187989556,0.43342036553524804,0.5310734463276836,0.26240208877284593,0.5600522193211488,0.319047619047619,0.3433420365535248,0.30809399477806787,0.5270541082164328,t100_s50_resolved_target_win_rate,0.319047619047619
ALL,5m,FULL_ALIGNMENT,240,766,123.62773412645163,70.95626710096225,29.676110098915686,160.2349705542949,294.3516269229862,-104.69717836658008,-70.96205436801063,-231.49932963422714,-2.6409704927841284,-11.101255604106797,0.4516971279373368,98.7597911227154,77.0,7.200110629710931,0.9073107049608355,5.0,0.7845953002610966,17.0,0.6331592689295039,40.0,0.48825065274151436,62.0,0.3785900783289817,75.5,0.26370757180156656,89.5,0.1906005221932115,97.5,0.4934725848563969,0.489556135770235,0.50199203187251,0.34986945169712796,0.6279373368146214,0.35781041388518026,0.4908616187989556,0.43342036553524804,0.5310734463276836,0.26240208877284593,0.5600522193211488,0.319047619047619,0.3433420365535248,0.30809399477806787,0.5270541082164328,t100_s50_resolved_target_win_rate,0.319047619047619
ALL,1h,DAILY_4H,120,168,87.93267414929373,42.68314004782225,17.6014194440971,101.63219759100117,243.20895301558124,-61.50803051449735,-46.75102985028712,-143.29352419955242,17.85523048655263,-5.298090108818987,0.4523809523809524,51.351190476190474,42.0,6.200519590456131,0.875,6.0,0.7083333333333334,11.0,0.44642857142857145,25.0,0.35119047619047616,31.0,0.25595238095238093,37.0,0.17261904761904762,45.0,0.11904761904761904,73.5,0.49404761904761907,0.4523809523809524,0.5220125786163522,0.26785714285714285,0.6071428571428571,0.30612244897959184,0.36904761904761907,0.38095238095238093,0.49206349206349204,0.20833333333333334,0.44642857142857145,0.3181818181818182,0.25595238095238093,0.16666666666666666,0.6056338028169014,t100_s50_resolved_target_win_rate,0.3181818181818182
ALL,1h,DAILY_4H_1H,120,168,87.93267414929373,42.68314004782225,17.6014194440971,101.63219759100117,243.20895301558124,-61.50803051449735,-46.75102985028712,-143.29352419955242,17.85523048655263,-5.298090108818987,0.4523809523809524,51.351190476190474,42.0,6.200519590456131,0.875,6.0,0.7083333333333334,11.0,0.44642857142857145,25.0,0.35119047619047616,31.0,0.25595238095238093,37.0,0.17261904761904762,45.0,0.11904761904761904,73.5,0.49404761904761907,0.4523809523809524,0.5220125786163522,0.26785714285714285,0.6071428571428571,0.30612244897959184,0.36904761904761907,0.38095238095238093,0.49206349206349204,0.20833333333333334,0.44642857142857145,0.3181818181818182,0.25595238095238093,0.16666666666666666,0.6056338028169014,t100_s50_resolved_target_win_rate,0.3181818181818182
ALL,1h,FULL_ALIGNMENT,240,158,125.57595159222598,67.94801580400801,31.191683653090664,158.0834857179769,343.532463503867,-93.06619275772725,-60.69409872895226,-193.60791183603044,21.934956765304285,2.5529632458243245,0.5253164556962026,111.37341772151899,102.5,6.90972451375067,0.9177215189873418,6.0,0.8291139240506329,16.0,0.6075949367088608,40.0,0.4873417721518987,46.0,0.36075949367088606,62.0,0.25949367088607594,77.0,0.18354430379746836,92.0,0.5253164556962026,0.45569620253164556,0.535483870967742,0.2974683544303797,0.6455696202531646,0.31543624161073824,0.43670886075949367,0.44936708860759494,0.4928571428571429,0.25316455696202533,0.5506329113924051,0.31496062992125984,0.34177215189873417,0.2848101265822785,0.5454545454545454,t100_s50_resolved_target_win_rate,0.31496062992125984
ALL,1m,DAILY_4H_1H_15M,120,4826,85.60525913047947,49.39879049583262,20.519483809109396,103.15752390641808,201.9760470017795,-70.88900380343975,-46.87859285791907,-164.9684472397861,1.8216978043341057,-3.3487562874934262,0.4763779527559055,53.516991297140486,49.0,37.5799904006139,0.8707003729796934,5.0,0.7034811438043929,16.0,0.49668462494819726,30.0,0.3578532946539577,40.0,0.25922088686282635,48.0,0.160588479071695,61.0,0.1013261500207211,66.0,0.4977206796518856,0.46062992125984253,0.5193513513513514,0.30708661417322836,0.5932449233319519,0.3410817031070196,0.4144218814753419,0.37588064649813513,0.5243838489774515,0.20430998756734356,0.4444674678823042,0.3149153625039923,0.24140074595938665,0.20576046415250726,0.5398517145505097,t100_s50_resolved_target_win_rate,0.3149153625039923
ALL,1h,DAILY_4H_1H,240,168,122.39006122251885,68.17926210274993,30.40571596263586,143.20502228861608,338.4140691575549,-95.40898680432576,-60.69409872895226,-196.82603320400895,16.497276179527535,2.1661127132388547,0.5178571428571429,110.69047619047619,105.0,6.919765516294397,0.9166666666666666,6.0,0.8273809523809523,16.0,0.6071428571428571,42.0,0.4880952380952381,47.0,0.35714285714285715,55.5,0.25,84.0,0.17261904761904762,92.0,0.5238095238095238,0.4583333333333333,0.5333333333333333,0.30357142857142855,0.6428571428571429,0.32075471698113206,0.43452380952380953,0.4523809523809524,0.4899328859060403,0.25,0.5476190476190477,0.31343283582089554,0.3392857142857143,0.2916666666666667,0.5377358490566038,t100_s50_resolved_target_win_rate,0.31343283582089554
ALL,1h,DAILY_4H,240,168,122.39006122251885,68.17926210274993,30.40571596263586,143.20502228861608,338.4140691575549,-95.40898680432576,-60.69409872895226,-196.82603320400895,16.497276179527535,2.1661127132388547,0.5178571428571429,110.69047619047619,105.0,6.919765516294397,0.9166666666666666,6.0,0.8273809523809523,16.0,0.6071428571428571,42.0,0.4880952380952381,47.0,0.35714285714285715,55.5,0.25,84.0,0.17261904761904762,92.0,0.5238095238095238,0.4583333333333333,0.5333333333333333,0.30357142857142855,0.6428571428571429,0.32075471698113206,0.43452380952380953,0.4523809523809524,0.4899328859060403,0.25,0.5476190476190477,0.31343283582089554,0.3392857142857143,0.2916666666666667,0.5377358490566038,t100_s50_resolved_target_win_rate,0.31343283582089554
ALL,15m,DAILY_4H,60,904,51.60553685146265,32.99054595527484,11.749518556587457,67.10634146343929,121.31079457675736,-46.611987962149165,-30.964267228315578,-112.76368022883874,-3.1163088015021767,-5.241948345256486,0.4502212389380531,25.759955752212388,22.0,16.50312139344396,0.7842920353982301,4.0,0.5707964601769911,10.0,0.3495575221238938,17.0,0.21902654867256638,22.0,0.14601769911504425,26.0,0.07300884955752213,30.0,0.03650442477876106,32.0,0.4269911504424779,0.42035398230088494,0.5039164490861618,0.24225663716814158,0.5077433628318584,0.3230088495575221,0.31305309734513276,0.25663716814159293,0.5495145631067961,0.13274336283185842,0.2942477876106195,0.31088082901554404,0.14380530973451328,0.10398230088495575,0.5803571428571429,t100_s50_resolved_target_win_rate,0.31088082901554404
ALL,15m,FULL_ALIGNMENT,60,422,59.238386317653095,39.66398931258274,12.996980625151199,78.73761987524097,134.43318538638354,-52.80198338073407,-32.65966800437836,-123.41774446992792,-5.016174146843479,-7.438880971926132,0.44075829383886256,24.827014218009477,22.0,14.539099462868133,0.8104265402843602,3.0,0.6303317535545023,8.0,0.4075829383886256,16.0,0.27014218009478674,19.5,0.17298578199052134,26.0,0.08767772511848342,30.0,0.04739336492890995,31.5,0.46919431279620855,0.4099526066350711,0.5336927223719676,0.2796208530805687,0.5165876777251185,0.35119047619047616,0.36255924170616116,0.2938388625592417,0.5523465703971119,0.15639810426540285,0.35308056872037913,0.30697674418604654,0.17061611374407584,0.14691943127962084,0.5373134328358209,t100_s50_resolved_target_win_rate,0.30697674418604654
ALL,5m,DAILY_4H_1H,120,1650,78.68472056353278,46.702720708301506,19.098096613721083,96.83122601255923,184.86185677775538,-70.04073728120372,-46.98153501767888,-155.35806199717084,-5.080868968907932,-5.999913129750567,0.4527272727272727,50.98909090909091,43.0,21.560770359219113,0.8612121212121212,5.0,0.6848484848484848,16.0,0.4824242424242424,32.5,0.33151515151515154,42.0,0.2387878787878788,49.0,0.13454545454545455,54.5,0.08242424242424243,57.0,0.47333333333333333,0.4818181818181818,0.49555837563451777,0.3,0.6036363636363636,0.3319919517102616,0.4084848484848485,0.36303030303030304,0.5294579732914375,0.1921212121212121,0.43575757575757573,0.305984555984556,0.22606060606060607,0.19272727272727272,0.5397973950795948,t100_s50_resolved_target_win_rate,0.305984555984556
ALL,1m,FULL_ALIGNMENT,30,2799,43.89361926693574,25.54744525547381,9.765734745141863,55.027621229716274,101.15356721276127,-36.07736079424965,-23.483350151362046,-80.1367125125858,2.6872923092125096,-1.015906964310087,0.48302965344765986,13.772418720971775,12.0,33.3566494430234,0.7463379778492318,3.0,0.5069667738478028,8.0,0.2765273311897106,13.0,0.16720257234726688,15.0,0.10325116112897463,16.0,0.04430153626295105,19.0,0.022865309038942478,20.0,0.42015005359056806,0.37727759914255093,0.5268817204301075,0.21186137906395142,0.45158985351911396,0.3193322563274098,0.2572347266881029,0.1939978563772776,0.5700712589073634,0.09431939978563773,0.2150768131475527,0.30484988452655887,0.10182207931404073,0.05894962486602358,0.6333333333333333,t100_s50_resolved_target_win_rate,0.30484988452655887
ALL,15m,DAILY_4H_1H,60,446,58.49776161828783,39.58463780099341,12.996980625151199,78.25939148069283,130.80431388892254,-52.51622110258153,-32.212217869085904,-123.67641885110802,-5.341213454895342,-6.88490169675593,0.4484304932735426,24.80269058295964,22.0,15.526665790298122,0.8094170403587444,3.0,0.6345291479820628,8.0,0.4013452914798206,16.0,0.2645739910313901,19.5,0.1681614349775785,26.0,0.08520179372197309,30.0,0.04484304932735426,31.5,0.47757847533632286,0.40358744394618834,0.5419847328244275,0.27802690582959644,0.5089686098654709,0.35327635327635326,0.35874439461883406,0.2937219730941704,0.5498281786941581,0.15246636771300448,0.34977578475336324,0.30357142857142855,0.16591928251121077,0.14349775784753363,0.5362318840579711,t100_s50_resolved_target_win_rate,0.30357142857142855
ALL,1m,DAILY_4H_1H_15M,60,4826,58.728723366180155,33.681724719341055,14.032507574285313,72.00051431409892,134.1888286424986,-49.14303237003351,-32.39550627304743,-111.59923637913406,2.6089049776509055,-1.4386449166009507,0.4850808122668877,27.73331951927062,26.0,34.36941728072314,0.8166183174471612,4.0,0.5965602983837547,12.0,0.37132200580190633,21.0,0.23684210526315788,25.0,0.15955242436800662,29.0,0.08019063406547866,34.0,0.04537919602154994,37.0,0.4593866556154165,0.4276833816825528,0.5178696566222845,0.2619146290924161,0.5317032739328637,0.3300261096605744,0.33257355988396187,0.2880232076253626,0.5358931552587646,0.13903854123497722,0.32552838789888106,0.2992863514719001,0.15582262743472855,0.11748860339825942,0.5701288855193328,t100_s50_resolved_target_win_rate,0.2992863514719001
ALL,15m,DAILY_4H,30,904,37.97468096889115,21.520313164540283,9.041534806308317,47.935693368275636,90.7698572711635,-32.207843396082154,-21.093840840519796,-77.2416349005881,1.4734907832661577,-2.217518621963066,0.47013274336283184,13.525442477876107,13.0,19.427540014865855,0.7234513274336283,4.0,0.4690265486725664,7.0,0.24004424778761063,10.0,0.13938053097345132,15.0,0.08075221238938053,16.0,0.03761061946902655,19.0,0.016592920353982302,17.0,0.37831858407079644,0.34845132743362833,0.5205479452054794,0.18141592920353983,0.3993362831858407,0.31238095238095237,0.2245575221238938,0.1570796460176991,0.5884057971014492,0.07632743362831858,0.18030973451327434,0.2974137931034483,0.08075221238938053,0.048672566371681415,0.6239316239316239,t100_s50_resolved_target_win_rate,0.2974137931034483
ALL,1h,FULL_ALIGNMENT,15,158,30.407011841949423,19.193376653312555,7.1446413535214415,37.34592779776447,72.14821045487058,-23.998673668636986,-17.63935093196278,-53.50654892310636,4.592129960512485,-0.6940158882506875,0.4873417721518987,7.531645569620253,7.0,20.853046385528902,0.6835443037974683,2.0,0.41139240506329117,6.0,0.17721518987341772,6.0,0.10126582278481013,10.5,0.05063291139240506,10.5,0.02531645569620253,10.5,0.006329113924050633,9.0,0.3860759493670886,0.26582278481012656,0.5922330097087378,0.15822784810126583,0.310126582278481,0.33783783783783783,0.17721518987341772,0.11392405063291139,0.6086956521739131,0.05063291139240506,0.12025316455696203,0.2962962962962963,0.05063291139240506,0.0189873417721519,0.7272727272727273,t100_s50_resolved_target_win_rate,0.2962962962962963
ALL,5m,DAILY_4H_1H_15M,120,766,91.14828990192399,52.16107780355195,20.561333217607448,102.74501936470226,216.53851743667963,-74.89729011877982,-52.40316564165681,-167.3954148180834,-5.322783170460087,-7.008019156126699,0.4490861618798956,49.20626631853786,41.0,7.25712133691119,0.8668407310704961,4.0,0.6984334203655352,14.0,0.5143603133159269,27.0,0.3524804177545692,35.5,0.25718015665796345,45.0,0.1671018276762402,54.0,0.10966057441253264,52.5,0.47911227154047,0.47911227154047,0.5,0.32114882506527415,0.5966057441253264,0.34992887624466573,0.42428198433420367,0.3825065274151436,0.5258899676375405,0.2010443864229765,0.47911227154047,0.29558541266794625,0.24281984334203655,0.21279373368146215,0.5329512893982808,t100_s50_resolved_target_win_rate,0.29558541266794625
ALL,5m,FULL_ALIGNMENT,120,766,91.14828990192399,52.16107780355195,20.561333217607448,102.74501936470226,216.53851743667963,-74.89729011877982,-52.40316564165681,-167.3954148180834,-5.322783170460087,-7.008019156126699,0.4490861618798956,49.20626631853786,41.0,7.25712133691119,0.8668407310704961,4.0,0.6984334203655352,14.0,0.5143603133159269,27.0,0.3524804177545692,35.5,0.25718015665796345,45.0,0.1671018276762402,54.0,0.10966057441253264,52.5,0.47911227154047,0.47911227154047,0.5,0.32114882506527415,0.5966057441253264,0.34992887624466573,0.42428198433420367,0.3825065274151436,0.5258899676375405,0.2010443864229765,0.47911227154047,0.29558541266794625,0.24281984334203655,0.21279373368146215,0.5329512893982808,t100_s50_resolved_target_win_rate,0.29558541266794625
ALL,1m,DAILY_4H_1H,120,8600,75.71758956990257,45.9555641642706,19.47091823821079,92.08199203056822,173.92048873116627,-67.86065667042486,-44.60058799380329,-155.97633840201794,-0.42019058924485136,-2.4008988419244037,0.48069767441860467,54.73139534883721,51.0,33.97351060088287,0.8646511627906976,6.0,0.688953488372093,18.0,0.47093023255813954,35.0,0.31883720930232556,44.0,0.22534883720930232,51.0,0.1291860465116279,62.0,0.07872093023255813,67.0,0.48965116279069765,0.46430232558139534,0.5132862018527548,0.3016279069767442,0.5891860465116279,0.33859809424357135,0.39988372093023256,0.37348837209302327,0.5170651029920312,0.18174418604651163,0.43372093023255814,0.2952956735310788,0.21220930232558138,0.19813953488372094,0.5171436667611221,t100_s50_resolved_target_win_rate,0.2952956735310788
ALL,5m,DAILY_4H_1H,60,1650,56.968844565627315,32.85511289247811,13.213639652567277,67.20779508165076,123.03222271105189,-47.69809188424003,-31.569070806552467,-109.82174634020137,-0.6877839325674149,-4.039410131010945,0.4581818181818182,26.10969696969697,22.0,28.449336150567202,0.813939393939394,4.0,0.5836363636363636,13.0,0.3496969696969697,21.0,0.21696969696969698,24.0,0.14606060606060606,29.0,0.07393939393939394,31.5,0.04666666666666667,33.0,0.43757575757575756,0.42848484848484847,0.5052484254723583,0.24242424242424243,0.5230303030303031,0.3167062549485352,0.3103030303030303,0.26545454545454544,0.5389473684210526,0.12484848484848485,0.30363636363636365,0.2913719943422914,0.14242424242424243,0.10424242424242425,0.5773955773955773,t100_s50_resolved_target_win_rate,0.2913719943422914
ALL,5m,DAILY_4H_1H_15M,60,766,66.07196527336953,36.82592608053259,14.661306659401463,73.04544379481025,142.1773976443552,-51.22257876159141,-34.04501390266823,-121.57976771603018,2.3112192084136582,-4.674991404817752,0.45430809399477806,25.886422976501304,22.0,15.186398192298975,0.8237597911227154,4.0,0.6122715404699739,11.0,0.4007832898172324,19.0,0.24151436031331594,23.0,0.16449086161879894,26.0,0.09530026109660575,30.0,0.0639686684073107,31.0,0.45039164490861616,0.42689295039164493,0.5133928571428571,0.28067885117493474,0.52088772845953,0.3501628664495114,0.35117493472584854,0.2741514360313316,0.5615866388308977,0.13446475195822455,0.33159268929503916,0.28851540616246496,0.15926892950391644,0.11618798955613577,0.5781990521327014,t100_s50_resolved_target_win_rate,0.28851540616246496
ALL,5m,FULL_ALIGNMENT,60,766,66.07196527336953,36.82592608053259,14.661306659401463,73.04544379481025,142.1773976443552,-51.22257876159141,-34.04501390266823,-121.57976771603018,2.3112192084136582,-4.674991404817752,0.45430809399477806,25.886422976501304,22.0,15.186398192298975,0.8237597911227154,4.0,0.6122715404699739,11.0,0.4007832898172324,19.0,0.24151436031331594,23.0,0.16449086161879894,26.0,0.09530026109660575,30.0,0.0639686684073107,31.0,0.45039164490861616,0.42689295039164493,0.5133928571428571,0.28067885117493474,0.52088772845953,0.3501628664495114,0.35117493472584854,0.2741514360313316,0.5615866388308977,0.13446475195822455,0.33159268929503916,0.28851540616246496,0.15926892950391644,0.11618798955613577,0.5781990521327014,t100_s50_resolved_target_win_rate,0.28851540616246496
ALL,1h,DAILY_4H_1H_15M,15,162,30.071018736648917,19.193376653312555,7.038379280174811,37.27237550512797,70.31467671009686,-23.797551148586503,-17.444214031649416,-54.54107287230037,4.4692361097570386,-0.6940158882506875,0.4876543209876543,7.580246913580247,7.0,20.513022083053162,0.6790123456790124,2.0,0.41358024691358025,6.0,0.1728395061728395,6.0,0.09876543209876543,10.5,0.04938271604938271,10.5,0.024691358024691357,10.5,0.006172839506172839,9.0,0.3888888888888889,0.2654320987654321,0.5943396226415094,0.15432098765432098,0.30864197530864196,0.3333333333333333,0.1728395061728395,0.11728395061728394,0.5957446808510638,0.04938271604938271,0.12345679012345678,0.2857142857142857,0.04938271604938271,0.018518518518518517,0.7272727272727273,t100_s50_resolved_target_win_rate,0.2857142857142857
ALL,15m,FULL_ALIGNMENT,30,422,44.18781739166564,28.169241129823995,10.300698538256437,57.4849057084692,99.0240574790343,-37.92555621816016,-22.51305624274169,-93.92078599622111,0.25834529860605315,-1.8189414085384437,0.47393364928909953,13.637440758293838,13.0,11.308010989937873,0.7582938388625592,3.0,0.5402843601895735,7.0,0.3009478672985782,12.0,0.1872037914691943,15.0,0.0995260663507109,17.0,0.04739336492890995,17.5,0.02132701421800948,11.0,0.4265402843601896,0.3412322274881517,0.5555555555555556,0.22274881516587677,0.41232227488151657,0.35074626865671643,0.2796208530805687,0.19194312796208532,0.592964824120603,0.09004739336492891,0.23459715639810427,0.2773722627737226,0.0995260663507109,0.07582938388625593,0.5675675675675675,t100_s50_resolved_target_win_rate,0.2773722627737226
ALL,1h,DAILY_4H,15,168,29.580623160483235,18.591345040568363,6.807291567690887,37.21345850170865,70.72736627435638,-23.711288992025874,-17.444214031649416,-54.612017602296724,4.164861270028352,-0.6940158882506875,0.48214285714285715,7.428571428571429,7.0,19.87627929927443,0.6666666666666666,2.0,0.40476190476190477,6.0,0.17261904761904762,6.0,0.09523809523809523,10.5,0.047619047619047616,10.5,0.023809523809523808,10.5,0.005952380952380952,9.0,0.38095238095238093,0.26785714285714285,0.5871559633027523,0.15476190476190477,0.30952380952380953,0.3333333333333333,0.17261904761904762,0.11904761904761904,0.5918367346938775,0.047619047619047616,0.125,0.27586206896551724,0.047619047619047616,0.017857142857142856,0.7272727272727273,t100_s50_resolved_target_win_rate,0.27586206896551724
ALL,1m,DAILY_4H_1H,60,8600,52.004198699767194,31.39976884767748,13.076477766170157,64.48567155315999,117.47141101465887,-47.03273527067814,-31.07255648663265,-107.35467560801558,0.6686528851495568,-1.4022667405239053,0.48348837209302326,28.059418604651164,26.0,29.55024188659601,0.8046511627906977,5.0,0.5720930232558139,14.0,0.33406976744186045,22.0,0.20348837209302326,26.0,0.1330232558139535,30.0,0.06151162790697674,34.0,0.03441860465116279,37.0,0.4475581395348837,0.42872093023255814,0.5107484076433121,0.2424418604651163,0.523953488372093,0.31634046426945833,0.3033720930232558,0.2812790697674419,0.5188941925218775,0.11755813953488373,0.3127906976744186,0.27316941367198055,0.13,0.11127906976744185,0.5387951807228916,t100_s50_resolved_target_win_rate,0.27316941367198055
ALL,1m,DAILY_4H_1H_15M,30,4826,39.64503705548881,23.392536739491597,9.350151835951781,49.9123722158662,90.41879344587333,-34.49723053021708,-22.131335258190887,-77.73132821941032,1.2413508582599968,-1.0743130959978142,0.48010774968918357,13.920430998756734,13.0,28.577019643959197,0.7349772067965189,4.0,0.47534189805221716,8.0,0.24906755076668047,13.0,0.1427683381682553,16.0,0.08474927476170742,16.0,0.03377538334024036,18.0,0.017612929962702032,20.0,0.3999171156237049,0.3655200994612516,0.5224688684353005,0.19353501864898467,0.4301699129714049,0.3102990033222591,0.23290509738914214,0.1898052217157066,0.5509803921568628,0.07791131371736428,0.20845420638209697,0.27206946454413894,0.08392043099875673,0.05449647741400746,0.6062874251497006,t100_s50_resolved_target_win_rate,0.27206946454413894
ALL,1m,FULL_ALIGNMENT,15,2799,29.008698344818015,16.817676334930365,6.191638428423296,37.162140358733,68.47977375828364,-25.53672469168186,-16.682886139303132,-55.42796279780693,0.7609434625441521,-1.2367679879476956,0.47624151482672383,7.038585209003215,6.0,31.01993660492841,0.6509467667023937,3.0,0.3776348695962844,5.0,0.16934619506966775,7.0,0.08503036798856735,9.0,0.046802429439085386,10.0,0.015005359056806002,11.0,0.007145409074669525,10.0,0.3340478742408003,0.29403358342265096,0.5318543799772468,0.1414790996784566,0.3347624151482672,0.2970742685671418,0.16291532690246516,0.10932475884244373,0.5984251968503937,0.043586995355484104,0.11754197927831368,0.270509977827051,0.046802429439085386,0.02750982493747767,0.6298076923076923,t100_s50_resolved_target_win_rate,0.270509977827051
ALL,15m,DAILY_4H_1H,30,446,43.748573474003265,28.681056001009786,10.300698538256437,56.916739331108744,95.64921272087523,-37.24832695902471,-22.163197756477903,-93.51101506852422,0.39994936256384706,-1.4357661164809965,0.4798206278026906,13.522421524663677,12.0,11.966491149375965,0.757847533632287,3.0,0.547085201793722,7.0,0.29596412556053814,11.5,0.18161434977578475,15.0,0.09417040358744394,17.0,0.04484304932735426,17.5,0.020179372197309416,11.0,0.4349775784753363,0.33856502242152464,0.5623188405797102,0.21973094170403587,0.4103139013452915,0.3487544483985765,0.2757847533632287,0.1905829596412556,0.5913461538461539,0.08520179372197309,0.23094170403587444,0.2695035460992908,0.09417040358744394,0.07399103139013453,0.56,t100_s50_resolved_target_win_rate,0.2695035460992908
ALL,5m,DAILY_4H_1H,30,1650,39.565056708455984,22.548244662369264,9.405994882801249,46.40149142813466,89.69043515335368,-33.3352194120573,-21.80686417521116,-77.06335802880504,1.0357196501173975,-2.0988413802341954,0.4624242424242424,13.52909090909091,12.0,58.42139208897563,0.7381818181818182,3.0,0.46,8.0,0.23030303030303031,13.0,0.1296969696969697,14.0,0.07757575757575758,16.0,0.03575757575757576,17.0,0.02,17.0,0.37393939393939396,0.35454545454545455,0.5133111480865225,0.17939393939393938,0.4103030303030303,0.30421377183967113,0.21636363636363637,0.17515151515151514,0.5526315789473685,0.0703030303030303,0.19454545454545455,0.2654462242562929,0.07757575757575758,0.05818181818181818,0.5714285714285714,t100_s50_resolved_target_win_rate,0.2654462242562929
ALL,5m,FULL_ALIGNMENT,30,766,46.15117832437787,25.050952069337605,10.679226317343304,52.95841256274747,96.80736309944815,-36.48162237397735,-22.988877029618273,-82.68825970873527,3.7431893683899298,-2.3537947567514594,0.4516971279373368,13.909921671018276,13.0,77.0454851911135,0.7558746736292428,3.0,0.5013054830287206,8.0,0.27284595300261094,12.0,0.15274151436031333,14.0,0.09138381201044386,17.0,0.04960835509138381,17.0,0.030026109660574413,17.0,0.39425587467362927,0.36161879895561355,0.5215889464594128,0.21279373368146215,0.42297650130548303,0.3347022587268994,0.2545691906005222,0.195822454308094,0.5652173913043478,0.07963446475195822,0.22323759791122716,0.2629310344827586,0.09138381201044386,0.07180156657963446,0.56,t100_s50_resolved_target_win_rate,0.2629310344827586
ALL,5m,DAILY_4H_1H_15M,30,766,46.15117832437787,25.050952069337605,10.679226317343304,52.95841256274747,96.80736309944815,-36.48162237397735,-22.988877029618273,-82.68825970873527,3.7431893683899298,-2.3537947567514594,0.4516971279373368,13.909921671018276,13.0,77.0454851911135,0.7558746736292428,3.0,0.5013054830287206,8.0,0.27284595300261094,12.0,0.15274151436031333,14.0,0.09138381201044386,17.0,0.04960835509138381,17.0,0.030026109660574413,17.0,0.39425587467362927,0.36161879895561355,0.5215889464594128,0.21279373368146215,0.42297650130548303,0.3347022587268994,0.2545691906005222,0.195822454308094,0.5652173913043478,0.07963446475195822,0.22323759791122716,0.2629310344827586,0.09138381201044386,0.07180156657963446,0.56,t100_s50_resolved_target_win_rate,0.2629310344827586
ALL,5m,DAILY_4H_1H,15,1650,26.469174916463313,15.270510463101239,5.971405467782853,33.02899252560498,58.48624058988874,-22.834694471055695,-15.050269639615976,-51.484941420108065,1.0496879883182495,-1.2150301465652102,0.47515151515151516,7.004848484848485,6.0,43.807097984296405,0.6406060606060606,3.0,0.33575757575757575,5.0,0.1321212121212121,6.0,0.0703030303030303,7.0,0.038181818181818185,7.0,0.01696969696969697,9.5,0.00787878787878788,11.0,0.2915151515151515,0.25333333333333335,0.5350389321468298,0.11212121212121212,0.28363636363636363,0.2833078101071976,0.1290909090909091,0.1006060606060606,0.5620052770448549,0.03636363636363636,0.10787878787878788,0.25210084033613445,0.038181818181818185,0.02181818181818182,0.6363636363636364,t100_s50_resolved_target_win_rate,0.25210084033613445
ALL,15m,DAILY_ONLY,15,1633,24.83489962672962,14.21464108031234,5.898860317279375,34.0914873047371,59.72538534989846,-22.093979294798075,-14.635931211122166,-49.67857707192968,0.2714774658834998,-2.1732197600987657,0.46356399265156156,6.594611145131659,5.0,24.980724658042067,0.6111451316595223,3.0,0.32823025107164727,5.0,0.1359461114513166,7.0,0.062461726883037354,8.0,0.03184323331292101,9.0,0.008573178199632579,7.5,0.003674219228413962,7.0,0.290263319044703,0.24862216778934476,0.5386363636363637,0.11696264543784446,0.28413962033067974,0.2916030534351145,0.13288426209430496,0.08818126148193509,0.6011080332409973,0.03061849357011635,0.09430496019595835,0.24509803921568626,0.03184323331292101,0.015921616656460504,0.6666666666666666,t100_s50_resolved_target_win_rate,0.24509803921568626
ALL,15m,DAILY_4H,15,904,26.604182266717583,14.372713646898516,5.91827027619285,35.902920550825996,62.1377096590965,-22.770348621668255,-15.269214756822858,-51.27902756555091,1.576925064889697,-1.2755700103234124,0.4723451327433628,6.728982300884955,6.0,20.63260459649161,0.6117256637168141,3.0,0.34845132743362833,5.0,0.15597345132743362,7.0,0.07079646017699115,7.5,0.03650442477876106,6.0,0.014380530973451327,8.0,0.00663716814159292,7.0,0.2975663716814159,0.2577433628318584,0.5358565737051793,0.12942477876106195,0.28982300884955753,0.3087071240105541,0.1504424778761062,0.09955752212389381,0.6017699115044248,0.034292035398230086,0.10619469026548672,0.2440944881889764,0.03650442477876106,0.016592920353982302,0.6875,t100_s50_resolved_target_win_rate,0.2440944881889764
ALL,1m,DAILY_4H_1H_15M,15,4826,26.56416400585609,15.65927850284865,5.9950823516657925,33.45791001884202,61.77423593578424,-24.170932946737796,-15.557453330697356,-53.78629978333271,0.40012868203882895,-0.946319420313535,0.4805221715706589,7.168462494819726,7.0,29.908968997060054,0.6369664318276005,3.0,0.3460422710319105,5.0,0.14711976792374637,8.0,0.07107335267302113,9.0,0.037919602154993785,10.0,0.011811023622047244,11.0,0.0060091172813924575,11.0,0.30915872358060503,0.2801491918773311,0.5246132208157525,0.12453377538334023,0.3139245752175715,0.2840264650283554,0.14214670534604226,0.10422710319104848,0.5769554247266611,0.035640281806879406,0.11065064235391629,0.24362606232294617,0.037919602154993785,0.024865312888520515,0.6039603960396039,t100_s50_resolved_target_win_rate,0.24362606232294617
ALL,1m,DAILY_4H_1H,30,8600,35.44053444806331,21.21293178579453,8.665208974329431,44.63995122840958,82.04987781034778,-32.780339949955575,-21.168628726830896,-75.58318232765026,0.414888440284165,-0.9942697418696689,0.48290697674418603,14.125116279069767,13.0,27.350433587551205,0.7196511627906976,4.0,0.4432558139534884,9.0,0.2144186046511628,14.0,0.1177906976744186,16.0,0.06755813953488372,17.0,0.02558139534883721,18.0,0.012906976744186047,20.0,0.3801162790697674,0.3638372093023256,0.5109409190371991,0.1697674418604651,0.4190697674418605,0.2883096366508689,0.20267441860465116,0.17930232558139536,0.5305936073059361,0.062325581395348835,0.1936046511627907,0.24352567014993184,0.06662790697674419,0.050348837209302326,0.5695825049701789,t100_s50_resolved_target_win_rate,0.24352567014993184
ALL,15m,FULL_ALIGNMENT,15,422,31.648658919803456,18.862996682954545,7.100528809401152,40.96203386276143,73.3883742779416,-25.60350501738328,-16.699849442953774,-58.15261126483606,1.8483857102974453,-1.2277412684424949,0.47393364928909953,6.931279620853081,6.0,19.17151589944404,0.6563981042654028,2.0,0.42890995260663506,5.0,0.1895734597156398,7.5,0.0947867298578199,8.0,0.04739336492890995,7.0,0.02132701421800948,7.0,0.011848341232227487,7.0,0.35071090047393366,0.2677725118483412,0.5670498084291188,0.14928909952606634,0.3175355450236967,0.3197969543147208,0.17772511848341233,0.12085308056872038,0.5952380952380952,0.04265402843601896,0.13507109004739337,0.24,0.04739336492890995,0.02843601895734597,0.625,t100_s50_resolved_target_win_rate,0.24
ALL,5m,DAILY_4H,15,2878,23.464586895192845,13.651050202648785,5.237116549567933,29.357069964727756,53.58977199714676,-21.400235188379877,-14.163749818020822,-49.92340996779588,0.33569814889228633,-1.1897949173128586,0.4722029186935372,7.00416956219597,6.0,35.58989131847664,0.6052814454482279,3.0,0.29812369701181374,6.0,0.113273106323836,7.0,0.05455177206393329,8.0,0.03022932592077832,8.0,0.0118137595552467,10.0,0.005211952744961779,11.0,0.26476719944405835,0.2477414871438499,0.5166101694915254,0.09798471160528145,0.2738012508686588,0.2635514018691589,0.1108408617095205,0.0945100764419736,0.5397631133671743,0.028839471855455177,0.09937456567060458,0.22493224932249323,0.03022932592077832,0.015635858234885336,0.6590909090909091,t100_s50_resolved_target_win_rate,0.22493224932249323
ALL,5m,DAILY_ONLY,15,4978,22.07627837550777,13.037809831137892,4.982569118999192,27.751247905141163,51.124033775049824,-20.417065687294976,-13.451766883073034,-46.49533837255737,-0.15734161033596075,-1.1761258446491007,0.4704700683005223,6.9582161510646845,6.0,29.997960921001866,0.5879871434310968,3.0,0.28143832864604257,6.0,0.10445962233828847,7.0,0.047408597830454,8.0,0.026114905584572117,8.0,0.009039775010044195,10.0,0.0036159100040176776,11.0,0.25431900361591,0.23242265970269185,0.5224927775484935,0.09220570510245078,0.25652872639614305,0.26440092165898615,0.10245078344716754,0.08437123342707915,0.5483870967741935,0.02511048613901165,0.08818802732020892,0.22163120567375885,0.026114905584572117,0.015066291683406991,0.6341463414634146,t100_s50_resolved_target_win_rate,0.22163120567375885
ALL,1m,DAILY_4H_1H,15,8600,23.952027458002288,14.449433369106979,5.662878551638828,30.27976352811379,55.56838757424366,-22.630183518787014,-14.868542484412494,-49.88937241565317,0.07794115346867499,-0.622987188120816,0.48604651162790696,7.272674418604651,7.0,27.92262173631286,0.6158139534883721,3.0,0.31383720930232556,6.0,0.12255813953488372,8.0,0.055232558139534885,9.0,0.029186046511627907,10.0,0.008837209302325582,10.0,0.004069767441860465,11.0,0.28569767441860466,0.2683720930232558,0.5156348373557188,0.1063953488372093,0.2961627906976744,0.26429809358752165,0.11941860465116279,0.09430232558139535,0.558759521218716,0.02767441860465116,0.0986046511627907,0.21915285451197053,0.029186046511627907,0.02116279069767442,0.5796766743648961,t100_s50_resolved_target_win_rate,0.21915285451197053
