symbol,entry_timeframe,alignment,window_minutes,events,mean_mfe_bps,median_mfe_bps,q25_mfe_bps,q75_mfe_bps,q90_mfe_bps,mean_mae_bps,median_mae_bps,q10_mae_bps,mean_terminal_return_bps,median_terminal_return_bps,terminal_win_rate,mean_time_to_mfe_minutes,median_time_to_mfe_minutes,mean_mfe_mae_ratio,target_10bps_hit_rate,target_10bps_median_hit_minutes,target_25bps_hit_rate,target_25bps_median_hit_minutes,target_50bps_hit_rate,target_50bps_median_hit_minutes,target_75bps_hit_rate,target_75bps_median_hit_minutes,target_100bps_hit_rate,target_100bps_median_hit_minutes,target_150bps_hit_rate,target_150bps_median_hit_minutes,target_200bps_hit_rate,target_200bps_median_hit_minutes,t25_s25_target_first_rate,t25_s25_stop_first_rate,t25_s25_resolved_target_win_rate,t50_s25_target_first_rate,t50_s25_stop_first_rate,t50_s25_resolved_target_win_rate,t50_s50_target_first_rate,t50_s50_stop_first_rate,t50_s50_resolved_target_win_rate,t100_s50_target_first_rate,t100_s50_stop_first_rate,t100_s50_resolved_target_win_rate,t100_s100_target_first_rate,t100_s100_stop_first_rate,t100_s100_resolved_target_win_rate
ALL,15m,DAILY_4H,15,904,26.604182266717583,14.372713646898516,5.91827027619285,35.902920550825996,62.1377096590965,-22.770348621668255,-15.269214756822858,-51.27902756555091,1.576925064889697,-1.2755700103234124,0.4723451327433628,6.728982300884955,6.0,20.63260459649161,0.6117256637168141,3.0,0.34845132743362833,5.0,0.15597345132743362,7.0,0.07079646017699115,7.5,0.03650442477876106,6.0,0.014380530973451327,8.0,0.00663716814159292,7.0,0.2975663716814159,0.2577433628318584,0.5358565737051793,0.12942477876106195,0.28982300884955753,0.3087071240105541,0.1504424778761062,0.09955752212389381,0.6017699115044248,0.034292035398230086,0.10619469026548672,0.2440944881889764,0.03650442477876106,0.016592920353982302,0.6875
ALL,15m,DAILY_4H_1H,15,446,31.539725378458353,19.39497925376843,7.169968046055741,40.96203386276143,72.71782701493201,-25.225322351502975,-15.634933935142481,-57.98297333662661,1.9806333976083057,-0.9820203719224097,0.4820627802690583,6.948430493273543,6.0,19.310836743687698,0.6591928251121076,2.0,0.4327354260089686,5.0,0.18834080717488788,7.5,0.09417040358744394,8.0,0.04484304932735426,7.0,0.020179372197309416,7.0,0.011210762331838564,7.0,0.3542600896860987,0.2645739910313901,0.572463768115942,0.14798206278026907,0.31614349775784756,0.3188405797101449,0.17713004484304934,0.11883408071748879,0.5984848484848485,0.04035874439461883,0.13228699551569506,0.23376623376623376,0.04484304932735426,0.026905829596412557,0.625
ALL,15m,DAILY_4H_1H_15M,15,446,31.539725378458353,19.39497925376843,7.169968046055741,40.96203386276143,72.71782701493201,-25.225322351502975,-15.634933935142481,-57.98297333662661,1.9806333976083057,-0.9820203719224097,0.4820627802690583,6.948430493273543,6.0,19.310836743687698,0.6591928251121076,2.0,0.4327354260089686,5.0,0.18834080717488788,7.5,0.09417040358744394,8.0,0.04484304932735426,7.0,0.020179372197309416,7.0,0.011210762331838564,7.0,0.3542600896860987,0.2645739910313901,0.572463768115942,0.14798206278026907,0.31614349775784756,0.3188405797101449,0.17713004484304934,0.11883408071748879,0.5984848484848485,0.04035874439461883,0.13228699551569506,0.23376623376623376,0.04484304932735426,0.026905829596412557,0.625
ALL,15m,DAILY_ONLY,15,1633,24.83489962672962,14.21464108031234,5.898860317279375,34.0914873047371,59.72538534989846,-22.093979294798075,-14.635931211122166,-49.67857707192968,0.2714774658834998,-2.1732197600987657,0.46356399265156156,6.594611145131659,5.0,24.980724658042067,0.6111451316595223,3.0,0.32823025107164727,5.0,0.1359461114513166,7.0,0.062461726883037354,8.0,0.03184323331292101,9.0,0.008573178199632579,7.5,0.003674219228413962,7.0,0.290263319044703,0.24862216778934476,0.5386363636363637,0.11696264543784446,0.28413962033067974,0.2916030534351145,0.13288426209430496,0.08818126148193509,0.6011080332409973,0.03061849357011635,0.09430496019595835,0.24509803921568626,0.03184323331292101,0.015921616656460504,0.6666666666666666
ALL,15m,FULL_ALIGNMENT,15,422,31.648658919803456,18.862996682954545,7.100528809401152,40.96203386276143,73.3883742779416,-25.60350501738328,-16.699849442953774,-58.15261126483606,1.8483857102974453,-1.2277412684424949,0.47393364928909953,6.931279620853081,6.0,19.17151589944404,0.6563981042654028,2.0,0.42890995260663506,5.0,0.1895734597156398,7.5,0.0947867298578199,8.0,0.04739336492890995,7.0,0.02132701421800948,7.0,0.011848341232227487,7.0,0.35071090047393366,0.2677725118483412,0.5670498084291188,0.14928909952606634,0.3175355450236967,0.3197969543147208,0.17772511848341233,0.12085308056872038,0.5952380952380952,0.04265402843601896,0.13507109004739337,0.24,0.04739336492890995,0.02843601895734597,0.625
ALL,15m,DAILY_4H,30,904,37.97468096889115,21.520313164540283,9.041534806308317,47.935693368275636,90.7698572711635,-32.207843396082154,-21.093840840519796,-77.2416349005881,1.4734907832661577,-2.217518621963066,0.47013274336283184,13.525442477876107,13.0,19.427540014865855,0.7234513274336283,4.0,0.4690265486725664,7.0,0.24004424778761063,10.0,0.13938053097345132,15.0,0.08075221238938053,16.0,0.03761061946902655,19.0,0.016592920353982302,17.0,0.37831858407079644,0.34845132743362833,0.5205479452054794,0.18141592920353983,0.3993362831858407,0.31238095238095237,0.2245575221238938,0.1570796460176991,0.5884057971014492,0.07632743362831858,0.18030973451327434,0.2974137931034483,0.08075221238938053,0.048672566371681415,0.6239316239316239
ALL,15m,DAILY_4H_1H,30,446,43.748573474003265,28.681056001009786,10.300698538256437,56.916739331108744,95.64921272087523,-37.24832695902471,-22.163197756477903,-93.51101506852422,0.39994936256384706,-1.4357661164809965,0.4798206278026906,13.522421524663677,12.0,11.966491149375965,0.757847533632287,3.0,0.547085201793722,7.0,0.29596412556053814,11.5,0.18161434977578475,15.0,0.09417040358744394,17.0,0.04484304932735426,17.5,0.020179372197309416,11.0,0.4349775784753363,0.33856502242152464,0.5623188405797102,0.21973094170403587,0.4103139013452915,0.3487544483985765,0.2757847533632287,0.1905829596412556,0.5913461538461539,0.08520179372197309,0.23094170403587444,0.2695035460992908,0.09417040358744394,0.07399103139013453,0.56
ALL,15m,DAILY_4H_1H_15M,30,446,43.748573474003265,28.681056001009786,10.300698538256437,56.916739331108744,95.64921272087523,-37.24832695902471,-22.163197756477903,-93.51101506852422,0.39994936256384706,-1.4357661164809965,0.4798206278026906,13.522421524663677,12.0,11.966491149375965,0.757847533632287,3.0,0.547085201793722,7.0,0.29596412556053814,11.5,0.18161434977578475,15.0,0.09417040358744394,17.0,0.04484304932735426,17.5,0.020179372197309416,11.0,0.4349775784753363,0.33856502242152464,0.5623188405797102,0.21973094170403587,0.4103139013452915,0.3487544483985765,0.2757847533632287,0.1905829596412556,0.5913461538461539,0.08520179372197309,0.23094170403587444,0.2695035460992908,0.09417040358744394,0.07399103139013453,0.56
ALL,15m,DAILY_ONLY,30,1633,35.25682254343296,20.749279538905263,8.640155201597999,45.30067702110729,82.62967412160592,-31.31054592498905,-21.246458923511735,-71.6092725264894,0.06308533389938939,-2.588605544971978,0.46540110226576853,13.275566442131048,12.0,24.96902139571263,0.7195345988977342,3.0,0.4543784445805266,8.0,0.21800367421922842,12.0,0.11818738518064911,14.0,0.065523576240049,16.0,0.030006123698714023,20.0,0.01224739742804654,21.0,0.3772198407838334,0.3404776484996938,0.5255972696245734,0.17085119412124924,0.3998775260257195,0.29935622317596566,0.2063686466625842,0.16105327617881202,0.5616666666666666,0.06307409675443969,0.17942437232088182,0.2601010101010101,0.065523576240049,0.04654011022657685,0.5846994535519126
ALL,15m,FULL_ALIGNMENT,30,422,44.18781739166564,28.169241129823995,10.300698538256437,57.4849057084692,99.0240574790343,-37.92555621816016,-22.51305624274169,-93.92078599622111,0.25834529860605315,-1.8189414085384437,0.47393364928909953,13.637440758293838,13.0,11.308010989937873,0.7582938388625592,3.0,0.5402843601895735,7.0,0.3009478672985782,12.0,0.1872037914691943,15.0,0.0995260663507109,17.0,0.04739336492890995,17.5,0.02132701421800948,11.0,0.4265402843601896,0.3412322274881517,0.5555555555555556,0.22274881516587677,0.41232227488151657,0.35074626865671643,0.2796208530805687,0.19194312796208532,0.592964824120603,0.09004739336492891,0.23459715639810427,0.2773722627737226,0.0995260663507109,0.07582938388625593,0.5675675675675675
ALL,15m,DAILY_4H,60,904,51.60553685146265,32.99054595527484,11.749518556587457,67.10634146343929,121.31079457675736,-46.611987962149165,-30.964267228315578,-112.76368022883874,-3.1163088015021767,-5.241948345256486,0.4502212389380531,25.759955752212388,22.0,16.50312139344396,0.7842920353982301,4.0,0.5707964601769911,10.0,0.3495575221238938,17.0,0.21902654867256638,22.0,0.14601769911504425,26.0,0.07300884955752213,30.0,0.03650442477876106,32.0,0.4269911504424779,0.42035398230088494,0.5039164490861618,0.24225663716814158,0.5077433628318584,0.3230088495575221,0.31305309734513276,0.25663716814159293,0.5495145631067961,0.13274336283185842,0.2942477876106195,0.31088082901554404,0.14380530973451328,0.10398230088495575,0.5803571428571429
ALL,15m,DAILY_4H_1H,60,446,58.49776161828783,39.58463780099341,12.996980625151199,78.25939148069283,130.80431388892254,-52.51622110258153,-32.212217869085904,-123.67641885110802,-5.341213454895342,-6.88490169675593,0.4484304932735426,24.80269058295964,22.0,15.526665790298122,0.8094170403587444,3.0,0.6345291479820628,8.0,0.4013452914798206,16.0,0.2645739910313901,19.5,0.1681614349775785,26.0,0.08520179372197309,30.0,0.04484304932735426,31.5,0.47757847533632286,0.40358744394618834,0.5419847328244275,0.27802690582959644,0.5089686098654709,0.35327635327635326,0.35874439461883406,0.2937219730941704,0.5498281786941581,0.15246636771300448,0.34977578475336324,0.30357142857142855,0.16591928251121077,0.14349775784753363,0.5362318840579711
ALL,15m,DAILY_4H_1H_15M,60,446,58.49776161828783,39.58463780099341,12.996980625151199,78.25939148069283,130.80431388892254,-52.51622110258153,-32.212217869085904,-123.67641885110802,-5.341213454895342,-6.88490169675593,0.4484304932735426,24.80269058295964,22.0,15.526665790298122,0.8094170403587444,3.0,0.6345291479820628,8.0,0.4013452914798206,16.0,0.2645739910313901,19.5,0.1681614349775785,26.0,0.08520179372197309,30.0,0.04484304932735426,31.5,0.47757847533632286,0.40358744394618834,0.5419847328244275,0.27802690582959644,0.5089686098654709,0.35327635327635326,0.35874439461883406,0.2937219730941704,0.5498281786941581,0.15246636771300448,0.34977578475336324,0.30357142857142855,0.16591928251121077,0.14349775784753363,0.5362318840579711
ALL,15m,DAILY_ONLY,60,1633,49.10982733023222,30.967329467412874,11.725715092201217,63.23907455012767,114.89096495128014,-44.16642991493629,-29.12347047445141,-104.15029675754138,-0.8286351191110167,-2.8141378554402685,0.4684629516227802,25.925903245560317,23.0,26.69899330089964,0.7819963257807716,4.0,0.5676668707899571,11.0,0.33006736068585424,19.0,0.19779546846295162,23.0,0.12614819350887937,28.5,0.062461726883037354,32.5,0.030006123698714023,33.0,0.4396815676668708,0.4164115125535824,0.5135908440629471,0.23637477036129823,0.5076546233925291,0.3176954732510288,0.30067360685854255,0.25107164727495407,0.5449500554938956,0.11512553582363748,0.28046540110226575,0.29102167182662536,0.12308634415186773,0.09920391916717697,0.5537190082644629
ALL,15m,FULL_ALIGNMENT,60,422,59.238386317653095,39.66398931258274,12.996980625151199,78.73761987524097,134.43318538638354,-52.80198338073407,-32.65966800437836,-123.41774446992792,-5.016174146843479,-7.438880971926132,0.44075829383886256,24.827014218009477,22.0,14.539099462868133,0.8104265402843602,3.0,0.6303317535545023,8.0,0.4075829383886256,16.0,0.27014218009478674,19.5,0.17298578199052134,26.0,0.08767772511848342,30.0,0.04739336492890995,31.5,0.46919431279620855,0.4099526066350711,0.5336927223719676,0.2796208530805687,0.5165876777251185,0.35119047619047616,0.36255924170616116,0.2938388625592417,0.5523465703971119,0.15639810426540285,0.35308056872037913,0.30697674418604654,0.17061611374407584,0.14691943127962084,0.5373134328358209
ALL,15m,DAILY_4H,120,904,72.62739515787868,44.222392206109134,16.14842248451154,96.81213389865162,175.53440445318284,-67.04233702611431,-45.392771413231834,-150.8264434465637,1.5552076203449374,-6.219133524316689,0.44579646017699115,52.23119469026549,43.0,6.502146972693441,0.8396017699115044,5.0,0.661504424778761,13.0,0.4657079646017699,29.0,0.3307522123893805,39.0,0.24446902654867256,48.0,0.13716814159292035,57.5,0.07411504424778761,61.0,0.4657079646017699,0.46349557522123896,0.5011904761904762,0.29646017699115046,0.577433628318584,0.3392405063291139,0.39601769911504425,0.36172566371681414,0.5226277372262774,0.19800884955752213,0.4314159292035398,0.3145869947275923,0.2323008849557522,0.18805309734513273,0.5526315789473685
ALL,15m,DAILY_4H_1H,120,446,82.11158938697754,54.90638929858905,18.80933347150282,109.57721047423318,196.95809215493853,-73.85554517495133,-53.412631628358966,-162.29711914099443,2.6137877325130394,-7.816708964863417,0.4484304932735426,52.17488789237668,42.0,8.658118250510753,0.8587443946188341,4.0,0.7130044843049327,10.0,0.5291479820627802,26.0,0.38565022421524664,32.5,0.2757847533632287,44.0,0.16367713004484305,58.0,0.09192825112107623,61.0,0.5134529147982063,0.4327354260089686,0.542654028436019,0.3430493273542601,0.5582959641255605,0.3805970149253731,0.45067264573991034,0.37668161434977576,0.5447154471544715,0.2242152466367713,0.47085201793721976,0.3225806451612903,0.2623318385650224,0.2242152466367713,0.5391705069124424
ALL,15m,DAILY_4H_1H_15M,120,446,82.11158938697754,54.90638929858905,18.80933347150282,109.57721047423318,196.95809215493853,-73.85554517495133,-53.412631628358966,-162.29711914099443,2.6137877325130394,-7.816708964863417,0.4484304932735426,52.17488789237668,42.0,8.658118250510753,0.8587443946188341,4.0,0.7130044843049327,10.0,0.5291479820627802,26.0,0.38565022421524664,32.5,0.2757847533632287,44.0,0.16367713004484305,58.0,0.09192825112107623,61.0,0.5134529147982063,0.4327354260089686,0.542654028436019,0.3430493273542601,0.5582959641255605,0.3805970149253731,0.45067264573991034,0.37668161434977576,0.5447154471544715,0.2242152466367713,0.47085201793721976,0.3225806451612903,0.2623318385650224,0.2242152466367713,0.5391705069124424
ALL,15m,DAILY_ONLY,120,1633,68.90129322808309,43.29994607931154,16.524183831545525,89.29634480295378,162.73673823041523,-63.723112783696,-42.80718678403406,-145.42402733388758,1.0001614954236797,-3.823245331616709,0.46540110226576853,52.15003061849357,46.0,24.492930477708484,0.8401714635639926,5.0,0.6619718309859155,16.0,0.451316595223515,32.0,0.30985915492957744,41.0,0.22106552357624004,50.0,0.1200244947948561,58.5,0.06429883649724434,66.0,0.4782608695652174,0.4580526638089406,0.5107913669064749,0.29393753827311697,0.5793018983466014,0.33660589060308554,0.39069197795468463,0.3533374157991427,0.5251028806584362,0.18187385180649113,0.41334966319657074,0.3055555555555556,0.2106552357624005,0.1745254133496632,0.5468998410174881
ALL,15m,FULL_ALIGNMENT,120,422,83.53261884267553,54.90638929858905,18.24278522476408,110.53367860957397,198.6581227159934,-74.05236473334243,-54.346634408297675,-159.7203098283002,3.922541655764018,-8.672582878881396,0.4431279620853081,52.208530805687204,42.5,7.268231585079693,0.8601895734597157,4.0,0.7109004739336493,10.0,0.5284360189573459,26.0,0.3933649289099526,32.5,0.2843601895734597,45.0,0.16824644549763032,58.0,0.0971563981042654,61.0,0.504739336492891,0.44075829383886256,0.5338345864661654,0.33649289099526064,0.566350710900474,0.37270341207349084,0.44786729857819907,0.3815165876777251,0.54,0.22985781990521326,0.4786729857819905,0.32441471571906355,0.27014218009478674,0.22274881516587677,0.5480769230769231
ALL,15m,DAILY_4H,240,904,104.41215913374269,66.87893366669306,24.764071451487403,133.55201253942127,250.50303605872023,-92.91868309662357,-64.2973675409464,-200.26626621991218,3.7939499143207693,-3.4774753196320507,0.4756637168141593,106.74225663716814,99.5,6.066476584109433,0.8938053097345132,6.0,0.7466814159292036,18.0,0.5907079646017699,41.5,0.45353982300884954,66.0,0.3672566371681416,86.5,0.22234513274336284,99.0,0.14380530973451328,116.0,0.4889380530973451,0.48672566371681414,0.5011337868480725,0.3274336283185841,0.620575221238938,0.3453908984830805,0.45685840707964603,0.41814159292035397,0.5221238938053098,0.2665929203539823,0.5254424778761062,0.3365921787709497,0.32853982300884954,0.290929203539823,0.5303571428571429
ALL,15m,DAILY_4H_1H,240,446,120.82898572088331,78.4745568096179,31.031246683412284,165.2868988915568,280.16141536125974,-99.21716652896852,-72.1554206054198,-215.0819226537787,7.0034310803644635,-2.607728249284791,0.4798206278026906,110.45739910313901,107.5,8.578186780773699,0.9035874439461884,4.0,0.7914798206278026,11.0,0.6502242152466368,34.5,0.5089686098654709,56.0,0.4125560538116592,84.5,0.2802690582959641,102.0,0.18834080717488788,122.0,0.531390134529148,0.4484304932735426,0.5423340961098398,0.3744394618834081,0.5896860986547086,0.3883720930232558,0.5112107623318386,0.40582959641255606,0.5574572127139364,0.30269058295964124,0.5448430493273543,0.35714285714285715,0.3632286995515695,0.31614349775784756,0.5346534653465347
ALL,15m,DAILY_4H_1H_15M,240,446,120.82898572088331,78.4745568096179,31.031246683412284,165.2868988915568,280.16141536125974,-99.21716652896852,-72.1554206054198,-215.0819226537787,7.0034310803644635,-2.607728249284791,0.4798206278026906,110.45739910313901,107.5,8.578186780773699,0.9035874439461884,4.0,0.7914798206278026,11.0,0.6502242152466368,34.5,0.5089686098654709,56.0,0.4125560538116592,84.5,0.2802690582959641,102.0,0.18834080717488788,122.0,0.531390134529148,0.4484304932735426,0.5423340961098398,0.3744394618834081,0.5896860986547086,0.3883720930232558,0.5112107623318386,0.40582959641255606,0.5574572127139364,0.30269058295964124,0.5448430493273543,0.35714285714285715,0.3632286995515695,0.31614349775784756,0.5346534653465347
ALL,15m,DAILY_ONLY,240,1633,98.89161808803063,64.07634628493585,25.181073580178293,128.38578362298404,229.50048348514593,-90.84133804134451,-61.2370860841549,-199.55403660083658,3.7154492762441786,-2.3047229791106627,0.4856093080220453,106.22596448254745,97.0,25.406916589202655,0.8946723821187997,5.0,0.7513778322106552,20.0,0.5793018983466014,46.0,0.44335578689528476,72.0,0.3429271279853031,89.0,0.20575627679118189,103.5,0.131047152480098,122.5,0.4960195958358849,0.48132271892222905,0.5075187969924813,0.3214941824862217,0.6252296387017758,0.3395860284605433,0.4482547458665034,0.42498469075321493,0.5133239831697055,0.2467850581751378,0.5260257195345989,0.3193343898573692,0.30679730557256585,0.28169014084507044,0.5213319458896982
ALL,15m,FULL_ALIGNMENT,240,422,122.15845211943733,78.4745568096179,30.64996422125099,168.67286135177127,284.1837719663894,-98.88082263959384,-72.80120380209308,-212.09254695509307,8.738493977592668,-3.2892363350273124,0.47393364928909953,109.84834123222748,107.0,8.66795538784563,0.9052132701421801,4.0,0.7890995260663507,11.0,0.6516587677725119,33.0,0.509478672985782,53.0,0.4075829383886256,78.0,0.2843601895734597,102.0,0.1943127962085308,120.5,0.5213270142180095,0.45734597156398105,0.5326876513317191,0.36729857819905215,0.5995260663507109,0.3799019607843137,0.5071090047393365,0.41232227488151657,0.5515463917525774,0.2938388625592417,0.5521327014218009,0.3473389355742297,0.35545023696682465,0.3175355450236967,0.528169014084507
ALL,1h,DAILY_4H,15,168,29.580623160483235,18.591345040568363,6.807291567690887,37.21345850170865,70.72736627435638,-23.711288992025874,-17.444214031649416,-54.612017602296724,4.164861270028352,-0.6940158882506875,0.48214285714285715,7.428571428571429,7.0,19.87627929927443,0.6666666666666666,2.0,0.40476190476190477,6.0,0.17261904761904762,6.0,0.09523809523809523,10.5,0.047619047619047616,10.5,0.023809523809523808,10.5,0.005952380952380952,9.0,0.38095238095238093,0.26785714285714285,0.5871559633027523,0.15476190476190477,0.30952380952380953,0.3333333333333333,0.17261904761904762,0.11904761904761904,0.5918367346938775,0.047619047619047616,0.125,0.27586206896551724,0.047619047619047616,0.017857142857142856,0.7272727272727273
ALL,1h,DAILY_4H_1H,15,168,29.580623160483235,18.591345040568363,6.807291567690887,37.21345850170865,70.72736627435638,-23.711288992025874,-17.444214031649416,-54.612017602296724,4.164861270028352,-0.6940158882506875,0.48214285714285715,7.428571428571429,7.0,19.87627929927443,0.6666666666666666,2.0,0.40476190476190477,6.0,0.17261904761904762,6.0,0.09523809523809523,10.5,0.047619047619047616,10.5,0.023809523809523808,10.5,0.005952380952380952,9.0,0.38095238095238093,0.26785714285714285,0.5871559633027523,0.15476190476190477,0.30952380952380953,0.3333333333333333,0.17261904761904762,0.11904761904761904,0.5918367346938775,0.047619047619047616,0.125,0.27586206896551724,0.047619047619047616,0.017857142857142856,0.7272727272727273
ALL,1h,DAILY_4H_1H_15M,15,162,30.071018736648917,19.193376653312555,7.038379280174811,37.27237550512797,70.31467671009686,-23.797551148586503,-17.444214031649416,-54.54107287230037,4.4692361097570386,-0.6940158882506875,0.4876543209876543,7.580246913580247,7.0,20.513022083053162,0.6790123456790124,2.0,0.41358024691358025,6.0,0.1728395061728395,6.0,0.09876543209876543,10.5,0.04938271604938271,10.5,0.024691358024691357,10.5,0.006172839506172839,9.0,0.3888888888888889,0.2654320987654321,0.5943396226415094,0.15432098765432098,0.30864197530864196,0.3333333333333333,0.1728395061728395,0.11728395061728394,0.5957446808510638,0.04938271604938271,0.12345679012345678,0.2857142857142857,0.04938271604938271,0.018518518518518517,0.7272727272727273
ALL,1h,DAILY_ONLY,15,365,25.795681426653047,15.04131601995251,6.167509559640294,32.24400871459699,65.04985889754883,-24.9065686559428,-17.638758231420802,-56.55368434804054,0.8892701909877478,0.0,0.4931506849315068,7.054794520547945,6.0,14.085941724372967,0.6219178082191781,2.0,0.33424657534246577,6.0,0.16712328767123288,8.0,0.07671232876712329,10.0,0.03287671232876712,10.5,0.010958904109589041,10.5,0.0027397260273972603,9.0,0.3013698630136986,0.31232876712328766,0.49107142857142855,0.14794520547945206,0.34794520547945207,0.2983425414364641,0.16164383561643836,0.13150684931506848,0.5514018691588785,0.03287671232876712,0.136986301369863,0.1935483870967742,0.03287671232876712,0.019178082191780823,0.631578947368421
ALL,1h,FULL_ALIGNMENT,15,158,30.407011841949423,19.193376653312555,7.1446413535214415,37.34592779776447,72.14821045487058,-23.998673668636986,-17.63935093196278,-53.50654892310636,4.592129960512485,-0.6940158882506875,0.4873417721518987,7.531645569620253,7.0,20.853046385528902,0.6835443037974683,2.0,0.41139240506329117,6.0,0.17721518987341772,6.0,0.10126582278481013,10.5,0.05063291139240506,10.5,0.02531645569620253,10.5,0.006329113924050633,9.0,0.3860759493670886,0.26582278481012656,0.5922330097087378,0.15822784810126583,0.310126582278481,0.33783783783783783,0.17721518987341772,0.11392405063291139,0.6086956521739131,0.05063291139240506,0.12025316455696203,0.2962962962962963,0.05063291139240506,0.0189873417721519,0.7272727272727273
ALL,1h,DAILY_4H,30,168,40.759848780940736,25.152917245018223,10.922236331878388,49.83051993575849,97.87386787688607,-30.800626323684156,-25.302388695909173,-64.11109687354899,5.332042938288687,-2.0848576845372557,0.48214285714285715,13.583333333333334,12.0,13.177666663310802,0.7738095238095238,4.0,0.5059523809523809,7.0,0.25,11.0,0.17261904761904762,14.0,0.10119047619047619,16.0,0.041666666666666664,13.0,0.011904761904761904,19.5,0.44047619047619047,0.39880952380952384,0.524822695035461,0.20238095238095238,0.48214285714285715,0.2956521739130435,0.23214285714285715,0.16071428571428573,0.5909090909090909,0.08928571428571429,0.17857142857142858,0.3333333333333333,0.10119047619047619,0.023809523809523808,0.8095238095238095
ALL,1h,DAILY_4H_1H,30,168,40.759848780940736,25.152917245018223,10.922236331878388,49.83051993575849,97.87386787688607,-30.800626323684156,-25.302388695909173,-64.11109687354899,5.332042938288687,-2.0848576845372557,0.48214285714285715,13.583333333333334,12.0,13.177666663310802,0.7738095238095238,4.0,0.5059523809523809,7.0,0.25,11.0,0.17261904761904762,14.0,0.10119047619047619,16.0,0.041666666666666664,13.0,0.011904761904761904,19.5,0.44047619047619047,0.39880952380952384,0.524822695035461,0.20238095238095238,0.48214285714285715,0.2956521739130435,0.23214285714285715,0.16071428571428573,0.5909090909090909,0.08928571428571429,0.17857142857142858,0.3333333333333333,0.10119047619047619,0.023809523809523808,0.8095238095238095
ALL,1h,DAILY_4H_1H_15M,30,162,41.42256807699619,25.2688902376319,10.942987229117795,49.97169948427249,100.38867365184315,-30.916796498449678,-25.14959710948117,-65.0301545066172,5.717191584828839,-2.0848576845372557,0.48148148148148145,13.623456790123457,12.0,13.52938118300653,0.7777777777777778,4.0,0.5185185185185185,7.0,0.25308641975308643,12.0,0.17901234567901234,14.0,0.10493827160493827,16.0,0.043209876543209874,13.0,0.012345679012345678,19.5,0.4506172839506173,0.3888888888888889,0.5367647058823529,0.2037037037037037,0.47530864197530864,0.3,0.2345679012345679,0.16049382716049382,0.59375,0.09259259259259259,0.17901234567901234,0.3409090909090909,0.10493827160493827,0.024691358024691357,0.8095238095238095
ALL,1h,DAILY_ONLY,30,365,35.01112290436452,21.477368063600455,8.649628271926169,46.88752031868803,82.48875407040403,-32.06713728588862,-23.825731790334537,-72.19220522029612,1.551190283371569,-1.983635011157947,0.4602739726027397,13.772602739726027,13.0,11.291695727089692,0.7123287671232876,3.5,0.4410958904109589,7.0,0.2356164383561644,10.0,0.12876712328767123,14.0,0.07123287671232877,16.5,0.024657534246575342,20.0,0.00821917808219178,24.0,0.3780821917808219,0.4,0.4859154929577465,0.18904109589041096,0.4602739726027397,0.2911392405063291,0.2136986301369863,0.20273972602739726,0.5131578947368421,0.06301369863013699,0.2136986301369863,0.22772277227722773,0.07123287671232877,0.038356164383561646,0.65
ALL,1h,FULL_ALIGNMENT,30,158,42.0044391160739,25.2688902376319,11.058353061456083,51.32392099968574,101.54919910326024,-31.2503166621048,-25.302388695909173,-65.4599374898216,5.979004174135708,-2.7135697134872405,0.47468354430379744,13.582278481012658,12.0,13.724096369468871,0.7848101265822784,4.0,0.5189873417721519,7.0,0.25949367088607594,12.0,0.18354430379746836,14.0,0.10759493670886076,16.0,0.04430379746835443,13.0,0.012658227848101266,19.5,0.44936708860759494,0.3924050632911392,0.5338345864661654,0.2088607594936709,0.4810126582278481,0.30275229357798167,0.24050632911392406,0.15822784810126583,0.6031746031746031,0.0949367088607595,0.17721518987341772,0.3488372093023256,0.10759493670886076,0.02531645569620253,0.8095238095238095
ALL,1h,DAILY_4H,60,168,59.846657719509324,31.650376268438364,12.880249294736078,77.40609917351927,133.75291766880025,-43.007688600580046,-33.39516376912488,-90.14422050618366,13.351157349632826,-1.244954545410737,0.4880952380952381,25.791666666666668,25.5,14.49609560034951,0.8154761904761905,5.0,0.6011904761904762,9.0,0.35714285714285715,17.0,0.27976190476190477,25.0,0.17857142857142858,28.0,0.08928571428571429,32.0,0.05357142857142857,38.0,0.47023809523809523,0.42857142857142855,0.5231788079470199,0.23809523809523808,0.5595238095238095,0.29850746268656714,0.32142857142857145,0.27380952380952384,0.54,0.15476190476190477,0.30357142857142855,0.33766233766233766,0.17857142857142858,0.07738095238095238,0.6976744186046512
ALL,1h,DAILY_4H_1H,60,168,59.846657719509324,31.650376268438364,12.880249294736078,77.40609917351927,133.75291766880025,-43.007688600580046,-33.39516376912488,-90.14422050618366,13.351157349632826,-1.244954545410737,0.4880952380952381,25.791666666666668,25.5,14.49609560034951,0.8154761904761905,5.0,0.6011904761904762,9.0,0.35714285714285715,17.0,0.27976190476190477,25.0,0.17857142857142858,28.0,0.08928571428571429,32.0,0.05357142857142857,38.0,0.47023809523809523,0.42857142857142855,0.5231788079470199,0.23809523809523808,0.5595238095238095,0.29850746268656714,0.32142857142857145,0.27380952380952384,0.54,0.15476190476190477,0.30357142857142855,0.33766233766233766,0.17857142857142858,0.07738095238095238,0.6976744186046512
ALL,1h,DAILY_4H_1H_15M,60,162,60.460207958357586,32.79915738045092,13.360367560120157,77.27414004546796,139.1513492254271,-42.76292054907816,-33.805367277717764,-82.18097872628549,14.439489005964482,-0.39377353175440444,0.49382716049382713,25.617283950617285,24.5,14.795736787115926,0.8209876543209876,5.0,0.6049382716049383,9.0,0.35802469135802467,17.0,0.2777777777777778,24.0,0.1728395061728395,26.5,0.09259259259259259,32.0,0.05555555555555555,38.0,0.47530864197530864,0.41975308641975306,0.5310344827586206,0.2345679012345679,0.5555555555555556,0.296875,0.32098765432098764,0.2716049382716049,0.5416666666666666,0.14814814814814814,0.30246913580246915,0.3287671232876712,0.1728395061728395,0.07407407407407407,0.7
ALL,1h,DAILY_ONLY,60,365,50.857604471159064,28.122295933081798,11.51600692884891,66.93143268010404,120.65232787402329,-45.50822041883833,-30.66209333749015,-103.15944006708966,3.915496554968601,-2.365715688885661,0.4712328767123288,25.964383561643835,24.0,9.080793672444285,0.7835616438356164,4.5,0.5397260273972603,10.0,0.336986301369863,16.0,0.22465753424657534,26.5,0.14794520547945206,31.0,0.06301369863013699,33.0,0.03287671232876712,40.5,0.4246575342465753,0.4328767123287671,0.4952076677316294,0.2410958904109589,0.5232876712328767,0.3154121863799283,0.3013698630136986,0.2876712328767123,0.5116279069767442,0.12054794520547946,0.32054794520547947,0.2732919254658385,0.14794520547945206,0.10684931506849316,0.5806451612903226
ALL,1h,FULL_ALIGNMENT,60,158,61.48578565642376,34.1689437790138,14.667053361080429,77.50399693452592,141.82147575845312,-43.32833134181316,-34.03816870729326,-84.4187642386871,14.681804121486657,-1.244954545410737,0.4873417721518987,25.670886075949365,24.5,15.042494094515245,0.8291139240506329,5.0,0.6075949367088608,9.0,0.3670886075949367,17.0,0.2848101265822785,24.0,0.17721518987341772,26.5,0.0949367088607595,32.0,0.056962025316455694,38.0,0.47468354430379744,0.4240506329113924,0.528169014084507,0.24050632911392406,0.5632911392405063,0.2992125984251969,0.3291139240506329,0.2721518987341772,0.5473684210526316,0.1518987341772152,0.3037974683544304,0.3333333333333333,0.17721518987341772,0.0759493670886076,0.7
ALL,1h,DAILY_4H,120,168,87.93267414929373,42.68314004782225,17.6014194440971,101.63219759100117,243.20895301558124,-61.50803051449735,-46.75102985028712,-143.29352419955242,17.85523048655263,-5.298090108818987,0.4523809523809524,51.351190476190474,42.0,6.200519590456131,0.875,6.0,0.7083333333333334,11.0,0.44642857142857145,25.0,0.35119047619047616,31.0,0.25595238095238093,37.0,0.17261904761904762,45.0,0.11904761904761904,73.5,0.49404761904761907,0.4523809523809524,0.5220125786163522,0.26785714285714285,0.6071428571428571,0.30612244897959184,0.36904761904761907,0.38095238095238093,0.49206349206349204,0.20833333333333334,0.44642857142857145,0.3181818181818182,0.25595238095238093,0.16666666666666666,0.6056338028169014
ALL,1h,DAILY_4H_1H,120,168,87.93267414929373,42.68314004782225,17.6014194440971,101.63219759100117,243.20895301558124,-61.50803051449735,-46.75102985028712,-143.29352419955242,17.85523048655263,-5.298090108818987,0.4523809523809524,51.351190476190474,42.0,6.200519590456131,0.875,6.0,0.7083333333333334,11.0,0.44642857142857145,25.0,0.35119047619047616,31.0,0.25595238095238093,37.0,0.17261904761904762,45.0,0.11904761904761904,73.5,0.49404761904761907,0.4523809523809524,0.5220125786163522,0.26785714285714285,0.6071428571428571,0.30612244897959184,0.36904761904761907,0.38095238095238093,0.49206349206349204,0.20833333333333334,0.44642857142857145,0.3181818181818182,0.25595238095238093,0.16666666666666666,0.6056338028169014
ALL,1h,DAILY_4H_1H_15M,120,162,89.11774688044963,42.68314004782225,18.439275551601632,100.99565285604129,244.76745025078017,-60.365459205007355,-46.568146104402075,-122.56252610101936,19.250403924622766,-5.298090108818987,0.4506172839506173,51.30246913580247,42.5,6.185709276670037,0.8765432098765432,6.0,0.7098765432098766,11.0,0.4444444444444444,22.5,0.35185185185185186,29.0,0.25308641975308643,36.0,0.17901234567901234,45.0,0.12345679012345678,73.5,0.5,0.4444444444444444,0.5294117647058824,0.2654320987654321,0.6049382716049383,0.3049645390070922,0.37037037037037035,0.37037037037037035,0.5,0.2037037037037037,0.4382716049382716,0.3173076923076923,0.25308641975308643,0.15432098765432098,0.6212121212121212
ALL,1h,DAILY_ONLY,120,365,73.23940465060532,39.09590714722189,16.20175773786814,90.91657914787498,182.7491425795711,-64.57456169706177,-45.91090257807351,-155.99755068386045,6.272433765051537,-4.957612413861723,0.4575342465753425,50.276712328767125,42.0,5.713836935181609,0.8410958904109589,6.0,0.6520547945205479,14.0,0.42191780821917807,27.0,0.3095890410958904,36.0,0.2219178082191781,41.0,0.12876712328767123,63.0,0.08767123287671233,73.5,0.4575342465753425,0.4794520547945205,0.48830409356725146,0.26575342465753427,0.5945205479452055,0.3089171974522293,0.34794520547945207,0.3835616438356164,0.4756554307116105,0.1726027397260274,0.4410958904109589,0.28125,0.21643835616438356,0.20273972602739726,0.5163398692810458
ALL,1h,FULL_ALIGNMENT,120,158,89.9749235507567,42.68314004782225,18.439275551601632,101.72669354762853,246.03332556727133,-61.31126469920018,-46.75102985028712,-128.76142255009268,19.268198756493735,-6.353269059150568,0.4430379746835443,49.94303797468354,42.0,6.2518804256079425,0.8734177215189873,5.5,0.7088607594936709,11.0,0.4430379746835443,20.0,0.34810126582278483,28.0,0.25949367088607594,36.0,0.18354430379746836,45.0,0.12658227848101267,73.5,0.5,0.44936708860759494,0.5266666666666666,0.26582278481012656,0.6139240506329114,0.302158273381295,0.37341772151898733,0.37341772151898733,0.5,0.2088607594936709,0.4430379746835443,0.32038834951456313,0.25949367088607594,0.15822784810126583,0.6212121212121212
ALL,1h,DAILY_4H,240,168,122.39006122251885,68.17926210274993,30.40571596263586,143.20502228861608,338.4140691575549,-95.40898680432576,-60.69409872895226,-196.82603320400895,16.497276179527535,2.1661127132388547,0.5178571428571429,110.69047619047619,105.0,6.919765516294397,0.9166666666666666,6.0,0.8273809523809523,16.0,0.6071428571428571,42.0,0.4880952380952381,47.0,0.35714285714285715,55.5,0.25,84.0,0.17261904761904762,92.0,0.5238095238095238,0.4583333333333333,0.5333333333333333,0.30357142857142855,0.6428571428571429,0.32075471698113206,0.43452380952380953,0.4523809523809524,0.4899328859060403,0.25,0.5476190476190477,0.31343283582089554,0.3392857142857143,0.2916666666666667,0.5377358490566038
ALL,1h,DAILY_4H_1H,240,168,122.39006122251885,68.17926210274993,30.40571596263586,143.20502228861608,338.4140691575549,-95.40898680432576,-60.69409872895226,-196.82603320400895,16.497276179527535,2.1661127132388547,0.5178571428571429,110.69047619047619,105.0,6.919765516294397,0.9166666666666666,6.0,0.8273809523809523,16.0,0.6071428571428571,42.0,0.4880952380952381,47.0,0.35714285714285715,55.5,0.25,84.0,0.17261904761904762,92.0,0.5238095238095238,0.4583333333333333,0.5333333333333333,0.30357142857142855,0.6428571428571429,0.32075471698113206,0.43452380952380953,0.4523809523809524,0.4899328859060403,0.25,0.5476190476190477,0.31343283582089554,0.3392857142857143,0.2916666666666667,0.5377358490566038
ALL,1h,DAILY_4H_1H_15M,240,162,124.15235295680516,68.17926210274993,31.191683653090664,148.14005050102108,342.42273485603187,-92.27194247517245,-60.20755300677139,-194.74161146161006,21.142216594567746,2.5529632458243245,0.5246913580246914,111.41975308641975,105.0,6.854359377345699,0.9197530864197531,6.0,0.8333333333333334,16.0,0.6111111111111112,43.0,0.4876543209876543,48.0,0.35185185185185186,62.0,0.25308641975308643,77.0,0.17901234567901234,92.0,0.5308641975308642,0.4506172839506173,0.5408805031446541,0.30246913580246915,0.6419753086419753,0.3202614379084967,0.4382716049382716,0.4444444444444444,0.4965034965034965,0.24691358024691357,0.5432098765432098,0.3125,0.3333333333333333,0.2839506172839506,0.54
ALL,1h,DAILY_ONLY,240,365,98.83366783261351,56.84528762411878,25.44671050187519,121.07589595327539,241.6722962128075,-90.3297840012569,-59.83952128382985,-198.16646563566675,0.8985994641950926,-4.708892350796523,0.4684931506849315,100.63013698630137,84.0,5.648558650568749,0.8904109589041096,6.0,0.7561643835616438,19.0,0.5452054794520548,39.0,0.41643835616438357,49.0,0.3041095890410959,63.0,0.19452054794520549,92.0,0.12602739726027398,98.0,0.4904109589041096,0.4958904109589041,0.49722222222222223,0.29863013698630136,0.6301369863013698,0.3215339233038348,0.4054794520547945,0.4410958904109589,0.47896440129449835,0.2,0.5342465753424658,0.27238805970149255,0.27671232876712326,0.2958904109589041,0.48325358851674644
ALL,1h,FULL_ALIGNMENT,240,158,125.57595159222598,67.94801580400801,31.191683653090664,158.0834857179769,343.532463503867,-93.06619275772725,-60.69409872895226,-193.60791183603044,21.934956765304285,2.5529632458243245,0.5253164556962026,111.37341772151899,102.5,6.90972451375067,0.9177215189873418,6.0,0.8291139240506329,16.0,0.6075949367088608,40.0,0.4873417721518987,46.0,0.36075949367088606,62.0,0.25949367088607594,77.0,0.18354430379746836,92.0,0.5253164556962026,0.45569620253164556,0.535483870967742,0.2974683544303797,0.6455696202531646,0.31543624161073824,0.43670886075949367,0.44936708860759494,0.4928571428571429,0.25316455696202533,0.5506329113924051,0.31496062992125984,0.34177215189873417,0.2848101265822785,0.5454545454545454
ALL,1m,DAILY_4H,15,14331,21.984360139640756,13.40996168582409,5.225123177151625,28.089750802587908,51.17306075875572,-21.308656445055266,-14.001946643453778,-47.254187079868174,-0.0795855735393976,-0.6035913686441852,0.48405554392575534,7.231246947177447,7.0,28.899903682774525,0.5909566673644546,3.0,0.2874188821436048,6.0,0.1040401925894913,8.0,0.04654246040053032,9.0,0.02386435001046682,10.0,0.006559207312818366,10.0,0.0025818156444072293,11.0,0.263205638127137,0.25525085479031473,0.5076716016150741,0.09127067196985555,0.2776498499755774,0.24739928125591074,0.10180727095108506,0.08526969506663876,0.5441999254009698,0.0226781103900635,0.08820040471704696,0.20453115166771554,0.023794571209266625,0.017654036703649432,0.5740740740740741
ALL,1m,DAILY_4H_1H,15,8600,23.952027458002288,14.449433369106979,5.662878551638828,30.27976352811379,55.56838757424366,-22.630183518787014,-14.868542484412494,-49.88937241565317,0.07794115346867499,-0.622987188120816,0.48604651162790696,7.272674418604651,7.0,27.92262173631286,0.6158139534883721,3.0,0.31383720930232556,6.0,0.12255813953488372,8.0,0.055232558139534885,9.0,0.029186046511627907,10.0,0.008837209302325582,10.0,0.004069767441860465,11.0,0.28569767441860466,0.2683720930232558,0.5156348373557188,0.1063953488372093,0.2961627906976744,0.26429809358752165,0.11941860465116279,0.09430232558139535,0.558759521218716,0.02767441860465116,0.0986046511627907,0.21915285451197053,0.029186046511627907,0.02116279069767442,0.5796766743648961
ALL,1m,DAILY_4H_1H_15M,15,4826,26.56416400585609,15.65927850284865,5.9950823516657925,33.45791001884202,61.77423593578424,-24.170932946737796,-15.557453330697356,-53.78629978333271,0.40012868203882895,-0.946319420313535,0.4805221715706589,7.168462494819726,7.0,29.908968997060054,0.6369664318276005,3.0,0.3460422710319105,5.0,0.14711976792374637,8.0,0.07107335267302113,9.0,0.037919602154993785,10.0,0.011811023622047244,11.0,0.0060091172813924575,11.0,0.30915872358060503,0.2801491918773311,0.5246132208157525,0.12453377538334023,0.3139245752175715,0.2840264650283554,0.14214670534604226,0.10422710319104848,0.5769554247266611,0.035640281806879406,0.11065064235391629,0.24362606232294617,0.037919602154993785,0.024865312888520515,0.6039603960396039
ALL,1m,DAILY_ONLY,15,24766,21.080677713851422,12.72744911570256,5.026453099813422,26.877615297717373,49.14591308081695,-20.14828784556284,-13.313478949922297,-44.81066877453088,-0.024792507890071196,-0.5318349054628246,0.4835661794395542,7.212387951223452,7.0,28.107320863530397,0.5800290721149963,3.0,0.2739239279657595,6.0,0.09674553823790681,8.0,0.040822094807397236,9.0,0.02079463780990067,10.0,0.00585480093676815,9.0,0.0023015424372123073,11.0,0.25304853428086893,0.24028910603246387,0.5129317400556556,0.08620689655172414,0.2608010982798999,0.24842913660693508,0.09472664136315917,0.07582976661552128,0.5553977272727273,0.019987079060001616,0.07805055317774368,0.20387149917627678,0.020754259872405718,0.01433416781070823,0.5914844649021864
ALL,1m,FULL_ALIGNMENT,15,2799,29.008698344818015,16.817676334930365,6.191638428423296,37.162140358733,68.47977375828364,-25.53672469168186,-16.682886139303132,-55.42796279780693,0.7609434625441521,-1.2367679879476956,0.47624151482672383,7.038585209003215,6.0,31.01993660492841,0.6509467667023937,3.0,0.3776348695962844,5.0,0.16934619506966775,7.0,0.08503036798856735,9.0,0.046802429439085386,10.0,0.015005359056806002,11.0,0.007145409074669525,10.0,0.3340478742408003,0.29403358342265096,0.5318543799772468,0.1414790996784566,0.3347624151482672,0.2970742685671418,0.16291532690246516,0.10932475884244373,0.5984251968503937,0.043586995355484104,0.11754197927831368,0.270509977827051,0.046802429439085386,0.02750982493747767,0.6298076923076923
ALL,1m,DAILY_4H,30,14331,32.11576383126929,19.537829279794305,7.809025856063689,40.68312550913001,74.57300938176647,-30.880300780964465,-20.20234909659191,-69.99761507274104,-0.016586846604103842,-1.058761249338458,0.4824506314981509,14.119600865257135,13.0,27.527139489553747,0.69646221477915,4.0,0.4149047519363617,10.0,0.18679785081292302,14.0,0.09894634010187706,16.0,0.05512525294815435,17.0,0.019886958342055682,18.0,0.008931686553625008,21.0,0.3579652501570023,0.3562905589281976,0.5011723329425557,0.15072221059242202,0.4034610285395297,0.2719717955175019,0.17807550066289862,0.1662131044588654,0.5172274017024726,0.05107808247854302,0.17633103063289374,0.2246087756980669,0.05449724373735259,0.04319307794292094,0.5578571428571428
ALL,1m,DAILY_4H_1H,30,8600,35.44053444806331,21.21293178579453,8.665208974329431,44.63995122840958,82.04987781034778,-32.780339949955575,-21.168628726830896,-75.58318232765026,0.414888440284165,-0.9942697418696689,0.48290697674418603,14.125116279069767,13.0,27.350433587551205,0.7196511627906976,4.0,0.4432558139534884,9.0,0.2144186046511628,14.0,0.1177906976744186,16.0,0.06755813953488372,17.0,0.02558139534883721,18.0,0.012906976744186047,20.0,0.3801162790697674,0.3638372093023256,0.5109409190371991,0.1697674418604651,0.4190697674418605,0.2883096366508689,0.20267441860465116,0.17930232558139536,0.5305936073059361,0.062325581395348835,0.1936046511627907,0.24352567014993184,0.06662790697674419,0.050348837209302326,0.5695825049701789
ALL,1m,DAILY_4H_1H_15M,30,4826,39.64503705548881,23.392536739491597,9.350151835951781,49.9123722158662,90.41879344587333,-34.49723053021708,-22.131335258190887,-77.73132821941032,1.2413508582599968,-1.0743130959978142,0.48010774968918357,13.920430998756734,13.0,28.577019643959197,0.7349772067965189,4.0,0.47534189805221716,8.0,0.24906755076668047,13.0,0.1427683381682553,16.0,0.08474927476170742,16.0,0.03377538334024036,18.0,0.017612929962702032,20.0,0.3999171156237049,0.3655200994612516,0.5224688684353005,0.19353501864898467,0.4301699129714049,0.3102990033222591,0.23290509738914214,0.1898052217157066,0.5509803921568628,0.07791131371736428,0.20845420638209697,0.27206946454413894,0.08392043099875673,0.05449647741400746,0.6062874251497006
ALL,1m,DAILY_ONLY,30,24766,30.572346002368157,18.82366069148711,7.520398625914249,38.897278754249086,70.14490623348246,-29.343781404081028,-19.272604288916305,-65.70681343553542,0.09222730893033615,-0.8176586942759689,0.48501978518937255,14.07639505774045,13.0,26.125158690931972,0.6886053460389243,5.0,0.4010740531373657,10.0,0.17560365016554955,14.0,0.08790276992651215,17.0,0.048534280868933216,17.0,0.017362513122829687,18.5,0.007348784624081402,20.0,0.3492287813938464,0.3430509569571186,0.5044619422572179,0.14447226035694097,0.3873455543890818,0.2716574292005163,0.16781070822902366,0.15456674473067916,0.5205410821643287,0.0454655576193168,0.16235968666720504,0.21876821449387993,0.048090123556488736,0.03763223774529597,0.5609985869053227
ALL,1m,FULL_ALIGNMENT,30,2799,43.89361926693574,25.54744525547381,9.765734745141863,55.027621229716274,101.15356721276127,-36.07736079424965,-23.483350151362046,-80.1367125125858,2.6872923092125096,-1.015906964310087,0.48302965344765986,13.772418720971775,12.0,33.3566494430234,0.7463379778492318,3.0,0.5069667738478028,8.0,0.2765273311897106,13.0,0.16720257234726688,15.0,0.10325116112897463,16.0,0.04430153626295105,19.0,0.022865309038942478,20.0,0.42015005359056806,0.37727759914255093,0.5268817204301075,0.21186137906395142,0.45158985351911396,0.3193322563274098,0.2572347266881029,0.1939978563772776,0.5700712589073634,0.09431939978563773,0.2150768131475527,0.30484988452655887,0.10182207931404073,0.05894962486602358,0.6333333333333333
ALL,1m,DAILY_4H,60,14331,46.73330165882673,28.786070350346193,12.031815009129199,58.19126416025999,106.26945760909167,-44.624843726597064,-29.401315708877938,-102.17263652378183,0.26973980550241816,-1.114601507214985,0.4868466959737632,28.154420487056033,27.0,26.857593535419003,0.7880120019538064,5.0,0.5452515525783267,14.0,0.3006070755704417,24.0,0.1766799246388947,27.0,0.11269276393831554,31.0,0.04849626683413579,35.0,0.025469262438071315,38.0,0.4288605121764008,0.4323494522364106,0.4979743963701183,0.22105924220221895,0.516781801688647,0.29960279931908457,0.27555648593957155,0.2706021910543577,0.5045355819598825,0.10069081013188193,0.2954434442816272,0.25418354764840584,0.1103900634987091,0.10020235852348057,0.5241882041086813
ALL,1m,DAILY_4H_1H,60,8600,52.004198699767194,31.39976884767748,13.076477766170157,64.48567155315999,117.47141101465887,-47.03273527067814,-31.07255648663265,-107.35467560801558,0.6686528851495568,-1.4022667405239053,0.48348837209302326,28.059418604651164,26.0,29.55024188659601,0.8046511627906977,5.0,0.5720930232558139,14.0,0.33406976744186045,22.0,0.20348837209302326,26.0,0.1330232558139535,30.0,0.06151162790697674,34.0,0.03441860465116279,37.0,0.4475581395348837,0.42872093023255814,0.5107484076433121,0.2424418604651163,0.523953488372093,0.31634046426945833,0.3033720930232558,0.2812790697674419,0.5188941925218775,0.11755813953488373,0.3127906976744186,0.27316941367198055,0.13,0.11127906976744185,0.5387951807228916
ALL,1m,DAILY_4H_1H_15M,60,4826,58.728723366180155,33.681724719341055,14.032507574285313,72.00051431409892,134.1888286424986,-49.14303237003351,-32.39550627304743,-111.59923637913406,2.6089049776509055,-1.4386449166009507,0.4850808122668877,27.73331951927062,26.0,34.36941728072314,0.8166183174471612,4.0,0.5965602983837547,12.0,0.37132200580190633,21.0,0.23684210526315788,25.0,0.15955242436800662,29.0,0.08019063406547866,34.0,0.04537919602154994,37.0,0.4593866556154165,0.4276833816825528,0.5178696566222845,0.2619146290924161,0.5317032739328637,0.3300261096605744,0.33257355988396187,0.2880232076253626,0.5358931552587646,0.13903854123497722,0.32552838789888106,0.2992863514719001,0.15582262743472855,0.11748860339825942,0.5701288855193328
ALL,1m,DAILY_ONLY,60,24766,44.133381028719924,27.59264017970886,11.501106141853512,55.849586330026234,100.50828403230905,-42.47368022295504,-27.939445575073663,-95.57181386965485,0.40598188657769235,-0.6232171670605968,0.4917225228135347,28.046475006056692,26.0,27.07836357184105,0.7785673907776791,6.0,0.5325849955584269,15.0,0.28644108858919487,24.0,0.16312686747960914,29.0,0.10098522167487685,32.0,0.04292174755713478,35.0,0.021158039247355244,38.0,0.42344343050956956,0.42368569813453927,0.4998570066730219,0.21368004522328998,0.5034725026245659,0.29795619616012614,0.2633449083420819,0.25502705321812164,0.5080230565508647,0.09080998142614875,0.27679076152790116,0.24703427065026362,0.09892594686263426,0.08850843898893644,0.5277897457992244
ALL,1m,FULL_ALIGNMENT,60,2799,64.13927699199091,37.543561659882926,14.959662381751615,78.78663117818152,147.98239462717567,-50.635979799050546,-33.7186897880537,-115.43120715229716,3.1641687804760736,-2.0868671842799724,0.47874240800285817,27.02750982493748,25.0,40.899598764045145,0.8217220435869954,4.0,0.6237942122186495,11.0,0.40514469453376206,19.5,0.2618792425866381,23.0,0.18756698821007503,28.0,0.09717756341550554,33.0,0.0571632725973562,35.0,0.4715969989281886,0.43229724901750627,0.5217391304347826,0.2779564130046445,0.5462665237584852,0.3372345036844387,0.3579849946409432,0.2890317970703823,0.5532854776366648,0.16148624508753126,0.32833154698106465,0.3296863603209336,0.18220793140407288,0.11825652018578063,0.6064209274673008
ALL,1m,DAILY_4H,120,14331,68.17037554174863,41.75827092447682,17.921309162154397,85.09026316866564,155.42802486848473,-64.35194313528046,-42.3163660907,-149.4358035986587,-0.5466519843635305,-1.645410262002267,0.4846835531365571,55.34575395994697,52.0,29.487801895333124,0.8534645174795897,6.0,0.665340869443863,20.0,0.4366059591096225,38.0,0.28916335217360967,47.0,0.20180029307096503,54.0,0.10718023864350011,65.0,0.0618937966645733,70.0,0.4721233689205219,0.4738678389505268,0.4990779671018662,0.2809294536319866,0.5932593678040611,0.321360153256705,0.37387481683064683,0.3667573791082269,0.5048049745618994,0.16635266206126578,0.41783546158676993,0.28475871954132825,0.1917521456981369,0.18240178633731072,0.5124953375606117
ALL,1m,DAILY_4H_1H,120,8600,75.71758956990257,45.9555641642706,19.47091823821079,92.08199203056822,173.92048873116627,-67.86065667042486,-44.60058799380329,-155.97633840201794,-0.42019058924485136,-2.4008988419244037,0.48069767441860467,54.73139534883721,51.0,33.97351060088287,0.8646511627906976,6.0,0.688953488372093,18.0,0.47093023255813954,35.0,0.31883720930232556,44.0,0.22534883720930232,51.0,0.1291860465116279,62.0,0.07872093023255813,67.0,0.48965116279069765,0.46430232558139534,0.5132862018527548,0.3016279069767442,0.5891860465116279,0.33859809424357135,0.39988372093023256,0.37348837209302327,0.5170651029920312,0.18174418604651163,0.43372093023255814,0.2952956735310788,0.21220930232558138,0.19813953488372094,0.5171436667611221
ALL,1m,DAILY_4H_1H_15M,120,4826,85.60525913047947,49.39879049583262,20.519483809109396,103.15752390641808,201.9760470017795,-70.88900380343975,-46.87859285791907,-164.9684472397861,1.8216978043341057,-3.3487562874934262,0.4763779527559055,53.516991297140486,49.0,37.5799904006139,0.8707003729796934,5.0,0.7034811438043929,16.0,0.49668462494819726,30.0,0.3578532946539577,40.0,0.25922088686282635,48.0,0.160588479071695,61.0,0.1013261500207211,66.0,0.4977206796518856,0.46062992125984253,0.5193513513513514,0.30708661417322836,0.5932449233319519,0.3410817031070196,0.4144218814753419,0.37588064649813513,0.5243838489774515,0.20430998756734356,0.4444674678823042,0.3149153625039923,0.24140074595938665,0.20576046415250726,0.5398517145505097
ALL,1m,DAILY_ONLY,120,24766,64.44078711632338,40.38624849401318,17.13401503406431,81.40044907658906,147.54559652513265,-61.339225269878156,-40.11379173938346,-140.44427974507002,0.5089875337891827,-0.6299023624312117,0.4932972623758378,55.751231527093594,53.0,30.458664932275493,0.8456351449567956,7.0,0.6568279092303965,21.0,0.4252200597593475,39.0,0.2775175644028103,50.0,0.18884761366389405,56.0,0.09642251473794719,66.0,0.05317774368085278,70.0,0.4712105305660987,0.4693935233788258,0.5009658725048294,0.276911895340386,0.584672534926916,0.32139844409035523,0.36695469595413066,0.3513688120810789,0.5108487914558741,0.15618186223047728,0.3989744003876282,0.2813295512400902,0.18040862472744892,0.16797221997900347,0.5178488641631896
ALL,1m,FULL_ALIGNMENT,120,2799,92.42754690286708,55.33383559691352,22.402381600212795,116.12002231271234,221.88445322107023,-72.98587082751088,-48.611381325158746,-167.69476081237488,4.235704801480967,-2.7467579250728402,0.48160057163272596,53.11611289746338,48.0,42.52019430582348,0.8749553411932833,5.0,0.7259735619864237,14.0,0.5344765987852804,29.0,0.3865666309396213,37.0,0.2897463379778492,43.0,0.17970703822793854,57.0,0.11825652018578063,62.0,0.5080385852090032,0.45837799214005004,0.5256931608133086,0.32618792425866383,0.5966416577349053,0.3534649632210608,0.4437299035369775,0.3762057877813505,0.5411764705882353,0.22615219721329047,0.44765987852804573,0.3356309650053022,0.2675955698463737,0.20507324044301536,0.5661375661375662
ALL,1m,DAILY_4H,240,14331,99.72672502562668,61.05951152390654,26.430839201955216,123.85393609295025,229.94512673111922,-92.07080760869434,-62.62743955723793,-206.5817919769397,-0.14548724816377806,-3.3222591362125353,0.4809154978717466,108.95771404647269,100.0,29.5866543267376,0.8986811806573163,7.0,0.7612867210941316,26.0,0.5697439117995953,55.0,0.42460400530318887,76.0,0.3216802735329007,90.0,0.19391528853534296,109.0,0.12734631219035658,123.0,0.4908938664433745,0.49326634568418115,0.49879466817923995,0.3152606238224827,0.6386155885841881,0.33050475493782006,0.4440025120368432,0.4376526411276254,0.503601108033241,0.23599190565906078,0.5298304375130836,0.30815489749430525,0.2929314074384202,0.28727932454120436,0.5048707155742633
ALL,1m,DAILY_4H_1H,240,8600,110.58836535549368,66.12637719206282,28.194846821433806,136.73252633799316,261.2412041955375,-97.61936963653693,-66.61787938067488,-219.20786559339388,-1.7870947667572876,-5.8234006562157825,0.4705813953488372,106.13116279069767,95.5,33.9532821712473,0.9036046511627907,6.0,0.7756976744186046,23.0,0.5938372093023255,50.0,0.4543023255813953,70.0,0.3524418604651163,85.0,0.22267441860465118,103.0,0.15267441860465117,118.0,0.5058139534883721,0.4797674418604651,0.5132137800849458,0.3317441860465116,0.63,0.34494015233949943,0.4653488372093023,0.43732558139534883,0.5155223496071106,0.25546511627906976,0.5409302325581395,0.32077675573076364,0.3177906976744186,0.2990697674418605,0.5151743638077285
ALL,1m,DAILY_4H_1H_15M,240,4826,124.69501950047164,72.70058957558834,29.548180125666402,154.99671024648995,295.0034132642143,-100.9904065941003,-70.85187244867231,-231.36911066953925,1.3052015457135635,-8.698826974588014,0.4579361790302528,103.11956071280564,90.5,36.592072596247846,0.9077911313717364,6.0,0.7836717778698715,20.0,0.6079569001243266,43.0,0.4875673435557397,63.0,0.38955656858682136,76.5,0.260049730625777,95.0,0.1825528387898881,109.0,0.5105677579776212,0.4749274761707418,0.5180824222035324,0.3338168255283879,0.6319933692498964,0.34563398412357865,0.4709904682967261,0.4378367177786987,0.5182398540811674,0.27414007459593864,0.547244094488189,0.3337537840565086,0.3458350600911728,0.3050145047658516,0.5313594396688952
ALL,1m,DAILY_ONLY,240,24766,93.28855252639327,59.123578596864675,25.693253574160522,117.41426972668945,213.62720857431407,-88.62240674302593,-58.613861386138666,-199.8147302459846,0.9707937961094888,-1.6437413269071444,0.4893806024388274,109.87640313332795,103.0,31.01153409113641,0.8936848905757894,8.0,0.7558749899055156,27.0,0.5605265283049342,59.0,0.41100702576112413,80.0,0.30440927077444885,93.0,0.1780263264152467,111.0,0.11148348542356457,125.0,0.4917225228135347,0.4894613583138173,0.5011522633744856,0.3133327949608334,0.6334894613583139,0.3309309565439891,0.4413712347573286,0.4253815715093273,0.5092238889406503,0.2261568279092304,0.5158281514980215,0.3047997387897257,0.2783655010902043,0.27154162965355727,0.5062045671488362
ALL,1m,FULL_ALIGNMENT,240,2799,134.37512744225495,78.56559449263001,32.391429723216405,161.86456921830404,313.13359516455506,-102.42327020891715,-72.97931262529201,-233.71194956257477,5.214941065203705,-8.251603954106956,0.46266523758485173,101.61343336906037,88.0,36.54080220742439,0.9146123615576992,5.0,0.8002858163629868,18.0,0.6463022508038585,40.0,0.5173276170060735,59.0,0.4137191854233655,68.0,0.2736691675598428,82.0,0.19506966773847803,94.5,0.5173276170060735,0.4715969989281886,0.523121387283237,0.34798142193640585,0.6230796713111826,0.35835172921265634,0.49874955341193283,0.42908181493390496,0.5375433192144783,0.29403358342265096,0.5476956055734191,0.349320882852292,0.36441586280814575,0.30439442658092175,0.5448717948717948
ALL,5m,DAILY_4H,15,2878,23.464586895192845,13.651050202648785,5.237116549567933,29.357069964727756,53.58977199714676,-21.400235188379877,-14.163749818020822,-49.92340996779588,0.33569814889228633,-1.1897949173128586,0.4722029186935372,7.00416956219597,6.0,35.58989131847664,0.6052814454482279,3.0,0.29812369701181374,6.0,0.113273106323836,7.0,0.05455177206393329,8.0,0.03022932592077832,8.0,0.0118137595552467,10.0,0.005211952744961779,11.0,0.26476719944405835,0.2477414871438499,0.5166101694915254,0.09798471160528145,0.2738012508686588,0.2635514018691589,0.1108408617095205,0.0945100764419736,0.5397631133671743,0.028839471855455177,0.09937456567060458,0.22493224932249323,0.03022932592077832,0.015635858234885336,0.6590909090909091
ALL,5m,DAILY_4H_1H,15,1650,26.469174916463313,15.270510463101239,5.971405467782853,33.02899252560498,58.48624058988874,-22.834694471055695,-15.050269639615976,-51.484941420108065,1.0496879883182495,-1.2150301465652102,0.47515151515151516,7.004848484848485,6.0,43.807097984296405,0.6406060606060606,3.0,0.33575757575757575,5.0,0.1321212121212121,6.0,0.0703030303030303,7.0,0.038181818181818185,7.0,0.01696969696969697,9.5,0.00787878787878788,11.0,0.2915151515151515,0.25333333333333335,0.5350389321468298,0.11212121212121212,0.28363636363636363,0.2833078101071976,0.1290909090909091,0.1006060606060606,0.5620052770448549,0.03636363636363636,0.10787878787878788,0.25210084033613445,0.038181818181818185,0.02181818181818182,0.6363636363636364
ALL,5m,DAILY_4H_1H_15M,15,766,28.735337121236242,16.362319307746674,6.117571206998851,35.04675773151888,64.69782334121987,-25.425205855644368,-16.492825583795945,-56.68943522117886,1.068379549088841,-1.0547780499758908,0.47389033942558745,7.026109660574413,6.0,47.59887754279099,0.6553524804177546,3.0,0.36553524804177545,5.0,0.1566579634464752,6.5,0.08093994778067885,6.5,0.04046997389033943,7.0,0.020887728459530026,8.0,0.010443864229765013,10.5,0.3093994778067885,0.26631853785900783,0.5374149659863946,0.13315926892950392,0.3028720626631854,0.30538922155688625,0.15013054830287206,0.1227154046997389,0.5502392344497608,0.03655352480417755,0.13315926892950392,0.2153846153846154,0.04046997389033943,0.03655352480417755,0.5254237288135594
ALL,5m,DAILY_ONLY,15,4978,22.07627837550777,13.037809831137892,4.982569118999192,27.751247905141163,51.124033775049824,-20.417065687294976,-13.451766883073034,-46.49533837255737,-0.15734161033596075,-1.1761258446491007,0.4704700683005223,6.9582161510646845,6.0,29.997960921001866,0.5879871434310968,3.0,0.28143832864604257,6.0,0.10445962233828847,7.0,0.047408597830454,8.0,0.026114905584572117,8.0,0.009039775010044195,10.0,0.0036159100040176776,11.0,0.25431900361591,0.23242265970269185,0.5224927775484935,0.09220570510245078,0.25652872639614305,0.26440092165898615,0.10245078344716754,0.08437123342707915,0.5483870967741935,0.02511048613901165,0.08818802732020892,0.22163120567375885,0.026114905584572117,0.015066291683406991,0.6341463414634146
ALL,5m,FULL_ALIGNMENT,15,766,28.735337121236242,16.362319307746674,6.117571206998851,35.04675773151888,64.69782334121987,-25.425205855644368,-16.492825583795945,-56.68943522117886,1.068379549088841,-1.0547780499758908,0.47389033942558745,7.026109660574413,6.0,47.59887754279099,0.6553524804177546,3.0,0.36553524804177545,5.0,0.1566579634464752,6.5,0.08093994778067885,6.5,0.04046997389033943,7.0,0.020887728459530026,8.0,0.010443864229765013,10.5,0.3093994778067885,0.26631853785900783,0.5374149659863946,0.13315926892950392,0.3028720626631854,0.30538922155688625,0.15013054830287206,0.1227154046997389,0.5502392344497608,0.03655352480417755,0.13315926892950392,0.2153846153846154,0.04046997389033943,0.03655352480417755,0.5254237288135594
ALL,5m,DAILY_4H,30,2878,34.75741128610511,20.358146117716025,8.362702155165213,42.163279220464034,77.51317184681295,-30.92021315917226,-20.488032028833093,-71.1348984345469,0.5229310754358629,-1.4565280545908443,0.4722029186935372,13.939193884642112,13.0,45.37319066609401,0.7098679638637942,4.0,0.42981236970118136,9.0,0.20465601111883253,13.0,0.10701876302988186,15.0,0.05941626129256428,15.0,0.02501737317581654,16.5,0.01389854065323141,17.0,0.35649756775538566,0.34537873523280055,0.5079207920792079,0.16191799861014594,0.3957609451007644,0.2903426791277259,0.19249478804725503,0.16990965948575398,0.5311601150527325,0.054204308547602505,0.1834607366226546,0.22807017543859648,0.05941626129256428,0.046907574704656015,0.5588235294117647
ALL,5m,DAILY_4H_1H,30,1650,39.565056708455984,22.548244662369264,9.405994882801249,46.40149142813466,89.69043515335368,-33.3352194120573,-21.80686417521116,-77.06335802880504,1.0357196501173975,-2.0988413802341954,0.4624242424242424,13.52909090909091,12.0,58.42139208897563,0.7381818181818182,3.0,0.46,8.0,0.23030303030303031,13.0,0.1296969696969697,14.0,0.07757575757575758,16.0,0.03575757575757576,17.0,0.02,17.0,0.37393939393939396,0.35454545454545455,0.5133111480865225,0.17939393939393938,0.4103030303030303,0.30421377183967113,0.21636363636363637,0.17515151515151514,0.5526315789473685,0.0703030303030303,0.19454545454545455,0.2654462242562929,0.07757575757575758,0.05818181818181818,0.5714285714285714
ALL,5m,DAILY_4H_1H_15M,30,766,46.15117832437787,25.050952069337605,10.679226317343304,52.95841256274747,96.80736309944815,-36.48162237397735,-22.988877029618273,-82.68825970873527,3.7431893683899298,-2.3537947567514594,0.4516971279373368,13.909921671018276,13.0,77.0454851911135,0.7558746736292428,3.0,0.5013054830287206,8.0,0.27284595300261094,12.0,0.15274151436031333,14.0,0.09138381201044386,17.0,0.04960835509138381,17.0,0.030026109660574413,17.0,0.39425587467362927,0.36161879895561355,0.5215889464594128,0.21279373368146215,0.42297650130548303,0.3347022587268994,0.2545691906005222,0.195822454308094,0.5652173913043478,0.07963446475195822,0.22323759791122716,0.2629310344827586,0.09138381201044386,0.07180156657963446,0.56
ALL,5m,DAILY_ONLY,30,4978,32.46178279368284,19.28357046071083,7.670388517404536,40.38932239664728,73.46660238391301,-29.338475542136358,-19.23397223047796,-66.85744884981193,0.5384964791710877,-1.1651652903016396,0.47830453997589395,13.868220168742466,13.0,35.15378409011831,0.6950582563278425,4.0,0.4120128565689032,9.0,0.19043792687826436,14.0,0.09702691844114102,16.0,0.05363599839292889,16.0,0.023302531137002813,18.0,0.010445962233828847,19.0,0.35054238650060265,0.33186018481317797,0.5136885487194583,0.15648854961832062,0.37987143431096826,0.2917602996254682,0.18200080353555645,0.15829650462032946,0.5348288075560803,0.04981920449979912,0.16914423463238248,0.22752293577981653,0.0532342306147047,0.04218561671353958,0.5578947368421052
ALL,5m,FULL_ALIGNMENT,30,766,46.15117832437787,25.050952069337605,10.679226317343304,52.95841256274747,96.80736309944815,-36.48162237397735,-22.988877029618273,-82.68825970873527,3.7431893683899298,-2.3537947567514594,0.4516971279373368,13.909921671018276,13.0,77.0454851911135,0.7558746736292428,3.0,0.5013054830287206,8.0,0.27284595300261094,12.0,0.15274151436031333,14.0,0.09138381201044386,17.0,0.04960835509138381,17.0,0.030026109660574413,17.0,0.39425587467362927,0.36161879895561355,0.5215889464594128,0.21279373368146215,0.42297650130548303,0.3347022587268994,0.2545691906005222,0.195822454308094,0.5652173913043478,0.07963446475195822,0.22323759791122716,0.2629310344827586,0.09138381201044386,0.07180156657963446,0.56
ALL,5m,DAILY_4H,60,2878,50.28135854809923,30.06538306759232,12.147133208270656,61.304496937041876,109.90947991774992,-44.164362914304704,-28.58959479204337,-103.49663651839792,0.1525514728588875,-1.7077360122047525,0.4777623349548297,26.861362056984017,24.0,30.099453078043457,0.7911744266851981,5.0,0.5580264072272412,14.0,0.3227936066712995,23.0,0.19006254343293955,26.0,0.12300208478109799,31.0,0.05489923558026407,32.5,0.0330090340514246,33.0,0.43015983321751217,0.4179986101459347,0.5071691929537075,0.23002084781097984,0.5003474635163307,0.3149381541389153,0.2883947185545518,0.2564280750521195,0.5293367346938775,0.10597637248088951,0.28735232800555943,0.26943462897526504,0.12056984016678249,0.09763724808895066,0.552547770700637
ALL,5m,DAILY_4H_1H,60,1650,56.968844565627315,32.85511289247811,13.213639652567277,67.20779508165076,123.03222271105189,-47.69809188424003,-31.569070806552467,-109.82174634020137,-0.6877839325674149,-4.039410131010945,0.4581818181818182,26.10969696969697,22.0,28.449336150567202,0.813939393939394,4.0,0.5836363636363636,13.0,0.3496969696969697,21.0,0.21696969696969698,24.0,0.14606060606060606,29.0,0.07393939393939394,31.5,0.04666666666666667,33.0,0.43757575757575756,0.42848484848484847,0.5052484254723583,0.24242424242424243,0.5230303030303031,0.3167062549485352,0.3103030303030303,0.26545454545454544,0.5389473684210526,0.12484848484848485,0.30363636363636365,0.2913719943422914,0.14242424242424243,0.10424242424242425,0.5773955773955773
ALL,5m,DAILY_4H_1H_15M,60,766,66.07196527336953,36.82592608053259,14.661306659401463,73.04544379481025,142.1773976443552,-51.22257876159141,-34.04501390266823,-121.57976771603018,2.3112192084136582,-4.674991404817752,0.45430809399477806,25.886422976501304,22.0,15.186398192298975,0.8237597911227154,4.0,0.6122715404699739,11.0,0.4007832898172324,19.0,0.24151436031331594,23.0,0.16449086161879894,26.0,0.09530026109660575,30.0,0.0639686684073107,31.0,0.45039164490861616,0.42689295039164493,0.5133928571428571,0.28067885117493474,0.52088772845953,0.3501628664495114,0.35117493472584854,0.2741514360313316,0.5615866388308977,0.13446475195822455,0.33159268929503916,0.28851540616246496,0.15926892950391644,0.11618798955613577,0.5781990521327014
ALL,5m,DAILY_ONLY,60,4978,47.09804493466961,28.76314045678341,11.674123005080418,58.360275880735,106.06129882223381,-41.805061420192956,-27.26710813298783,-94.75183884390792,0.9405539376095547,-0.9294351053218408,0.4889513860988349,27.314182402571312,25.0,26.388148979541405,0.7826436319807152,5.0,0.5464041783848935,15.0,0.3019284853354761,23.0,0.17376456408196062,27.0,0.10968260345520289,31.0,0.05082362394535958,32.0,0.02872639614302933,36.0,0.42969063881076736,0.4083969465648855,0.5127037392138063,0.22318200080353556,0.4881478505423865,0.31375317706862466,0.2756126958617919,0.24166331860184814,0.5328155339805826,0.09642426677380474,0.26838087585375653,0.2643171806167401,0.10727199678585778,0.088388911209321,0.5482546201232033
ALL,5m,FULL_ALIGNMENT,60,766,66.07196527336953,36.82592608053259,14.661306659401463,73.04544379481025,142.1773976443552,-51.22257876159141,-34.04501390266823,-121.57976771603018,2.3112192084136582,-4.674991404817752,0.45430809399477806,25.886422976501304,22.0,15.186398192298975,0.8237597911227154,4.0,0.6122715404699739,11.0,0.4007832898172324,19.0,0.24151436031331594,23.0,0.16449086161879894,26.0,0.09530026109660575,30.0,0.0639686684073107,31.0,0.45039164490861616,0.42689295039164493,0.5133928571428571,0.28067885117493474,0.52088772845953,0.3501628664495114,0.35117493472584854,0.2741514360313316,0.5615866388308977,0.13446475195822455,0.33159268929503916,0.28851540616246496,0.15926892950391644,0.11618798955613577,0.5781990521327014
ALL,5m,DAILY_4H,120,2878,70.18006001259889,42.70470207028643,17.515433182228037,87.24022260298725,159.15625530958428,-64.82710308689066,-42.68829136064522,-147.79651575842024,-2.962353451505773,-3.567978769663527,0.4722029186935372,52.28978457261987,46.0,24.475207499906297,0.8485059068797777,6.0,0.6692147324530924,19.0,0.4457956914523975,34.0,0.29673384294649063,44.5,0.21056289089645588,52.0,0.10945100764419737,60.0,0.06393328700486449,59.0,0.4718554551772064,0.4735927727588603,0.49908122013965456,0.28422515635858236,0.5896455872133426,0.32524850894632207,0.3783877692842252,0.3533703961084086,0.5170940170940171,0.17164697706740792,0.41452397498262683,0.2928275044457617,0.20152883947185546,0.18241834607366225,0.5248868778280543
ALL,5m,DAILY_4H_1H,120,1650,78.68472056353278,46.702720708301506,19.098096613721083,96.83122601255923,184.86185677775538,-70.04073728120372,-46.98153501767888,-155.35806199717084,-5.080868968907932,-5.999913129750567,0.4527272727272727,50.98909090909091,43.0,21.560770359219113,0.8612121212121212,5.0,0.6848484848484848,16.0,0.4824242424242424,32.5,0.33151515151515154,42.0,0.2387878787878788,49.0,0.13454545454545455,54.5,0.08242424242424243,57.0,0.47333333333333333,0.4818181818181818,0.49555837563451777,0.3,0.6036363636363636,0.3319919517102616,0.4084848484848485,0.36303030303030304,0.5294579732914375,0.1921212121212121,0.43575757575757573,0.305984555984556,0.22606060606060607,0.19272727272727272,0.5397973950795948
ALL,5m,DAILY_4H_1H_15M,120,766,91.14828990192399,52.16107780355195,20.561333217607448,102.74501936470226,216.53851743667963,-74.89729011877982,-52.40316564165681,-167.3954148180834,-5.322783170460087,-7.008019156126699,0.4490861618798956,49.20626631853786,41.0,7.25712133691119,0.8668407310704961,4.0,0.6984334203655352,14.0,0.5143603133159269,27.0,0.3524804177545692,35.5,0.25718015665796345,45.0,0.1671018276762402,54.0,0.10966057441253264,52.5,0.47911227154047,0.47911227154047,0.5,0.32114882506527415,0.5966057441253264,0.34992887624466573,0.42428198433420367,0.3825065274151436,0.5258899676375405,0.2010443864229765,0.47911227154047,0.29558541266794625,0.24281984334203655,0.21279373368146215,0.5329512893982808
ALL,5m,DAILY_ONLY,120,4978,66.06203856777528,40.668506187094835,17.066712584938305,81.12421629639988,150.30650201246522,-61.09945530849521,-40.14381199993255,-138.2854248998976,-0.9148031509994408,-3.210242997505053,0.47428686219365207,53.15628766572921,48.0,23.833926505123827,0.8437123342707915,6.0,0.6591000401767778,20.0,0.42828445158698275,35.0,0.2776215347529128,44.5,0.19325030132583368,53.0,0.1006428284451587,59.0,0.05825632784250703,63.5,0.47147448774608275,0.46303736440337484,0.5045141874462596,0.27922860586580955,0.5827641623141824,0.32393381496154744,0.36862193652069103,0.3451185214945761,0.5164649591894174,0.1599035757332262,0.40116512655685016,0.2849982098102399,0.18501406187223784,0.17014865407794294,0.5209276018099548
ALL,5m,FULL_ALIGNMENT,120,766,91.14828990192399,52.16107780355195,20.561333217607448,102.74501936470226,216.53851743667963,-74.89729011877982,-52.40316564165681,-167.3954148180834,-5.322783170460087,-7.008019156126699,0.4490861618798956,49.20626631853786,41.0,7.25712133691119,0.8668407310704961,4.0,0.6984334203655352,14.0,0.5143603133159269,27.0,0.3524804177545692,35.5,0.25718015665796345,45.0,0.1671018276762402,54.0,0.10966057441253264,52.5,0.47911227154047,0.47911227154047,0.5,0.32114882506527415,0.5966057441253264,0.34992887624466573,0.42428198433420367,0.3825065274151436,0.5258899676375405,0.2010443864229765,0.47911227154047,0.29558541266794625,0.24281984334203655,0.21279373368146215,0.5329512893982808
ALL,5m,DAILY_4H,240,2878,100.77973075360528,61.74330420569252,26.663102955364337,126.80538136053798,234.9955987820889,-91.53837397279874,-62.85917712222144,-205.65198691520226,1.1343311121354103,-4.234123501807852,0.4770674079221682,105.21994440583738,94.0,25.14809836333652,0.9006254343293955,6.0,0.76546212647672,24.0,0.5833912439193885,51.0,0.4312022237665045,72.0,0.33043780403057676,90.0,0.19944405837387075,105.5,0.13099374565670605,121.0,0.49200833912439196,0.48992355802640725,0.5010615711252654,0.31897150799166085,0.6323835997220292,0.3352812271731191,0.45205003474635164,0.4322446143154969,0.5111984282907662,0.2359277275886032,0.5267546907574705,0.30933940774487473,0.29881862404447534,0.28214037526059765,0.5143540669856459
ALL,5m,DAILY_4H_1H,240,1650,110.6748359419023,67.27922500094908,28.49721873076472,139.86445200659227,270.3064651616645,-97.91891277453551,-66.6219880114266,-216.41564160093498,-1.5920692207758669,-8.93411688336565,0.45696969696969697,102.44121212121212,88.0,23.84198894570473,0.9066666666666666,5.0,0.78,21.0,0.6139393939393939,49.0,0.46060606060606063,65.0,0.35515151515151516,80.0,0.23030303030303031,97.0,0.16,115.0,0.4909090909090909,0.4951515151515152,0.49784880147510757,0.33151515151515154,0.6387878787878788,0.34166146158650845,0.4793939393939394,0.4303030303030303,0.5269820119920053,0.25696969696969696,0.54,0.3224334600760456,0.3212121212121212,0.29393939393939394,0.5221674876847291
ALL,5m,DAILY_4H_1H_15M,240,766,123.62773412645163,70.95626710096225,29.676110098915686,160.2349705542949,294.3516269229862,-104.69717836658008,-70.96205436801063,-231.49932963422714,-2.6409704927841284,-11.101255604106797,0.4516971279373368,98.7597911227154,77.0,7.200110629710931,0.9073107049608355,5.0,0.7845953002610966,17.0,0.6331592689295039,40.0,0.48825065274151436,62.0,0.3785900783289817,75.5,0.26370757180156656,89.5,0.1906005221932115,97.5,0.4934725848563969,0.489556135770235,0.50199203187251,0.34986945169712796,0.6279373368146214,0.35781041388518026,0.4908616187989556,0.43342036553524804,0.5310734463276836,0.26240208877284593,0.5600522193211488,0.319047619047619,0.3433420365535248,0.30809399477806787,0.5270541082164328
ALL,5m,DAILY_ONLY,240,4978,95.70466535762934,60.52679723489107,26.463996905966567,122.10377314398224,219.71225979862746,-87.64698638842816,-59.37392969590949,-200.09380650200458,3.1108874723034097,-1.8328578419862795,0.48674166331860186,108.02189634391321,98.0,26.879498302154822,0.8973483326637204,7.0,0.7627561269586179,26.0,0.5735235034150261,55.0,0.41964644435516274,77.0,0.3179991964644436,95.0,0.18561671353957412,108.0,0.11771795901968662,121.0,0.4939734833266372,0.48372840498192043,0.5052393671666324,0.3141824025713138,0.6299718762555243,0.33276595744680854,0.4467657693852953,0.42567296102852553,0.51208841814414,0.2304138208115709,0.5176777822418642,0.30800214822771216,0.2900763358778626,0.27099236641221375,0.5170068027210885
ALL,5m,FULL_ALIGNMENT,240,766,123.62773412645163,70.95626710096225,29.676110098915686,160.2349705542949,294.3516269229862,-104.69717836658008,-70.96205436801063,-231.49932963422714,-2.6409704927841284,-11.101255604106797,0.4516971279373368,98.7597911227154,77.0,7.200110629710931,0.9073107049608355,5.0,0.7845953002610966,17.0,0.6331592689295039,40.0,0.48825065274151436,62.0,0.3785900783289817,75.5,0.26370757180156656,89.5,0.1906005221932115,97.5,0.4934725848563969,0.489556135770235,0.50199203187251,0.34986945169712796,0.6279373368146214,0.35781041388518026,0.4908616187989556,0.43342036553524804,0.5310734463276836,0.26240208877284593,0.5600522193211488,0.319047619047619,0.3433420365535248,0.30809399477806787,0.5270541082164328
BTCUSDT,15m,DAILY_4H,15,303,18.800305596087757,10.441767068272156,3.604607236437074,26.716548550439477,45.874665027565904,-16.08570954166712,-11.341085728679978,-37.23125926964377,2.185060500813165,-2.478171968675058,0.46534653465346537,7.075907590759076,6.0,40.89001517239251,0.5082508250825083,3.0,0.264026402640264,6.0,0.07920792079207921,9.5,0.0297029702970297,10.0,0.013201320132013201,11.5,0.0033003300330033004,14.0,0.0,,0.24092409240924093,0.1617161716171617,0.5983606557377049,0.066006600660066,0.1848184818481848,0.2631578947368421,0.07920792079207921,0.039603960396039604,0.6666666666666666,0.013201320132013201,0.0429042904290429,0.23529411764705882,0.013201320132013201,0.0,1.0
BTCUSDT,15m,DAILY_4H_1H,15,153,21.69206624455199,12.229729729729133,3.9712932232705,31.14630982453903,48.475367669508444,-16.699463673202516,-11.967801909359421,-37.2840884834309,3.500884650701633,-2.528631483569299,0.4444444444444444,6.96078431372549,6.0,35.02866840538219,0.5424836601307189,3.0,0.30718954248366015,6.0,0.09803921568627451,9.0,0.0457516339869281,12.0,0.0196078431372549,12.0,0.006535947712418301,14.0,0.0,,0.27450980392156865,0.1437908496732026,0.65625,0.0784313725490196,0.16993464052287582,0.3157894736842105,0.09803921568627451,0.032679738562091505,0.75,0.0196078431372549,0.0392156862745098,0.3333333333333333,0.0196078431372549,0.0,1.0
BTCUSDT,15m,DAILY_4H_1H_15M,15,153,21.69206624455199,12.229729729729133,3.9712932232705,31.14630982453903,48.475367669508444,-16.699463673202516,-11.967801909359421,-37.2840884834309,3.500884650701633,-2.528631483569299,0.4444444444444444,6.96078431372549,6.0,35.02866840538219,0.5424836601307189,3.0,0.30718954248366015,6.0,0.09803921568627451,9.0,0.0457516339869281,12.0,0.0196078431372549,12.0,0.006535947712418301,14.0,0.0,,0.27450980392156865,0.1437908496732026,0.65625,0.0784313725490196,0.16993464052287582,0.3157894736842105,0.09803921568627451,0.032679738562091505,0.75,0.0196078431372549,0.0392156862745098,0.3333333333333333,0.0196078431372549,0.0,1.0
BTCUSDT,15m,DAILY_ONLY,15,533,17.814077538375805,10.561235729373841,3.8144549081398083,24.026538188135493,42.2586242983285,-15.71054004906222,-10.892428903173101,-36.056505909044525,0.9040255363854699,-2.385053377709223,0.45590994371482174,7.0356472795497185,6.0,51.319392564525636,0.5084427767354597,3.0,0.24390243902439024,6.0,0.06566604127579738,9.0,0.024390243902439025,10.0,0.009380863039399626,12.0,0.001876172607879925,14.0,0.0,,0.225140712945591,0.16135084427767354,0.5825242718446602,0.05628517823639775,0.18386491557223264,0.234375,0.06566604127579738,0.039399624765478425,0.625,0.009380863039399626,0.04127579737335835,0.18518518518518517,0.009380863039399626,0.00375234521575985,0.7142857142857143
BTCUSDT,15m,FULL_ALIGNMENT,15,148,21.898830745930365,12.226571727217417,3.9632441027032117,32.548582272743374,49.540709912678814,-17.05582473949715,-12.351136698455779,-37.303923081837944,3.2917979982221146,-2.744179706327121,0.43243243243243246,6.837837837837838,5.5,36.01574378585461,0.5405405405405406,3.0,0.3108108108108108,6.0,0.10135135135135136,9.0,0.0472972972972973,12.0,0.02027027027027027,12.0,0.006756756756756757,14.0,0.0,,0.27702702702702703,0.14864864864864866,0.6507936507936508,0.08108108108108109,0.17567567567567569,0.3157894736842105,0.10135135135135136,0.033783783783783786,0.75,0.02027027027027027,0.04054054054054054,0.3333333333333333,0.02027027027027027,0.0,1.0
BTCUSDT,15m,DAILY_4H,30,303,27.16519777136953,15.355186687293632,7.0503477473893295,36.62831510391151,58.29199588027568,-23.075224161125924,-15.013450010977758,-49.838186337443965,1.336017902024713,-1.4328148495079684,0.48184818481848185,14.102310231023102,14.0,39.685328348411595,0.6633663366336634,6.0,0.37293729372937295,8.0,0.1419141914191419,14.0,0.07260726072607261,17.0,0.04950495049504951,19.0,0.013201320132013201,19.0,0.0033003300330033004,16.0,0.32673267326732675,0.23432343234323433,0.5823529411764706,0.1188118811881188,0.2838283828382838,0.29508196721311475,0.1419141914191419,0.0891089108910891,0.6142857142857143,0.04950495049504951,0.09570957095709572,0.3409090909090909,0.04950495049504951,0.0231023102310231,0.6818181818181818
BTCUSDT,15m,DAILY_4H_1H,30,153,31.935271856411717,16.882186674471722,7.454083951274892,43.29994607931154,75.40077035273337,-25.457063066383995,-15.013450010977758,-54.071554890700035,3.3001666515494614,-1.4328148495079684,0.48366013071895425,14.006535947712418,13.0,18.416250016447723,0.6666666666666666,4.0,0.43790849673202614,8.0,0.1895424836601307,14.0,0.10457516339869281,17.5,0.06535947712418301,19.5,0.0196078431372549,16.0,0.006535947712418301,16.0,0.38562091503267976,0.2222222222222222,0.6344086021505376,0.16339869281045752,0.28104575163398693,0.36764705882352944,0.1895424836601307,0.10457516339869281,0.6444444444444445,0.06535947712418301,0.11764705882352941,0.35714285714285715,0.06535947712418301,0.032679738562091505,0.6666666666666666
BTCUSDT,15m,DAILY_4H_1H_15M,30,153,31.935271856411717,16.882186674471722,7.454083951274892,43.29994607931154,75.40077035273337,-25.457063066383995,-15.013450010977758,-54.071554890700035,3.3001666515494614,-1.4328148495079684,0.48366013071895425,14.006535947712418,13.0,18.416250016447723,0.6666666666666666,4.0,0.43790849673202614,8.0,0.1895424836601307,14.0,0.10457516339869281,17.5,0.06535947712418301,19.5,0.0196078431372549,16.0,0.006535947712418301,16.0,0.38562091503267976,0.2222222222222222,0.6344086021505376,0.16339869281045752,0.28104575163398693,0.36764705882352944,0.1895424836601307,0.10457516339869281,0.6444444444444445,0.06535947712418301,0.11764705882352941,0.35714285714285715,0.06535947712418301,0.032679738562091505,0.6666666666666666
BTCUSDT,15m,DAILY_ONLY,30,533,26.104638703311537,15.355186687293632,6.280625902055359,35.82279681055623,57.1177532199303,-22.719324125387196,-14.633010741958996,-49.96094863284672,1.2235641989208228,-1.2720742292726683,0.48405253283302063,14.0,14.0,53.54266780340059,0.6604127579737336,5.0,0.35647279549718575,8.5,0.13696060037523453,16.0,0.06378986866791744,17.0,0.03564727954971857,19.0,0.01125703564727955,17.5,0.00375234521575985,19.5,0.3170731707317073,0.23827392120075047,0.5709459459459459,0.11632270168855535,0.28893058161350843,0.28703703703703703,0.1350844277673546,0.09568480300187618,0.5853658536585366,0.03564727954971857,0.09943714821763602,0.2638888888888889,0.03564727954971857,0.024390243902439025,0.59375
BTCUSDT,15m,FULL_ALIGNMENT,30,148,32.31383549910424,16.633661460578875,7.443616074226944,43.86697119118821,78.72729535245634,-26.063931959129782,-15.392909744277317,-54.79602905387271,3.183932427541023,-1.7660993280649295,0.47297297297297297,14.094594594594595,13.0,18.790009746434503,0.668918918918919,4.0,0.4391891891891892,8.0,0.19594594594594594,14.0,0.10810810810810811,17.5,0.06756756756756757,19.5,0.02027027027027027,16.0,0.006756756756756757,16.0,0.38513513513513514,0.22297297297297297,0.6333333333333333,0.16891891891891891,0.28378378378378377,0.373134328358209,0.19594594594594594,0.10810810810810811,0.6444444444444445,0.06756756756756757,0.12162162162162163,0.35714285714285715,0.06756756756756757,0.033783783783783786,0.6666666666666666
BTCUSDT,15m,DAILY_4H,60,303,36.445919074979734,21.349487362600783,9.452631364570419,46.65813441500632,93.23543390140858,-33.694730385778634,-22.606592713316775,-69.61975406089981,-2.794508776784696,-2.913181253380026,0.4521452145214521,27.221122112211223,24.0,30.033479062962712,0.7293729372937293,7.0,0.47854785478547857,13.0,0.23432343234323433,24.0,0.1188118811881188,24.5,0.0891089108910891,28.0,0.033003300330033,36.0,0.013201320132013201,40.5,0.39603960396039606,0.33003300330033003,0.5454545454545454,0.17491749174917492,0.42244224422442245,0.292817679558011,0.22112211221122113,0.18811881188118812,0.5403225806451613,0.0858085808580858,0.19801980198019803,0.3023255813953488,0.0891089108910891,0.0462046204620462,0.6585365853658537
BTCUSDT,15m,DAILY_4H_1H,60,153,43.27801287525679,27.440873256519005,9.977494373594187,54.939914655272034,108.97088513971468,-35.24158743941724,-22.47135212981144,-77.98529997130888,-1.3325760604727108,-2.2286078546596144,0.45751633986928103,27.22875816993464,25.0,29.1796088833001,0.7450980392156863,5.5,0.5359477124183006,10.5,0.3006535947712418,25.0,0.16993464052287582,26.0,0.12418300653594772,30.0,0.0457516339869281,39.0,0.0196078431372549,31.0,0.4444444444444444,0.3333333333333333,0.5714285714285714,0.2222222222222222,0.42483660130718953,0.3434343434343434,0.27450980392156865,0.20915032679738563,0.5675675675675675,0.11764705882352941,0.2222222222222222,0.34615384615384615,0.12418300653594772,0.058823529411764705,0.6785714285714286
BTCUSDT,15m,DAILY_4H_1H_15M,60,153,43.27801287525679,27.440873256519005,9.977494373594187,54.939914655272034,108.97088513971468,-35.24158743941724,-22.47135212981144,-77.98529997130888,-1.3325760604727108,-2.2286078546596144,0.45751633986928103,27.22875816993464,25.0,29.1796088833001,0.7450980392156863,5.5,0.5359477124183006,10.5,0.3006535947712418,25.0,0.16993464052287582,26.0,0.12418300653594772,30.0,0.0457516339869281,39.0,0.0196078431372549,31.0,0.4444444444444444,0.3333333333333333,0.5714285714285714,0.2222222222222222,0.42483660130718953,0.3434343434343434,0.27450980392156865,0.20915032679738563,0.5675675675675675,0.11764705882352941,0.2222222222222222,0.34615384615384615,0.12418300653594772,0.058823529411764705,0.6785714285714286
BTCUSDT,15m,DAILY_ONLY,60,533,36.29801802729289,22.245929253228436,9.037643140559215,46.99425568289062,83.49512937967687,-32.15871502061688,-22.112200295208993,-70.21062868228321,-0.09456169668445492,-1.6306181657321783,0.4803001876172608,27.682926829268293,25.0,59.27826534318256,0.7279549718574109,6.0,0.4803001876172608,15.0,0.23452157598499063,26.0,0.11444652908067542,26.0,0.07317073170731707,32.0,0.0300187617260788,36.0,0.0150093808630394,44.5,0.4071294559099437,0.3433395872420263,0.5425,0.17448405253283303,0.42964352720450283,0.2888198757763975,0.22138836772983114,0.1801125703564728,0.5514018691588785,0.06941838649155722,0.18761726078799248,0.27007299270072993,0.07129455909943715,0.0525328330206379,0.5757575757575758
BTCUSDT,15m,FULL_ALIGNMENT,60,148,43.91096364142843,28.30305335255634,9.971878461016992,55.92924329015203,111.6255095951207,-36.13239918024531,-23.24438912245208,-79.21806259723863,-1.546252079274926,-4.616270041187809,0.44594594594594594,26.91891891891892,24.5,29.9112105291624,0.7432432432432432,5.0,0.5337837837837838,10.0,0.3108108108108108,25.0,0.17567567567567569,26.0,0.12837837837837837,30.0,0.0472972972972973,39.0,0.02027027027027027,31.0,0.4391891891891892,0.33783783783783783,0.5652173913043478,0.22972972972972974,0.43243243243243246,0.3469387755102041,0.28378378378378377,0.21621621621621623,0.5675675675675675,0.12162162162162163,0.22972972972972974,0.34615384615384615,0.12837837837837837,0.060810810810810814,0.6785714285714286
BTCUSDT,15m,DAILY_4H,120,303,57.38491787945504,35.88717949715159,13.134052795740203,74.94627828343647,133.60995776537044,-47.43802689913725,-32.759006884843785,-105.72113371194501,5.617362634995784,-3.739608204125222,0.45544554455445546,58.23762376237624,56.0,7.414527280557826,0.8085808580858086,8.0,0.6072607260726073,21.0,0.3696369636963696,42.5,0.2508250825082508,66.0,0.17491749174917492,59.0,0.07920792079207921,74.0,0.0429042904290429,75.0,0.46204620462046203,0.39933993399339934,0.5363984674329502,0.24752475247524752,0.5214521452145214,0.3218884120171674,0.33003300330033003,0.297029702970297,0.5263157894736842,0.1485148514851485,0.3432343234323432,0.30201342281879195,0.16831683168316833,0.09900990099009901,0.6296296296296297
BTCUSDT,15m,DAILY_4H_1H,120,153,66.93489647389022,44.27154455396432,13.368705181819873,91.9092048461212,164.4438372589528,-49.391360905456104,-33.271128672395236,-109.7501762044275,10.740532633707108,-2.3980815347723894,0.477124183006536,59.99346405228758,56.0,9.92525038741023,0.8235294117647058,8.0,0.6470588235294118,18.0,0.45098039215686275,40.0,0.3202614379084967,52.0,0.2222222222222222,46.5,0.1111111111111111,76.0,0.058823529411764705,88.0,0.5032679738562091,0.39215686274509803,0.5620437956204379,0.3137254901960784,0.49673202614379086,0.3870967741935484,0.39869281045751637,0.3006535947712418,0.5700934579439252,0.1830065359477124,0.35294117647058826,0.34146341463414637,0.21568627450980393,0.09803921568627451,0.6875
BTCUSDT,15m,DAILY_4H_1H_15M,120,153,66.93489647389022,44.27154455396432,13.368705181819873,91.9092048461212,164.4438372589528,-49.391360905456104,-33.271128672395236,-109.7501762044275,10.740532633707108,-2.3980815347723894,0.477124183006536,59.99346405228758,56.0,9.92525038741023,0.8235294117647058,8.0,0.6470588235294118,18.0,0.45098039215686275,40.0,0.3202614379084967,52.0,0.2222222222222222,46.5,0.1111111111111111,76.0,0.058823529411764705,88.0,0.5032679738562091,0.39215686274509803,0.5620437956204379,0.3137254901960784,0.49673202614379086,0.3870967741935484,0.39869281045751637,0.3006535947712418,0.5700934579439252,0.1830065359477124,0.35294117647058826,0.34146341463414637,0.21568627450980393,0.09803921568627451,0.6875
BTCUSDT,15m,DAILY_ONLY,120,533,55.04498933417614,35.19411876284906,13.317763897451318,71.65055778376895,128.85684719285797,-44.78934556142914,-30.46456462059144,-104.6749664517641,6.570350917223763,-1.340615400756695,0.4803001876172608,56.98499061913696,54.0,49.40982236287602,0.8086303939962477,8.0,0.6022514071294559,22.0,0.3677298311444653,40.5,0.23827392120075047,62.0,0.16135084427767354,65.0,0.07317073170731707,76.0,0.03377110694183865,66.5,0.4727954971857411,0.40150093808630394,0.5407725321888412,0.24765478424015008,0.5178236397748592,0.3235294117647059,0.3320825515947467,0.28142589118198874,0.5412844036697247,0.13883677298311445,0.32082551594746717,0.3020408163265306,0.15572232645403378,0.10131332082551595,0.6058394160583942
BTCUSDT,15m,FULL_ALIGNMENT,120,148,67.81590338621317,44.115705969175465,13.355969860727734,92.22201882675029,166.800491630863,-50.75050851602755,-33.5388735730735,-110.93332645117427,10.519550748390118,-3.0422198320567695,0.46621621621621623,59.020270270270274,56.0,9.819295064603065,0.8243243243243243,7.5,0.6486486486486487,18.0,0.44594594594594594,35.5,0.3310810810810811,52.0,0.22972972972972974,46.5,0.11486486486486487,76.0,0.060810810810810814,88.0,0.5,0.39864864864864863,0.556390977443609,0.30405405405405406,0.5067567567567568,0.375,0.3918918918918919,0.3108108108108108,0.5576923076923077,0.1891891891891892,0.36486486486486486,0.34146341463414637,0.22297297297297297,0.10135135135135136,0.6875
BTCUSDT,15m,DAILY_4H,240,303,76.90942524435665,55.08407924796677,19.629731418276954,109.63698835743219,180.03431552213513,-67.98195599880101,-50.83816672565411,-150.12772566976597,2.4031729691832853,-3.9647477287663158,0.46864686468646866,109.84818481848185,102.0,7.488844818079176,0.8712871287128713,10.5,0.6963696369636964,26.0,0.5181518151815182,71.0,0.3465346534653465,90.0,0.2706270627062706,104.5,0.13861386138613863,108.5,0.07920792079207921,116.5,0.5016501650165016,0.44224422442244227,0.5314685314685315,0.297029702970297,0.6105610561056105,0.32727272727272727,0.429042904290429,0.37293729372937295,0.5349794238683128,0.21782178217821782,0.45544554455445546,0.3235294117647059,0.25742574257425743,0.21782178217821782,0.5416666666666666
BTCUSDT,15m,DAILY_4H_1H,240,153,90.81679256885728,66.26210462984173,26.578692599090736,122.47307973700883,209.9251949919525,-69.26383930079797,-53.5329424578801,-150.81403858529941,8.370309976329033,1.1328273371224995,0.5032679738562091,117.45098039215686,109.0,11.246140291914669,0.8758169934640523,8.0,0.7516339869281046,22.0,0.5947712418300654,59.0,0.42483660130718953,79.0,0.33986928104575165,100.5,0.19607843137254902,107.0,0.11764705882352941,122.5,0.5490196078431373,0.4117647058823529,0.5714285714285714,0.3660130718954248,0.5620915032679739,0.39436619718309857,0.5032679738562091,0.35947712418300654,0.5833333333333334,0.2875816993464052,0.45098039215686275,0.3893805309734513,0.3333333333333333,0.19607843137254902,0.6296296296296297
BTCUSDT,15m,DAILY_4H_1H_15M,240,153,90.81679256885728,66.26210462984173,26.578692599090736,122.47307973700883,209.9251949919525,-69.26383930079797,-53.5329424578801,-150.81403858529941,8.370309976329033,1.1328273371224995,0.5032679738562091,117.45098039215686,109.0,11.246140291914669,0.8758169934640523,8.0,0.7516339869281046,22.0,0.5947712418300654,59.0,0.42483660130718953,79.0,0.33986928104575165,100.5,0.19607843137254902,107.0,0.11764705882352941,122.5,0.5490196078431373,0.4117647058823529,0.5714285714285714,0.3660130718954248,0.5620915032679739,0.39436619718309857,0.5032679738562091,0.35947712418300654,0.5833333333333334,0.2875816993464052,0.45098039215686275,0.3893805309734513,0.3333333333333333,0.19607843137254902,0.6296296296296297
BTCUSDT,15m,DAILY_ONLY,240,533,74.8890565272426,51.46370454521376,19.633740374291886,102.9132384819409,171.7513271116129,-64.74660365062748,-47.460719621803534,-145.84458176325876,4.7537883593084524,-0.8179342304193149,0.49343339587242024,106.38273921200751,95.0,51.732930188068224,0.8705440900562852,10.0,0.7035647279549718,30.0,0.5065666041275797,65.0,0.350844277673546,92.0,0.2626641651031895,103.0,0.13320825515947468,112.0,0.07129455909943715,126.0,0.5046904315196998,0.4446529080675422,0.5316205533596838,0.29080675422138835,0.6060037523452158,0.32426778242677823,0.4165103189493433,0.3677298311444653,0.5311004784688995,0.20637898686679174,0.43902439024390244,0.31976744186046513,0.24765478424015008,0.20075046904315197,0.5523012552301255
BTCUSDT,15m,FULL_ALIGNMENT,240,148,90.68864032357551,66.06453515640598,24.88283490923948,121.02039186934088,211.35234447082834,-69.60843433884737,-54.209829448593204,-150.78504866348297,8.111232113513356,-0.6026628483996044,0.49324324324324326,114.31756756756756,107.5,11.220903619400179,0.8716216216216216,8.0,0.7432432432432432,21.5,0.5878378378378378,53.0,0.4189189189189189,77.5,0.3310810810810811,100.0,0.20270270270270271,107.0,0.12162162162162163,122.5,0.5405405405405406,0.4189189189189189,0.5633802816901409,0.3581081081081081,0.5743243243243243,0.38405797101449274,0.49324324324324326,0.3716216216216216,0.5703125,0.27702702702702703,0.4594594594594595,0.3761467889908257,0.32432432432432434,0.19594594594594594,0.6233766233766234
BTCUSDT,1h,DAILY_4H,15,52,21.904601872384603,14.395329018547232,4.655798017840218,29.945800457055192,46.79106576357883,-16.987620375499066,-11.495493785563248,-46.03830425967248,5.1655649298568145,1.3812129168622178,0.5,7.076923076923077,6.0,33.951546189309205,0.5769230769230769,3.0,0.3076923076923077,7.5,0.09615384615384616,5.0,0.038461538461538464,5.0,0.019230769230769232,8.0,0.019230769230769232,13.0,0.0,,0.28846153846153844,0.19230769230769232,0.6,0.09615384615384616,0.19230769230769232,0.3333333333333333,0.09615384615384616,0.07692307692307693,0.5555555555555556,0.019230769230769232,0.07692307692307693,0.2,0.019230769230769232,0.0,1.0
BTCUSDT,1h,DAILY_4H_1H,15,52,21.904601872384603,14.395329018547232,4.655798017840218,29.945800457055192,46.79106576357883,-16.987620375499066,-11.495493785563248,-46.03830425967248,5.1655649298568145,1.3812129168622178,0.5,7.076923076923077,6.0,33.951546189309205,0.5769230769230769,3.0,0.3076923076923077,7.5,0.09615384615384616,5.0,0.038461538461538464,5.0,0.019230769230769232,8.0,0.019230769230769232,13.0,0.0,,0.28846153846153844,0.19230769230769232,0.6,0.09615384615384616,0.19230769230769232,0.3333333333333333,0.09615384615384616,0.07692307692307693,0.5555555555555556,0.019230769230769232,0.07692307692307693,0.2,0.019230769230769232,0.0,1.0
BTCUSDT,1h,DAILY_4H_1H_15M,15,52,21.904601872384603,14.395329018547232,4.655798017840218,29.945800457055192,46.79106576357883,-16.987620375499066,-11.495493785563248,-46.03830425967248,5.1655649298568145,1.3812129168622178,0.5,7.076923076923077,6.0,33.951546189309205,0.5769230769230769,3.0,0.3076923076923077,7.5,0.09615384615384616,5.0,0.038461538461538464,5.0,0.019230769230769232,8.0,0.019230769230769232,13.0,0.0,,0.28846153846153844,0.19230769230769232,0.6,0.09615384615384616,0.19230769230769232,0.3333333333333333,0.09615384615384616,0.07692307692307693,0.5555555555555556,0.019230769230769232,0.07692307692307693,0.2,0.019230769230769232,0.0,1.0
BTCUSDT,1h,DAILY_ONLY,15,116,18.941022863607422,11.829439749196924,5.56663808408242,23.667679485235293,43.28434450192042,-19.2570920778462,-13.443741915912245,-49.312484890464695,-0.1700698726864952,-0.38993594949798815,0.49137931034482757,6.913793103448276,6.0,26.361191485937546,0.5431034482758621,3.0,0.21551724137931033,6.0,0.08620689655172414,5.0,0.04310344827586207,6.0,0.017241379310344827,7.0,0.008620689655172414,13.0,0.0,,0.20689655172413793,0.2672413793103448,0.43636363636363634,0.08620689655172414,0.27586206896551724,0.23809523809523808,0.08620689655172414,0.09482758620689655,0.47619047619047616,0.017241379310344827,0.09482758620689655,0.15384615384615385,0.017241379310344827,0.0,1.0
BTCUSDT,1h,FULL_ALIGNMENT,15,50,22.07767580260684,14.395329018547232,4.189441369122915,30.654389569738647,47.51986273837217,-16.43357316188969,-11.495493785563248,-41.62345431406911,5.698915626031733,1.3812129168622178,0.5,7.08,6.0,35.22857163193252,0.58,3.0,0.3,7.0,0.1,5.0,0.04,5.0,0.02,8.0,0.02,13.0,0.0,,0.28,0.18,0.6086956521739131,0.1,0.18,0.35714285714285715,0.1,0.06,0.625,0.02,0.06,0.25,0.02,0.0,1.0
BTCUSDT,1h,DAILY_4H,30,52,34.469204442562415,18.246828313635,6.94945226966448,35.907508560261704,96.3230884115005,-22.158196892208977,-13.827387619796404,-50.069248065898186,7.832402229944832,0.49366135839501446,0.5192307692307693,13.48076923076923,13.0,33.55349220982599,0.6730769230769231,4.0,0.36538461538461536,9.0,0.17307692307692307,15.0,0.15384615384615385,22.5,0.09615384615384616,17.0,0.057692307692307696,25.0,0.0,,0.34615384615384615,0.28846153846153844,0.5454545454545454,0.15384615384615385,0.34615384615384615,0.3076923076923077,0.15384615384615385,0.11538461538461539,0.5714285714285714,0.07692307692307693,0.11538461538461539,0.4,0.09615384615384616,0.0,1.0
BTCUSDT,1h,DAILY_4H_1H,30,52,34.469204442562415,18.246828313635,6.94945226966448,35.907508560261704,96.3230884115005,-22.158196892208977,-13.827387619796404,-50.069248065898186,7.832402229944832,0.49366135839501446,0.5192307692307693,13.48076923076923,13.0,33.55349220982599,0.6730769230769231,4.0,0.36538461538461536,9.0,0.17307692307692307,15.0,0.15384615384615385,22.5,0.09615384615384616,17.0,0.057692307692307696,25.0,0.0,,0.34615384615384615,0.28846153846153844,0.5454545454545454,0.15384615384615385,0.34615384615384615,0.3076923076923077,0.15384615384615385,0.11538461538461539,0.5714285714285714,0.07692307692307693,0.11538461538461539,0.4,0.09615384615384616,0.0,1.0
BTCUSDT,1h,DAILY_4H_1H_15M,30,52,34.469204442562415,18.246828313635,6.94945226966448,35.907508560261704,96.3230884115005,-22.158196892208977,-13.827387619796404,-50.069248065898186,7.832402229944832,0.49366135839501446,0.5192307692307693,13.48076923076923,13.0,33.55349220982599,0.6730769230769231,4.0,0.36538461538461536,9.0,0.17307692307692307,15.0,0.15384615384615385,22.5,0.09615384615384616,17.0,0.057692307692307696,25.0,0.0,,0.34615384615384615,0.28846153846153844,0.5454545454545454,0.15384615384615385,0.34615384615384615,0.3076923076923077,0.15384615384615385,0.11538461538461539,0.5714285714285714,0.07692307692307693,0.11538461538461539,0.4,0.09615384615384616,0.0,1.0
BTCUSDT,1h,DAILY_ONLY,30,116,27.964599887547255,15.868270439826082,6.928994611783423,29.763945863831577,73.66818277892651,-25.703755172626263,-17.38248517236418,-62.83746026691739,1.0319939217540155,-1.3472771901112957,0.4482758620689655,13.181034482758621,12.5,26.65033779889491,0.6551724137931034,4.5,0.33620689655172414,10.0,0.13793103448275862,10.0,0.10344827586206896,19.5,0.0603448275862069,17.0,0.02586206896551724,25.0,0.0,,0.3017241379310345,0.3275862068965517,0.4794520547945205,0.1206896551724138,0.3793103448275862,0.2413793103448276,0.1206896551724138,0.16379310344827586,0.42424242424242425,0.05172413793103448,0.16379310344827586,0.24,0.0603448275862069,0.017241379310344827,0.7777777777777778
BTCUSDT,1h,FULL_ALIGNMENT,30,50,35.14486247559176,18.246828313635,7.097904723024073,36.63488145268901,97.92714183994258,-21.695599093089466,-13.827387619796404,-49.972943575746775,8.975855800408185,0.49366135839501446,0.52,13.74,13.5,34.76232632201416,0.68,4.0,0.36,8.5,0.18,15.0,0.16,22.5,0.1,17.0,0.06,25.0,0.0,,0.34,0.28,0.5483870967741935,0.16,0.34,0.32,0.16,0.1,0.6153846153846154,0.08,0.1,0.4444444444444444,0.1,0.0,1.0
BTCUSDT,1h,DAILY_4H,60,52,49.15123670979063,21.274305203645703,9.317568823893897,62.66522321918488,159.15755779722986,-32.03023303491635,-19.922748145141945,-62.28226780359647,15.103879501498565,-2.300083123749075,0.4807692307692308,24.807692307692307,24.5,37.179470692525776,0.7307692307692307,5.0,0.46153846153846156,11.0,0.2692307692307692,18.5,0.21153846153846154,24.0,0.11538461538461539,21.5,0.11538461538461539,32.0,0.057692307692307696,43.0,0.40384615384615385,0.34615384615384615,0.5384615384615384,0.19230769230769232,0.4423076923076923,0.30303030303030304,0.23076923076923078,0.23076923076923078,0.5,0.09615384615384616,0.23076923076923078,0.29411764705882354,0.11538461538461539,0.057692307692307696,0.6666666666666666
BTCUSDT,1h,DAILY_4H_1H,60,52,49.15123670979063,21.274305203645703,9.317568823893897,62.66522321918488,159.15755779722986,-32.03023303491635,-19.922748145141945,-62.28226780359647,15.103879501498565,-2.300083123749075,0.4807692307692308,24.807692307692307,24.5,37.179470692525776,0.7307692307692307,5.0,0.46153846153846156,11.0,0.2692307692307692,18.5,0.21153846153846154,24.0,0.11538461538461539,21.5,0.11538461538461539,32.0,0.057692307692307696,43.0,0.40384615384615385,0.34615384615384615,0.5384615384615384,0.19230769230769232,0.4423076923076923,0.30303030303030304,0.23076923076923078,0.23076923076923078,0.5,0.09615384615384616,0.23076923076923078,0.29411764705882354,0.11538461538461539,0.057692307692307696,0.6666666666666666
BTCUSDT,1h,DAILY_4H_1H_15M,60,52,49.15123670979063,21.274305203645703,9.317568823893897,62.66522321918488,159.15755779722986,-32.03023303491635,-19.922748145141945,-62.28226780359647,15.103879501498565,-2.300083123749075,0.4807692307692308,24.807692307692307,24.5,37.179470692525776,0.7307692307692307,5.0,0.46153846153846156,11.0,0.2692307692307692,18.5,0.21153846153846154,24.0,0.11538461538461539,21.5,0.11538461538461539,32.0,0.057692307692307696,43.0,0.40384615384615385,0.34615384615384615,0.5384615384615384,0.19230769230769232,0.4423076923076923,0.30303030303030304,0.23076923076923078,0.23076923076923078,0.5,0.09615384615384616,0.23076923076923078,0.29411764705882354,0.11538461538461539,0.057692307692307696,0.6666666666666666
BTCUSDT,1h,DAILY_ONLY,60,116,39.47189421216181,20.843255760065738,9.049963030674512,42.78893299221099,99.9393267727644,-36.026289602961555,-20.644962316553883,-86.79299243821103,3.7401146623793298,-3.4552486184075137,0.45689655172413796,24.362068965517242,21.5,19.41421374667149,0.7155172413793104,6.0,0.43103448275862066,15.0,0.22413793103448276,19.5,0.15517241379310345,24.5,0.10344827586206896,26.5,0.05172413793103448,32.0,0.02586206896551724,43.0,0.3620689655172414,0.3793103448275862,0.4883720930232558,0.1724137931034483,0.45689655172413796,0.273972602739726,0.1896551724137931,0.25862068965517243,0.4230769230769231,0.07758620689655173,0.2672413793103448,0.225,0.10344827586206896,0.06896551724137931,0.6
BTCUSDT,1h,FULL_ALIGNMENT,60,50,50.4141760335091,21.274305203645703,9.672752584489741,63.644075275821606,167.54460094156178,-31.85171584504143,-19.922748145141945,-61.61832831058833,16.034638038813846,-2.300083123749075,0.48,25.52,26.0,38.599803463150394,0.74,4.0,0.46,11.0,0.28,18.5,0.22,24.0,0.12,21.5,0.12,32.0,0.06,43.0,0.4,0.34,0.5405405405405406,0.2,0.44,0.3125,0.24,0.22,0.5217391304347826,0.1,0.22,0.3125,0.12,0.06,0.6666666666666666
BTCUSDT,1h,DAILY_4H,120,52,64.08817080478404,31.650376268438364,12.401245789369074,84.79129303256227,174.92397960688263,-51.781632664512685,-36.113314584125256,-121.53609468904158,0.5938487915515454,-11.788253996273813,0.4423076923076923,49.42307692307692,39.0,5.161616955964437,0.8076923076923077,6.0,0.5961538461538461,14.0,0.36538461538461536,39.0,0.28846153846153844,27.0,0.19230769230769232,29.5,0.1346153846153846,37.0,0.07692307692307693,45.0,0.4807692307692308,0.4230769230769231,0.5319148936170213,0.23076923076923078,0.5384615384615384,0.3,0.28846153846153844,0.34615384615384615,0.45454545454545453,0.15384615384615385,0.36538461538461536,0.2962962962962963,0.19230769230769232,0.15384615384615385,0.5555555555555556
BTCUSDT,1h,DAILY_4H_1H,120,52,64.08817080478404,31.650376268438364,12.401245789369074,84.79129303256227,174.92397960688263,-51.781632664512685,-36.113314584125256,-121.53609468904158,0.5938487915515454,-11.788253996273813,0.4423076923076923,49.42307692307692,39.0,5.161616955964437,0.8076923076923077,6.0,0.5961538461538461,14.0,0.36538461538461536,39.0,0.28846153846153844,27.0,0.19230769230769232,29.5,0.1346153846153846,37.0,0.07692307692307693,45.0,0.4807692307692308,0.4230769230769231,0.5319148936170213,0.23076923076923078,0.5384615384615384,0.3,0.28846153846153844,0.34615384615384615,0.45454545454545453,0.15384615384615385,0.36538461538461536,0.2962962962962963,0.19230769230769232,0.15384615384615385,0.5555555555555556
BTCUSDT,1h,DAILY_4H_1H_15M,120,52,64.08817080478404,31.650376268438364,12.401245789369074,84.79129303256227,174.92397960688263,-51.781632664512685,-36.113314584125256,-121.53609468904158,0.5938487915515454,-11.788253996273813,0.4423076923076923,49.42307692307692,39.0,5.161616955964437,0.8076923076923077,6.0,0.5961538461538461,14.0,0.36538461538461536,39.0,0.28846153846153844,27.0,0.19230769230769232,29.5,0.1346153846153846,37.0,0.07692307692307693,45.0,0.4807692307692308,0.4230769230769231,0.5319148936170213,0.23076923076923078,0.5384615384615384,0.3,0.28846153846153844,0.34615384615384615,0.45454545454545453,0.15384615384615385,0.36538461538461536,0.2962962962962963,0.19230769230769232,0.15384615384615385,0.5555555555555556
BTCUSDT,1h,DAILY_ONLY,120,116,53.21590272002627,28.641388773733567,10.906847276412336,64.79831103483934,132.87595573272526,-53.17261928399079,-38.64119035457358,-138.7469744502462,-3.3337528362335243,-10.846287659222465,0.4224137931034483,50.189655172413794,39.0,6.057713680608025,0.7844827586206896,7.0,0.5431034482758621,22.0,0.3017241379310345,39.0,0.23275862068965517,43.0,0.16379310344827586,48.0,0.09482758620689655,45.0,0.04310344827586207,47.0,0.43103448275862066,0.4396551724137931,0.49504950495049505,0.19827586206896552,0.5431034482758621,0.26744186046511625,0.23275862068965517,0.35344827586206895,0.39705882352941174,0.12931034482758622,0.3706896551724138,0.25862068965517243,0.16379310344827586,0.16379310344827586,0.5
BTCUSDT,1h,FULL_ALIGNMENT,120,50,64.17168930683926,30.58487932651066,11.864996059495759,83.96763108670879,178.01989448566812,-52.187015623954004,-36.113314584125256,-124.62897502784675,0.26370330857348206,-11.788253996273813,0.44,46.78,37.5,5.228070522534912,0.8,6.0,0.58,14.0,0.36,29.5,0.28,26.0,0.2,29.5,0.14,37.0,0.08,45.0,0.48,0.42,0.5333333333333333,0.24,0.54,0.3076923076923077,0.3,0.34,0.46875,0.16,0.36,0.3076923076923077,0.2,0.16,0.5555555555555556
BTCUSDT,1h,DAILY_4H,240,52,85.84400534134024,44.01610599453986,21.12440291045403,95.08689032809048,182.2901620037618,-73.73273758081793,-51.084484238090866,-170.51434795039467,3.603806504387477,1.319391245745427,0.5192307692307693,96.32692307692308,79.5,6.065381018734116,0.8461538461538461,6.5,0.7115384615384616,30.0,0.4807692307692308,51.0,0.36538461538461536,50.0,0.23076923076923078,47.0,0.17307692307692307,42.0,0.07692307692307693,45.0,0.5,0.4423076923076923,0.5306122448979592,0.2692307692307692,0.5769230769230769,0.3181818181818182,0.38461538461538464,0.4423076923076923,0.46511627906976744,0.17307692307692307,0.5,0.2571428571428571,0.21153846153846154,0.2692307692307692,0.44
BTCUSDT,1h,DAILY_4H_1H,240,52,85.84400534134024,44.01610599453986,21.12440291045403,95.08689032809048,182.2901620037618,-73.73273758081793,-51.084484238090866,-170.51434795039467,3.603806504387477,1.319391245745427,0.5192307692307693,96.32692307692308,79.5,6.065381018734116,0.8461538461538461,6.5,0.7115384615384616,30.0,0.4807692307692308,51.0,0.36538461538461536,50.0,0.23076923076923078,47.0,0.17307692307692307,42.0,0.07692307692307693,45.0,0.5,0.4423076923076923,0.5306122448979592,0.2692307692307692,0.5769230769230769,0.3181818181818182,0.38461538461538464,0.4423076923076923,0.46511627906976744,0.17307692307692307,0.5,0.2571428571428571,0.21153846153846154,0.2692307692307692,0.44
BTCUSDT,1h,DAILY_4H_1H_15M,240,52,85.84400534134024,44.01610599453986,21.12440291045403,95.08689032809048,182.2901620037618,-73.73273758081793,-51.084484238090866,-170.51434795039467,3.603806504387477,1.319391245745427,0.5192307692307693,96.32692307692308,79.5,6.065381018734116,0.8461538461538461,6.5,0.7115384615384616,30.0,0.4807692307692308,51.0,0.36538461538461536,50.0,0.23076923076923078,47.0,0.17307692307692307,42.0,0.07692307692307693,45.0,0.5,0.4423076923076923,0.5306122448979592,0.2692307692307692,0.5769230769230769,0.3181818181818182,0.38461538461538464,0.4423076923076923,0.46511627906976744,0.17307692307692307,0.5,0.2571428571428571,0.21153846153846154,0.2692307692307692,0.44
BTCUSDT,1h,DAILY_ONLY,240,116,69.67286133501487,33.39438071705114,17.08824144424026,90.25903918494171,170.51627316215345,-77.041171434282,-49.65846075811797,-169.62234812656018,-11.434133707476457,-7.297988731366778,0.4482758620689655,90.94827586206897,74.0,4.769900451088061,0.8448275862068966,8.5,0.646551724137931,28.0,0.3879310344827586,43.0,0.3103448275862069,66.5,0.20689655172413793,56.0,0.12931034482758622,100.0,0.05172413793103448,72.5,0.47413793103448276,0.4827586206896552,0.4954954954954955,0.23275862068965517,0.6120689655172413,0.2755102040816326,0.3017241379310345,0.43103448275862066,0.4117647058823529,0.14655172413793102,0.47413793103448276,0.2361111111111111,0.19827586206896552,0.25,0.4423076923076923
BTCUSDT,1h,FULL_ALIGNMENT,240,50,86.18724208170171,40.08004420600675,20.873017535131268,97.89527256359564,183.28517015427173,-72.65171640143787,-51.084484238090866,-167.91724120358887,5.490100204325699,1.319391245745427,0.52,95.06,74.0,6.0849884416491955,0.84,6.0,0.7,30.0,0.46,44.0,0.36,49.5,0.24,47.0,0.18,42.0,0.08,45.0,0.5,0.44,0.5319148936170213,0.26,0.58,0.30952380952380953,0.38,0.44,0.4634146341463415,0.18,0.5,0.2647058823529412,0.22,0.26,0.4583333333333333
BTCUSDT,1m,DAILY_4H,15,4777,16.54956129402965,10.224421501017211,3.8696474527921687,21.407138082347732,38.85347306793197,-15.712703231526195,-10.404175234055568,-35.44292806143745,0.32006401202801865,-0.18390148073144097,0.4948712581117856,7.307933849696462,7.0,59.272631177615416,0.5072221059242202,4.0,0.2070337031609797,7.0,0.05819552020096295,9.0,0.022398995185262716,10.0,0.010676156583629894,10.0,0.002930709650408206,12.5,0.0006280092108017584,13.0,0.1963575465773498,0.17291186937408415,0.5317460317460317,0.05463680133975298,0.18296001674691229,0.22995594713656387,0.05756751099016119,0.044379317563324264,0.5646817248459959,0.010466820180029307,0.045844672388528365,0.18587360594795538,0.010676156583629894,0.007745446933221687,0.5795454545454546
BTCUSDT,1m,DAILY_4H_1H,15,2928,17.8242454925322,11.07527194359803,4.165123012064287,23.472554030221637,41.6360324716254,-16.672266933927343,-10.981716391003648,-37.13436642806334,0.5280649622900055,0.18977251021956576,0.5047814207650273,7.407445355191257,7.0,53.38185054805686,0.5341530054644809,4.0,0.22643442622950818,7.0,0.06967213114754098,8.5,0.02698087431693989,9.0,0.01331967213114754,10.0,0.003756830601092896,11.0,0.0010245901639344263,13.0,0.21311475409836064,0.1875,0.5319693094629157,0.06523224043715847,0.20081967213114754,0.24518613607188702,0.06864754098360656,0.049863387978142076,0.579250720461095,0.012978142076502733,0.05191256830601093,0.2,0.01331967213114754,0.010245901639344262,0.5652173913043478
BTCUSDT,1m,DAILY_4H_1H_15M,15,1608,20.005580679306647,12.033282376491261,4.471964413985674,25.965761417517385,47.44717448838285,-17.94671166172056,-11.968679241696755,-39.887961317500825,1.0444062508402454,-0.1929334701572527,0.4975124378109453,7.380597014925373,7.0,59.59414614638059,0.5665422885572139,4.0,0.26243781094527363,7.0,0.08893034825870647,8.0,0.03731343283582089,8.0,0.01927860696517413,10.0,0.006218905472636816,10.5,0.0018656716417910447,13.0,0.24502487562189054,0.20024875621890548,0.5502793296089385,0.08208955223880597,0.21828358208955223,0.2732919254658385,0.08706467661691543,0.05721393034825871,0.603448275862069,0.018656716417910446,0.060945273631840796,0.234375,0.01927860696517413,0.012437810945273632,0.6078431372549019
BTCUSDT,1m,DAILY_ONLY,15,8092,15.720771703730431,9.629745721392302,3.6460596344245477,20.288994797290073,36.73839014409277,-14.931122634972322,-9.94564203454118,-33.87023420993873,0.3579252060346481,-0.15658560286846424,0.49480968858131485,7.34453781512605,7.0,55.2582735797835,0.4894957983193277,4.0,0.189817103311913,7.0,0.05202669303015324,9.0,0.019896193771626297,10.0,0.009515570934256055,10.0,0.002471576866040534,11.5,0.0006178942165101335,12.0,0.18129016312407314,0.1615175481957489,0.5288392213410238,0.04893722194760257,0.17016806722689076,0.2233502538071066,0.05128521997034108,0.037815126050420166,0.5755894590846047,0.009391992090954029,0.03892733564013841,0.19437340153452684,0.009515570934256055,0.006549678695007415,0.5923076923076923
BTCUSDT,1m,FULL_ALIGNMENT,15,933,21.309595498838128,12.308553720803417,4.462173978823092,29.362586299310767,49.42038114092462,-18.804764440893408,-12.497309383905364,-40.56038385807592,1.3395173532630178,-0.8404773911585561,0.48767416934619506,7.106109324758842,6.0,60.90348745572117,0.5766345123258306,4.0,0.2958199356913183,7.0,0.09646302250803858,8.0,0.04180064308681672,8.0,0.021436227224008574,9.0,0.007502679528403001,11.0,0.0010718113612004287,2.0,0.27867095391211144,0.2090032154340836,0.5714285714285714,0.08896034297963558,0.2390139335476956,0.27124183006535946,0.09539121114683816,0.0632368703108253,0.6013513513513513,0.021436227224008574,0.06752411575562701,0.24096385542168675,0.021436227224008574,0.010718113612004287,0.6666666666666666
BTCUSDT,1m,DAILY_4H,30,4777,23.999879302314948,14.750445632798481,5.884263349593688,31.154983364163336,54.50226437420682,-22.953853549762474,-15.438359982112848,-53.19616522865389,0.6328802465837277,-0.04604744114344861,0.4980113041657944,14.28909357337241,14.0,55.24788204503498,0.6252878375549508,6.0,0.32363407996650617,12.0,0.11618170399832531,15.0,0.054008792128951225,17.0,0.026795059660875028,18.0,0.008792128951224618,20.0,0.0037680552648105504,22.5,0.2934896378480218,0.2761147163491731,0.5152517456817347,0.10090014653548252,0.3022817667992464,0.2502596053997923,0.11304165794431652,0.1040401925894913,0.5207328833172613,0.02553904123927151,0.10843625706510363,0.190625,0.02658572325727444,0.021352313167259787,0.5545851528384279
BTCUSDT,1m,DAILY_4H_1H,30,2928,26.177808053211674,16.31605351134713,6.542607101295284,33.67749831177602,59.971258788589445,-24.07630471157857,-16.25180761291145,-55.856913667023726,1.2317620885847156,0.24750561336439603,0.5047814207650273,14.476434426229508,14.0,51.474931950916975,0.655396174863388,5.0,0.3514344262295082,12.0,0.1362704918032787,15.0,0.06557377049180328,17.0,0.03278688524590164,19.0,0.01058743169398907,17.0,0.0047814207650273225,25.0,0.3165983606557377,0.2858606557377049,0.5255102040816326,0.11782786885245902,0.31693989071038253,0.27101335428122547,0.13183060109289618,0.11168032786885246,0.541374474053296,0.030737704918032786,0.11816939890710383,0.20642201834862386,0.03244535519125683,0.025614754098360656,0.5588235294117647
BTCUSDT,1m,DAILY_4H_1H_15M,30,1608,29.339463911295553,17.918614746621486,7.431190270442145,37.14757848361505,67.12759430795003,-25.82856672134714,-16.98812136085803,-59.34345863115087,1.7507931745481395,0.24679637042002156,0.5049751243781094,14.355099502487562,13.0,55.14506424223085,0.6853233830845771,5.0,0.3917910447761194,11.0,0.16728855721393035,14.0,0.08395522388059702,17.0,0.04415422885572139,17.0,0.014303482587064677,16.0,0.007462686567164179,26.0,0.35199004975124376,0.2904228855721393,0.547918683446273,0.14614427860696516,0.3351990049751244,0.30361757105943155,0.15982587064676618,0.12686567164179105,0.5574837310195228,0.04042288557213931,0.13619402985074627,0.22887323943661972,0.043532338308457715,0.029228855721393034,0.5982905982905983
BTCUSDT,1m,DAILY_ONLY,30,8092,22.74963176748519,14.133543834791151,5.5507635200519045,29.45374256969613,51.21487884537725,-21.773184280460963,-14.439657919252946,-49.38026211765667,0.3953407388210471,-0.19940139429242,0.495304003954523,14.286826495304004,13.5,50.819636532344326,0.6123331685615423,6.0,0.3061047948591201,12.0,0.10528917449332674,16.0,0.04733069698467622,17.0,0.023232822540781017,17.0,0.008032624814631736,22.0,0.002718734552644587,21.5,0.27990608007909046,0.2628521997034108,0.5157103825136612,0.09218981710331191,0.28670291646070195,0.24331376386170905,0.10207612456747404,0.09342560553633218,0.5221238938053098,0.02212061295106278,0.09651507661888285,0.18645833333333334,0.023109243697478993,0.017795353435491844,0.5649546827794562
BTCUSDT,1m,FULL_ALIGNMENT,30,933,31.848518593731512,19.391728239874784,7.657008697508072,40.62386295469622,76.22393369238983,-26.98084793549668,-18.187414309297488,-61.37505992329051,3.020723622062775,0.8578797861868992,0.5166130760986066,14.166130760986066,13.0,67.87929075328748,0.6913183279742765,5.0,0.42979635584137194,10.0,0.1864951768488746,15.0,0.10182207931404073,17.0,0.05359056806002144,17.5,0.01929260450160772,16.0,0.00857449088960343,26.0,0.3890675241157556,0.30010718113612006,0.5645412130637636,0.16505894962486603,0.3612004287245445,0.3136456211812627,0.1789924973204716,0.13933547695605572,0.5622895622895623,0.04930332261521972,0.14683815648445875,0.25136612021857924,0.05251875669882101,0.031082529474812434,0.6282051282051282
BTCUSDT,1m,DAILY_4H,60,4777,34.932062515734756,21.880988542373192,9.176241538035868,44.90424829407979,78.49883195005926,-33.33019948942848,-21.816194064293583,-77.04567743941304,0.35922179773210783,-0.4024200075902762,0.49445258530458447,28.455516014234874,27.0,55.02816342167452,0.7341427674272556,7.0,0.45216663177726607,18.0,0.21205777684739377,28.0,0.10718023864350011,30.0,0.06468494871258111,35.0,0.024073686414067406,40.0,0.010676156583629894,40.0,0.3822482729746703,0.3703160979694369,0.5079276773296245,0.1735398785848859,0.42830228176679924,0.2883478260869565,0.2007536110529621,0.19007745446933222,0.5136582753079807,0.05987021142976764,0.2009629474565627,0.22953451043338685,0.06384760309817877,0.0558928197613565,0.5332167832167832
BTCUSDT,1m,DAILY_4H_1H,60,2928,38.289464709387396,24.020177760284422,10.321050546197586,49.243674808703844,86.50518622129732,-34.92582293274144,-22.378419655601498,-81.93773435504815,0.5820747667346792,-0.4700070841495707,0.49351092896174864,28.60928961748634,27.0,60.72612751233832,0.7581967213114754,7.0,0.4812158469945355,17.0,0.24316939890710382,27.0,0.12397540983606557,29.0,0.07581967213114754,33.0,0.030054644808743168,39.5,0.014344262295081968,40.5,0.40334699453551914,0.36919398907103823,0.52210433244916,0.19774590163934427,0.4327185792349727,0.31365113759479957,0.2301912568306011,0.19740437158469945,0.5383386581469649,0.06967213114754098,0.21243169398907105,0.2469733656174334,0.07479508196721311,0.06523224043715847,0.5341463414634147
BTCUSDT,1m,DAILY_4H_1H_15M,60,1608,43.22608600562303,26.063012254083915,11.349641609229577,54.638859752526024,99.93322346648625,-37.2791213007681,-24.248660335635662,-86.45392635247805,1.694526167400888,-0.8845971631338267,0.4894278606965174,28.067164179104477,26.0,77.99040403747236,0.7786069651741293,6.0,0.5124378109452736,15.0,0.2835820895522388,25.5,0.15547263681592038,28.0,0.10012437810945274,33.0,0.04291044776119403,41.0,0.018034825870646767,42.0,0.42723880597014924,0.376865671641791,0.531322505800464,0.2269900497512438,0.4564676616915423,0.3321201091901729,0.26616915422885573,0.21393034825870647,0.5544041450777202,0.09017412935323384,0.2325870646766169,0.279383429672447,0.09825870646766169,0.0740049751243781,0.5703971119133574
BTCUSDT,1m,DAILY_ONLY,60,8092,32.990648651916956,20.875726017355323,8.57287625126213,42.65337551383863,74.00939271880773,-31.65832205972697,-21.084285106139355,-72.59835055911034,0.4548918402964534,-0.5664221822576643,0.4922145328719723,28.33910034602076,27.0,56.68297729466233,0.7182402372713791,8.0,0.43388531883341575,19.0,0.1962432031636184,28.0,0.09762728620860109,32.0,0.05758774097874444,35.0,0.021749876421156698,40.5,0.008526940187839841,38.0,0.3716015818091943,0.36492832427088484,0.5045302013422819,0.16176470588235295,0.416831438457736,0.2795813754805639,0.18573900148294611,0.175976272862086,0.5134950461223096,0.053509639149777556,0.18524468610973802,0.22412008281573498,0.05696984676223431,0.04807217004448838,0.5423529411764706
BTCUSDT,1m,FULL_ALIGNMENT,60,933,46.00214708333223,28.893270882708322,11.570031435557127,56.766493667583795,111.67715495709642,-38.51136172170507,-25.720817174457178,-86.24024657841423,1.6358743922932977,-2.8386782250244824,0.4737406216505895,27.105037513397644,26.0,97.71436639700875,0.77491961414791,5.0,0.5423365487674169,13.0,0.3065380493033226,25.0,0.17792068595927116,27.0,0.12004287245444802,33.0,0.04930332261521972,41.0,0.020364415862808145,33.0,0.45766345123258306,0.37727759914255093,0.5481386392811296,0.24866023579849947,0.4780278670953912,0.3421828908554572,0.2872454448017149,0.22293676312968919,0.5630252100840336,0.10718113612004287,0.24008574490889603,0.30864197530864196,0.11682743837084673,0.07181136120042872,0.6193181818181818
BTCUSDT,1m,DAILY_4H,120,4777,50.45286171246554,31.569415567425096,13.371771925925202,64.51038751718042,116.47469249358464,-47.8496790347057,-31.549157892070134,-110.0454443357377,0.2911947605700022,-1.2312420838545002,0.48838182960016746,55.60958760728491,52.0,60.22942593074511,0.8107598911450701,9.0,0.5819552020096295,26.0,0.34059032865815364,46.0,0.19698555578815155,56.0,0.13250994347917103,62.0,0.061754239062172915,73.0,0.029516432907682646,77.0,0.45049194054846137,0.44002512036843205,0.5058768218147626,0.25015700230270044,0.5325518107598911,0.31960417223856646,0.3098178773288675,0.29076826460121413,0.515859184384803,0.11701904961272766,0.3202846975088968,0.2675921493537578,0.12769520619635755,0.11555369478752354,0.5249569707401033
BTCUSDT,1m,DAILY_4H_1H,120,2928,55.47260540212806,35.69286664546701,15.316543800735216,68.71586864265589,129.89072210604584,-50.188979890404084,-33.01583231558935,-120.68489323398512,0.6140305823268887,-1.2166362424603783,0.4887295081967213,55.81693989071038,52.0,66.61995152947554,0.8278688524590164,8.0,0.6140710382513661,25.0,0.3790983606557377,44.0,0.22165300546448088,54.0,0.1489071038251366,59.5,0.07581967213114754,72.5,0.03927595628415301,79.0,0.47404371584699456,0.43101092896174864,0.5237735849056604,0.27629781420765026,0.524931693989071,0.34484228473998296,0.34494535519125685,0.2916666666666667,0.5418454935622318,0.1294398907103825,0.32889344262295084,0.28241430700447095,0.14275956284153005,0.13183060109289618,0.5199004975124378
BTCUSDT,1m,DAILY_4H_1H_15M,120,1608,62.345611874460324,37.74095500233665,16.32827330788622,79.2766008873891,148.2756155868996,-53.46272269738862,-35.58222192675598,-130.2620747857388,1.8258768679219801,-2.9382381907172572,0.47947761194029853,54.05410447761194,50.0,78.03001516832731,0.8407960199004975,7.0,0.6343283582089553,22.0,0.4141791044776119,39.5,0.26492537313432835,51.0,0.1822139303482587,56.0,0.09888059701492537,71.0,0.05099502487562189,79.5,0.486318407960199,0.4291044776119403,0.53125,0.2898009950248756,0.5379353233830846,0.3501126972201352,0.36629353233830847,0.30472636815920395,0.5458758109360519,0.15609452736318408,0.35074626865671643,0.3079754601226994,0.17164179104477612,0.14738805970149255,0.5380116959064327
BTCUSDT,1m,DAILY_ONLY,120,8092,47.85417099895037,30.39004297194614,12.72774842580926,61.95736704671606,110.27387197587802,-45.74891932280101,-30.55980644940226,-103.81063616907848,0.9913580785082696,-0.8173879816447682,0.49085516559565,55.836999505684624,53.0,64.34901340113599,0.7999258526940188,10.0,0.5679683638161147,28.0,0.3226643598615917,48.0,0.18672763222936234,58.0,0.12073652990608008,63.0,0.0546218487394958,73.0,0.025210084033613446,77.0,0.4430301532377657,0.4411764705882353,0.5010482180293501,0.23801285219970342,0.5294117647058824,0.3101449275362319,0.2934997528423134,0.27891744933267426,0.5127374784110535,0.10751359367276322,0.3032624814631735,0.26173285198555957,0.11739990113692536,0.1046712802768166,0.528658875904285
BTCUSDT,1m,FULL_ALIGNMENT,120,933,65.23559014769457,42.122621137590244,16.934780264485916,86.34529147982128,153.00282259777566,-54.74037734528551,-38.03442721415307,-129.48971092291205,4.220114538506076,0.009155086246881439,0.5005359056806002,54.160771704180064,48.0,101.08977093252946,0.8370846730975349,6.0,0.6645230439442658,19.0,0.44694533762057875,38.0,0.2904608788853162,46.0,0.2015005359056806,51.0,0.10718113612004287,65.0,0.05037513397642015,74.0,0.5123258306538049,0.4190782422293676,0.5500575373993095,0.31511254019292606,0.5466237942122186,0.3656716417910448,0.3912111468381565,0.3161843515541265,0.553030303030303,0.16934619506966775,0.36227224008574493,0.3185483870967742,0.18863879957127547,0.14683815648445875,0.5623003194888179
BTCUSDT,1m,DAILY_4H,240,4777,74.31109293585664,47.16926864624105,20.003870095470777,94.13094837238401,172.77915245596782,-68.44768724890966,-47.297928988070396,-158.88025334973267,1.4469344200523802,-1.9729553353264873,0.4848231107389575,110.50533807829181,101.0,60.49500516386551,0.870002093364036,11.0,0.6920661503035378,35.0,0.4762403181913335,70.0,0.3286581536529202,95.0,0.23299141720745237,104.0,0.12748586979275697,124.0,0.0770357965250157,140.0,0.48377642872095455,0.477496336612937,0.5032665505226481,0.3018630939920452,0.606447561230898,0.33233463931781515,0.404647268159933,0.3851789826250785,0.512324410283594,0.18672807201172284,0.4511199497592631,0.2927469642271086,0.2189658781662131,0.205359011932175,0.5160335471139615
BTCUSDT,1m,DAILY_4H_1H,240,2928,81.10682773779384,50.59352551283314,21.85198804156574,104.22384869743284,196.8572389239931,-71.34775474960318,-48.58047919689079,-168.50106093524863,1.333402921546247,-2.610243454154171,0.4805327868852459,108.58572404371584,98.0,69.87794618991147,0.8790983606557377,9.0,0.7137978142076503,31.0,0.5047814207650273,63.0,0.3582650273224044,90.0,0.2619535519125683,104.0,0.15539617486338797,124.0,0.09801912568306011,140.0,0.5020491803278688,0.4610655737704918,0.5212765957446809,0.3241120218579235,0.5942622950819673,0.35291930085533657,0.4344262295081967,0.3801229508196721,0.5333333333333333,0.20901639344262296,0.4542349726775956,0.31513903192584963,0.2455601092896175,0.2182377049180328,0.5294550810014728
BTCUSDT,1m,DAILY_4H_1H_15M,240,1608,90.84240308829568,56.65364091917979,22.53821084676588,119.7924693215613,215.17272618803895,-76.01442485998886,-52.12864567980202,-181.4073192355764,1.9008898380622823,-5.713356957202098,0.4577114427860697,105.05099502487562,93.0,77.34274969866671,0.8849502487562189,8.0,0.7251243781094527,27.0,0.5310945273631841,56.0,0.40049751243781095,81.0,0.30472636815920395,93.5,0.19029850746268656,116.0,0.11753731343283583,132.0,0.5074626865671642,0.45460199004975127,0.5274725274725275,0.3289800995024876,0.5982587064676617,0.35479543930248153,0.44402985074626866,0.39054726368159204,0.5320417287630402,0.2332089552238806,0.472636815920398,0.3303964757709251,0.2798507462686567,0.23756218905472637,0.5408653846153846
BTCUSDT,1m,DAILY_ONLY,240,8092,69.58284987170889,44.953161664077484,19.25790072415168,89.4065457524662,158.61517177757457,-65.44962794947651,-44.967199405409055,-149.72343421980682,1.9075066862113434,-1.4241893265748429,0.4893722194760257,110.34280771131982,103.0,65.63688353929633,0.8608502224419179,11.0,0.680919426594167,37.0,0.4598368759268413,73.0,0.31141868512110726,96.0,0.2161393969352447,107.0,0.11171527434503213,124.0,0.06426099851705389,138.5,0.47565496786950073,0.4804745427582798,0.49747964327258626,0.29139891250617894,0.6085022244191794,0.3238121395221093,0.39100346020761245,0.3756796836381611,0.5099935525467441,0.17795353435491842,0.4328966880869995,0.29132106008496866,0.2056351952545724,0.18919920909540286,0.5208137715179969
BTCUSDT,1m,FULL_ALIGNMENT,240,933,95.52745372955658,61.98160280807885,24.593480227477205,124.84797207974019,211.1019236303791,-76.4103121544145,-54.24711047975816,-174.40343000545266,4.687589626059742,-5.193106631788957,0.46516613076098606,104.85423365487674,94.0,85.73828908681215,0.8821007502679529,7.0,0.744908896034298,24.0,0.5734190782422294,56.0,0.43515541264737406,75.0,0.32261521972132906,85.0,0.20364415862808147,115.0,0.1189710610932476,132.0,0.5316184351554126,0.4405144694533762,0.5468577728776185,0.3515541264737406,0.5894962486602358,0.3735763097949886,0.47266881028938906,0.39978563772775993,0.5417690417690417,0.2465166130760986,0.4887459807073955,0.33527696793002915,0.2936763129689175,0.23687031082529475,0.5535353535353535
BTCUSDT,5m,DAILY_4H,15,958,16.56101842270362,10.006788402070477,3.5257734582072597,21.9150885239483,38.934531154744455,-16.13491120287434,-10.684193336024105,-36.3693824365835,-0.6220342283430014,-1.2216113692176123,0.4572025052192067,6.8528183716075155,6.0,68.4768282044808,0.5,4.0,0.20041753653444677,7.0,0.060542797494780795,8.0,0.021920668058455117,9.0,0.010438413361169102,9.0,0.005219206680584551,13.0,0.0010438413361169101,14.0,0.18789144050104384,0.17745302713987474,0.5142857142857142,0.05741127348643006,0.18893528183716074,0.2330508474576271,0.060542797494780795,0.05010438413361169,0.5471698113207547,0.010438413361169102,0.0511482254697286,0.1694915254237288,0.010438413361169102,0.009394572025052192,0.5263157894736842
BTCUSDT,5m,DAILY_4H_1H,15,570,18.403611759129184,11.4354467941713,3.978349200412512,23.31046511774959,42.039089387208705,-17.20013056013671,-11.912082441186133,-37.67590751637739,-0.4407719492265335,-1.4676009078656849,0.45789473684210524,6.882456140350877,6.0,86.05173439899134,0.5280701754385965,4.0,0.22105263157894736,6.0,0.07368421052631578,8.5,0.02982456140350877,9.0,0.014035087719298246,8.5,0.008771929824561403,13.0,0.0017543859649122807,14.0,0.21052631578947367,0.1736842105263158,0.547945205479452,0.07368421052631578,0.18771929824561404,0.28187919463087246,0.07368421052631578,0.056140350877192984,0.5675675675675675,0.014035087719298246,0.05789473684210526,0.1951219512195122,0.014035087719298246,0.015789473684210527,0.47058823529411764
BTCUSDT,5m,DAILY_4H_1H_15M,15,249,19.799487603283456,11.813249820082916,3.735127545110295,23.981544857656356,43.27461700388959,-19.912631079245426,-13.035223063423418,-45.59550847121341,-1.6969883654533138,-1.9580376071326455,0.42570281124497994,6.767068273092369,6.0,125.53665287637433,0.5381526104417671,4.0,0.23293172690763053,6.0,0.08433734939759036,8.0,0.028112449799196786,8.0,0.020080321285140562,9.0,0.012048192771084338,13.0,0.004016064257028112,14.0,0.21285140562248997,0.21686746987951808,0.4953271028037383,0.08433734939759036,0.2289156626506024,0.2692307692307692,0.08433734939759036,0.08032128514056225,0.5121951219512195,0.020080321285140562,0.08433734939759036,0.19230769230769232,0.020080321285140562,0.028112449799196786,0.4166666666666667
BTCUSDT,5m,DAILY_ONLY,15,1618,15.923023525060856,9.8132110884952,3.316158273772851,20.414102410718506,38.14156231694653,-15.508727724174172,-10.354169816778057,-34.270710644592974,-0.7580088268499281,-1.2971774818765214,0.4579728059332509,6.892459826946848,6.0,59.11580692197419,0.4932014833127318,4.0,0.18603213844252164,6.0,0.0550061804697157,8.0,0.021631644004944377,9.0,0.011124845488257108,9.0,0.003708281829419036,12.0,0.0006180469715698393,14.0,0.17676143386897405,0.15945611866501855,0.5257352941176471,0.05253399258343634,0.16872682323856614,0.23743016759776536,0.0550061804697157,0.046353522867737945,0.5426829268292683,0.011124845488257108,0.04697156983930779,0.19148936170212766,0.011124845488257108,0.00865265760197775,0.5625
BTCUSDT,5m,FULL_ALIGNMENT,15,249,19.799487603283456,11.813249820082916,3.735127545110295,23.981544857656356,43.27461700388959,-19.912631079245426,-13.035223063423418,-45.59550847121341,-1.6969883654533138,-1.9580376071326455,0.42570281124497994,6.767068273092369,6.0,125.53665287637433,0.5381526104417671,4.0,0.23293172690763053,6.0,0.08433734939759036,8.0,0.028112449799196786,8.0,0.020080321285140562,9.0,0.012048192771084338,13.0,0.004016064257028112,14.0,0.21285140562248997,0.21686746987951808,0.4953271028037383,0.08433734939759036,0.2289156626506024,0.2692307692307692,0.08433734939759036,0.08032128514056225,0.5121951219512195,0.020080321285140562,0.08433734939759036,0.19230769230769232,0.020080321285140562,0.028112449799196786,0.4166666666666667
BTCUSDT,5m,DAILY_4H,30,958,25.083309225811597,15.043807352684846,6.280974005809514,31.03644448627374,57.98825904847906,-23.084659708937405,-15.62383075844831,-51.123390329725126,-0.3139741356400317,-1.0349059363984336,0.48434237995824636,14.169102296450939,13.0,89.11573903187941,0.6367432150313153,5.0,0.32045929018789143,12.0,0.12317327766179541,16.0,0.054279749478079335,18.0,0.029227557411273485,19.5,0.011482254697286013,17.0,0.006263048016701462,18.0,0.2766179540709812,0.2849686847599165,0.49256505576208176,0.10855949895615867,0.31002087682672236,0.2593516209476309,0.12212943632567849,0.10125260960334029,0.5467289719626168,0.028183716075156576,0.10647181628392484,0.20930232558139536,0.029227557411273485,0.020876826722338204,0.5833333333333334
BTCUSDT,5m,DAILY_4H_1H,30,570,27.64849778011976,15.810385938020977,6.700635971099156,33.070340290801695,61.780553631145544,-24.89490986347407,-17.10056290526396,-52.360586893192895,-0.634476334761784,-2.719849549113751,0.44912280701754387,13.552631578947368,12.0,118.554868552226,0.6456140350877193,5.0,0.3385964912280702,10.0,0.1368421052631579,14.0,0.06842105263157895,18.0,0.042105263157894736,20.0,0.01929824561403509,17.0,0.010526315789473684,18.0,0.2964912280701754,0.29473684210526313,0.5014836795252225,0.12631578947368421,0.32280701754385965,0.28125,0.1368421052631579,0.10701754385964912,0.5611510791366906,0.04035087719298246,0.11403508771929824,0.26136363636363635,0.042105263157894736,0.02982456140350877,0.5853658536585366
BTCUSDT,5m,DAILY_4H_1H_15M,30,249,31.450606935774843,16.568806829928562,6.424222110497091,38.83199400469772,62.51552833050323,-27.91502141487451,-18.1683876878036,-57.93733952517077,0.3000462201430404,-2.327070420108379,0.4538152610441767,13.859437751004016,13.0,211.79365671005314,0.6586345381526104,5.0,0.3654618473895582,9.0,0.1646586345381526,14.0,0.07228915662650602,18.5,0.05622489959839357,21.0,0.024096385542168676,15.0,0.01606425702811245,16.5,0.2971887550200803,0.3413654618473896,0.46540880503144655,0.14859437751004015,0.357429718875502,0.29365079365079366,0.1646586345381526,0.14457831325301204,0.5324675324675324,0.05220883534136546,0.1566265060240964,0.25,0.05622489959839357,0.03614457831325301,0.6086956521739131
BTCUSDT,5m,DAILY_ONLY,30,1618,23.529326542536165,14.122361347245205,5.3981956308180035,29.768419526893798,53.62085524820004,-22.06782981526649,-14.959726568076203,-49.173081585229035,-0.294927852443576,-0.7381308214204907,0.48702101359703337,14.07849196538937,13.0,69.18980969016262,0.6161928306551298,6.0,0.3034610630407911,11.0,0.11557478368355995,16.0,0.050061804697156986,17.0,0.02533992583436341,18.0,0.009888751545117428,17.5,0.004326328800988875,19.0,0.27070457354758964,0.2620519159456119,0.5081206496519721,0.103831891223733,0.2867737948084054,0.26582278481012656,0.11495673671199011,0.09332509270704574,0.5519287833827893,0.024721878862793572,0.09641532756489493,0.20408163265306123,0.02533992583436341,0.021013597033374538,0.5466666666666666
BTCUSDT,5m,FULL_ALIGNMENT,30,249,31.450606935774843,16.568806829928562,6.424222110497091,38.83199400469772,62.51552833050323,-27.91502141487451,-18.1683876878036,-57.93733952517077,0.3000462201430404,-2.327070420108379,0.4538152610441767,13.859437751004016,13.0,211.79365671005314,0.6586345381526104,5.0,0.3654618473895582,9.0,0.1646586345381526,14.0,0.07228915662650602,18.5,0.05622489959839357,21.0,0.024096385542168676,15.0,0.01606425702811245,16.5,0.2971887550200803,0.3413654618473896,0.46540880503144655,0.14859437751004015,0.357429718875502,0.29365079365079366,0.1646586345381526,0.14457831325301204,0.5324675324675324,0.05220883534136546,0.1566265060240964,0.25,0.05622489959839357,0.03614457831325301,0.6086956521739131
BTCUSDT,5m,DAILY_4H,60,958,36.1764127705406,22.569689818469072,9.175627049743396,45.73503358653086,84.2635290680838,-33.44188234543848,-22.866022415101718,-72.00083844856798,-1.4406545490309055,-2.4213530565081465,0.477035490605428,27.65240083507307,25.0,42.08450913329692,0.7317327766179541,7.0,0.4561586638830898,18.0,0.22860125260960334,29.0,0.11586638830897704,31.0,0.06889352818371608,34.5,0.031315240083507306,37.0,0.013569937369519834,33.0,0.3736951983298539,0.3747390396659708,0.499302649930265,0.17745302713987474,0.42275574112734865,0.2956521739130435,0.21711899791231734,0.18893528183716074,0.5347043701799485,0.06680584551148225,0.20981210855949894,0.24150943396226415,0.06889352818371608,0.05219206680584551,0.5689655172413793
BTCUSDT,5m,DAILY_4H_1H,60,570,39.46775752134623,23.168663768680098,9.826425853698971,49.296090703611625,92.39888509772199,-36.25478652542317,-24.493386085085998,-78.00457716875297,-2.7012118195947967,-4.320594361464369,0.45087719298245615,26.719298245614034,23.0,34.71090368813072,0.7421052631578947,6.0,0.4666666666666667,17.0,0.24736842105263157,26.0,0.13508771929824562,30.0,0.08947368421052632,32.0,0.0456140350877193,33.0,0.01929824561403509,25.0,0.3824561403508772,0.3912280701754386,0.4943310657596372,0.1912280701754386,0.44912280701754387,0.29863013698630136,0.23508771929824562,0.20175438596491227,0.5381526104417671,0.08596491228070176,0.22631578947368422,0.2752808988764045,0.08947368421052632,0.06140350877192982,0.5930232558139535
BTCUSDT,5m,DAILY_4H_1H_15M,60,249,43.359618681504024,24.0434182629512,10.768960370821645,54.64967596450654,105.26287317867543,-39.17917208461054,-26.330337450061194,-81.25908540351001,-3.3725114216835257,-6.08576298179786,0.4497991967871486,26.779116465863453,24.0,27.261070904010406,0.7550200803212851,6.0,0.4859437751004016,16.0,0.2931726907630522,27.0,0.14056224899598393,30.0,0.10441767068273092,28.5,0.05622489959839357,33.0,0.020080321285140562,17.0,0.3654618473895582,0.43775100401606426,0.455,0.2248995983935743,0.46987951807228917,0.3236994219653179,0.27309236947791166,0.2289156626506024,0.544,0.0963855421686747,0.26506024096385544,0.26666666666666666,0.10441767068273092,0.07228915662650602,0.5909090909090909
BTCUSDT,5m,DAILY_ONLY,60,1618,33.934200516452655,21.32704823611831,8.620106973958874,43.06370298586937,75.55254195480639,-31.686848476436495,-21.389499649865364,-69.16834194918708,-0.6672540488852465,-1.0496226079104165,0.4888751545117429,28.196538936959207,27.0,40.61351442634168,0.7181705809641533,7.0,0.4468479604449938,19.0,0.21013597033374537,28.0,0.10135970333745364,31.0,0.05624227441285538,33.0,0.024103831891223733,32.0,0.011742892459826947,35.0,0.377008652657602,0.35970333745364647,0.511744966442953,0.1699629171817058,0.4054388133498146,0.2953813104189044,0.20210135970333745,0.16934487021013597,0.5440931780366056,0.054388133498145856,0.1841779975278121,0.22797927461139897,0.05624227441285538,0.04758961681087762,0.5416666666666666
BTCUSDT,5m,FULL_ALIGNMENT,60,249,43.359618681504024,24.0434182629512,10.768960370821645,54.64967596450654,105.26287317867543,-39.17917208461054,-26.330337450061194,-81.25908540351001,-3.3725114216835257,-6.08576298179786,0.4497991967871486,26.779116465863453,24.0,27.261070904010406,0.7550200803212851,6.0,0.4859437751004016,16.0,0.2931726907630522,27.0,0.14056224899598393,30.0,0.10441767068273092,28.5,0.05622489959839357,33.0,0.020080321285140562,17.0,0.3654618473895582,0.43775100401606426,0.455,0.2248995983935743,0.46987951807228917,0.3236994219653179,0.27309236947791166,0.2289156626506024,0.544,0.0963855421686747,0.26506024096385544,0.26666666666666666,0.10441767068273092,0.07228915662650602,0.5909090909090909
BTCUSDT,5m,DAILY_4H,120,958,50.20708357849024,32.29712452191169,12.98220602423239,63.3822019480651,115.81224806857286,-50.19068797685346,-32.209490768689285,-114.03244617024622,-4.871120244819207,-3.7597426124985622,0.46242171189979125,52.48329853862213,47.0,27.052428201977694,0.7995824634655533,9.0,0.5751565762004175,26.0,0.33611691022964507,44.0,0.19624217118997914,49.5,0.1304801670146138,53.0,0.061586638830897704,55.0,0.031315240083507306,70.0,0.4331941544885177,0.4603340292275574,0.4848130841121495,0.24112734864300625,0.5417536534446764,0.308,0.3037578288100209,0.2954070981210856,0.5069686411149826,0.11691022964509394,0.33611691022964507,0.25806451612903225,0.12839248434237996,0.12630480167014613,0.5040983606557377
BTCUSDT,5m,DAILY_4H_1H,120,570,55.539033752161075,35.317093127805734,13.052729922305438,67.54212133091741,129.1427528846756,-54.35004001629423,-35.863397695709565,-121.35160327066052,-6.86949360356823,-6.125071461415832,0.43508771929824563,51.43333333333333,46.0,20.986635649446516,0.8,7.0,0.5859649122807018,25.0,0.3684210526315789,47.5,0.22280701754385965,49.0,0.1543859649122807,49.5,0.08421052631578947,53.5,0.0456140350877193,70.0,0.44035087719298244,0.47719298245614034,0.47992351816443596,0.2649122807017544,0.5631578947368421,0.3199152542372881,0.3333333333333333,0.3140350877192982,0.5149051490514905,0.13859649122807016,0.35964912280701755,0.27816901408450706,0.15263157894736842,0.13157894736842105,0.5370370370370371
BTCUSDT,5m,DAILY_4H_1H_15M,120,249,62.18122919854757,37.463892124174336,12.393740521303709,71.71466800250714,165.09217124166005,-59.982699186817136,-41.08529001872419,-135.67563991482288,-10.596919873095025,-8.76401925543946,0.42168674698795183,48.34538152610442,43.0,7.111688711479585,0.7991967871485943,6.0,0.5943775100401606,22.0,0.40160642570281124,42.0,0.23293172690763053,49.0,0.1686746987951807,46.5,0.11646586345381527,63.0,0.05622489959839357,72.0,0.41767068273092367,0.5140562248995983,0.4482758620689655,0.28112449799196787,0.570281124497992,0.330188679245283,0.3534136546184739,0.3534136546184739,0.5,0.14457831325301204,0.42570281124497994,0.2535211267605634,0.1646586345381526,0.1566265060240964,0.5125
BTCUSDT,5m,DAILY_ONLY,120,1618,47.64098268697349,30.514299884327745,12.478904455052731,61.88181159840545,109.98478361904262,-46.84006764181578,-30.898712516785885,-105.92358115161137,-2.6686550406991243,-3.5525818000969878,0.46786155747836833,53.584054388133495,49.0,32.20586343686781,0.7929542645241038,9.0,0.5630407911001236,28.0,0.3207663782447466,45.0,0.18294190358467244,53.0,0.11557478368355995,61.0,0.05253399258343634,67.0,0.02781211372064277,70.0,0.43510506798516685,0.44437577255871447,0.4947294448348559,0.2360939431396786,0.5296662546353523,0.3083131557707829,0.29171817058096416,0.28059332509270707,0.509719222462203,0.10444993819530285,0.31396786155747836,0.24963072378138848,0.11372064276885044,0.1069221260815822,0.5154061624649859
BTCUSDT,5m,FULL_ALIGNMENT,120,249,62.18122919854757,37.463892124174336,12.393740521303709,71.71466800250714,165.09217124166005,-59.982699186817136,-41.08529001872419,-135.67563991482288,-10.596919873095025,-8.76401925543946,0.42168674698795183,48.34538152610442,43.0,7.111688711479585,0.7991967871485943,6.0,0.5943775100401606,22.0,0.40160642570281124,42.0,0.23293172690763053,49.0,0.1686746987951807,46.5,0.11646586345381527,63.0,0.05622489959839357,72.0,0.41767068273092367,0.5140562248995983,0.4482758620689655,0.28112449799196787,0.570281124497992,0.330188679245283,0.3534136546184739,0.3534136546184739,0.5,0.14457831325301204,0.42570281124497994,0.2535211267605634,0.1646586345381526,0.1566265060240964,0.5125
BTCUSDT,5m,DAILY_4H,240,958,72.61616434847693,45.26243815470288,19.05381765573255,93.04018939617853,170.82118636126427,-70.73853562703991,-49.28552368002326,-160.06936076809197,-2.5172913954955503,-5.0550543731470166,0.4613778705636743,103.70563674321504,91.5,25.734504039937615,0.8653444676409185,11.0,0.6805845511482255,34.0,0.47390396659707723,65.5,0.32150313152400833,94.0,0.2265135699373695,107.0,0.12212943632567849,119.0,0.07828810020876827,140.0,0.4718162839248434,0.49582463465553234,0.48759439050701187,0.29958246346555323,0.6085594989561587,0.32988505747126434,0.3977035490605428,0.3987473903966597,0.49934469200524245,0.17849686847599164,0.46659707724425886,0.2766990291262136,0.2150313152400835,0.2150313152400835,0.5
BTCUSDT,5m,DAILY_4H_1H,240,570,80.2199363786528,50.91500674245353,19.128016271331983,106.13045957334532,202.67764367314257,-75.02361408333071,-51.30116538594132,-177.34393816140903,-2.2095279152067877,-8.853383264303961,0.443859649122807,102.73333333333333,88.5,30.747869029938457,0.8631578947368421,9.0,0.6912280701754386,32.0,0.5070175438596491,62.0,0.35789473684210527,87.0,0.2596491228070175,96.0,0.16140350877192983,104.5,0.10526315789473684,134.5,0.47192982456140353,0.5052631578947369,0.4829443447037702,0.32105263157894737,0.6210526315789474,0.3407821229050279,0.4263157894736842,0.4017543859649123,0.5148305084745762,0.20350877192982456,0.47719298245614034,0.29896907216494845,0.24736842105263157,0.22105263157894736,0.5280898876404494
BTCUSDT,5m,DAILY_4H_1H_15M,240,249,87.65663213936482,54.18882427977279,19.176739970345746,113.46818703354744,225.30329329326867,-84.23623175122377,-55.02585266353499,-213.53336942585588,-6.16373533705698,-12.531099911599064,0.40963855421686746,99.15261044176707,75.0,9.80762391605874,0.8554216867469879,8.0,0.6746987951807228,26.0,0.5220883534136547,51.0,0.3815261044176707,88.0,0.27309236947791166,93.0,0.1927710843373494,87.0,0.12048192771084337,125.0,0.43775100401606426,0.5381526104417671,0.448559670781893,0.3293172690763052,0.6265060240963856,0.3445378151260504,0.43373493975903615,0.41767068273092367,0.5094339622641509,0.20080321285140562,0.5100401606425703,0.2824858757062147,0.2570281124497992,0.2570281124497992,0.5
BTCUSDT,5m,DAILY_ONLY,240,1618,69.89224738215201,44.42242216756487,19.077620892970494,92.2947704173127,158.6298310352343,-66.76896956604817,-45.79032297754249,-154.99735864293817,0.6706827660404655,-2.946025541288866,0.4783683559950556,106.49134734239803,94.0,38.29670847268368,0.861557478368356,11.0,0.6823238566131026,38.0,0.46662546353522866,71.0,0.31705809641532756,102.0,0.2218788627935723,118.0,0.11248454882571075,130.5,0.06613102595797281,130.0,0.47404202719406674,0.484548825710754,0.4945196647324307,0.29357231149567364,0.6013597033374537,0.3280386740331492,0.3912237330037083,0.3856613102595797,0.5035799522673031,0.17552533992583436,0.4431396786155748,0.2837162837162837,0.2126081582200247,0.1915945611866502,0.5259938837920489
BTCUSDT,5m,FULL_ALIGNMENT,240,249,87.65663213936482,54.18882427977279,19.176739970345746,113.46818703354744,225.30329329326867,-84.23623175122377,-55.02585266353499,-213.53336942585588,-6.16373533705698,-12.531099911599064,0.40963855421686746,99.15261044176707,75.0,9.80762391605874,0.8554216867469879,8.0,0.6746987951807228,26.0,0.5220883534136547,51.0,0.3815261044176707,88.0,0.27309236947791166,93.0,0.1927710843373494,87.0,0.12048192771084337,125.0,0.43775100401606426,0.5381526104417671,0.448559670781893,0.3293172690763052,0.6265060240963856,0.3445378151260504,0.43373493975903615,0.41767068273092367,0.5094339622641509,0.20080321285140562,0.5100401606425703,0.2824858757062147,0.2570281124497992,0.2570281124497992,0.5
ETHUSDT,15m,DAILY_4H,15,314,27.303180960946108,16.107691455801152,6.98063750636746,35.81942279829775,60.694986388791335,-24.596290352897125,-16.784473718696738,-57.27687657888991,-0.08573557196661816,-2.4989421178717164,0.4554140127388535,6.388535031847134,5.0,14.976292145763212,0.6528662420382165,3.0,0.35987261146496813,5.0,0.1592356687898089,7.5,0.06050955414012739,8.0,0.03821656050955414,8.0,0.01592356687898089,5.0,0.006369426751592357,9.5,0.31210191082802546,0.28662420382165604,0.5212765957446809,0.1305732484076433,0.3248407643312102,0.2867132867132867,0.14968152866242038,0.12738853503184713,0.5402298850574713,0.03184713375796178,0.13694267515923567,0.18867924528301888,0.03821656050955414,0.022292993630573247,0.631578947368421
ETHUSDT,15m,DAILY_4H_1H,15,148,32.70806682052262,21.280026304082433,8.425382601420782,41.42215238232883,71.08917057001895,-28.765516565265358,-18.783411898297686,-69.75678013117582,-0.06880246734201158,-1.2558736518669678,0.4797297297297297,6.743243243243243,5.5,16.35679609840733,0.6959459459459459,2.0,0.4594594594594595,5.0,0.1891891891891892,8.5,0.08108108108108109,8.0,0.05405405405405406,9.5,0.02027027027027027,4.0,0.006756756756756757,4.0,0.3716216216216216,0.31756756756756754,0.5392156862745098,0.13513513513513514,0.38513513513513514,0.2597402597402597,0.16891891891891891,0.16891891891891891,0.5,0.04054054054054054,0.1891891891891892,0.17647058823529413,0.05405405405405406,0.04054054054054054,0.5714285714285714
ETHUSDT,15m,DAILY_4H_1H_15M,15,148,32.70806682052262,21.280026304082433,8.425382601420782,41.42215238232883,71.08917057001895,-28.765516565265358,-18.783411898297686,-69.75678013117582,-0.06880246734201158,-1.2558736518669678,0.4797297297297297,6.743243243243243,5.5,16.35679609840733,0.6959459459459459,2.0,0.4594594594594595,5.0,0.1891891891891892,8.5,0.08108108108108109,8.0,0.05405405405405406,9.5,0.02027027027027027,4.0,0.006756756756756757,4.0,0.3716216216216216,0.31756756756756754,0.5392156862745098,0.13513513513513514,0.38513513513513514,0.2597402597402597,0.16891891891891891,0.16891891891891891,0.5,0.04054054054054054,0.1891891891891892,0.17647058823529413,0.05405405405405406,0.04054054054054054,0.5714285714285714
ETHUSDT,15m,DAILY_ONLY,15,559,27.022645804992216,16.197471776291383,6.86948829028311,36.83608066877065,64.67351997850776,-23.673037172987183,-16.569265193214775,-54.58165874320198,-0.04602993297618119,-2.4195392220627276,0.46153846153846156,6.282647584973167,5.0,19.31935389793056,0.6511627906976745,2.0,0.3595706618962433,5.0,0.1592128801431127,8.0,0.06976744186046512,8.0,0.03756708407871199,9.0,0.01073345259391771,5.0,0.0035778175313059034,9.5,0.3220035778175313,0.27191413237924866,0.5421686746987951,0.13774597495527727,0.31305903398926654,0.3055555555555556,0.15384615384615385,0.10912343470483005,0.5850340136054422,0.03398926654740608,0.11627906976744186,0.2261904761904762,0.03756708407871199,0.016100178890876567,0.7
ETHUSDT,15m,FULL_ALIGNMENT,15,138,32.8820560627415,21.078509323766426,8.005971931085432,42.144613752806976,71.35975912535407,-29.784376328871648,-19.933030013526974,-72.6962965220107,-0.9087406361165947,-2.3806714545787644,0.463768115942029,6.659420289855072,5.5,14.684346701923133,0.6811594202898551,2.0,0.4420289855072464,5.0,0.1956521739130435,8.0,0.08695652173913043,8.0,0.057971014492753624,9.5,0.021739130434782608,4.0,0.007246376811594203,4.0,0.35507246376811596,0.32608695652173914,0.5212765957446809,0.13768115942028986,0.391304347826087,0.2602739726027397,0.17391304347826086,0.18115942028985507,0.4897959183673469,0.043478260869565216,0.2028985507246377,0.17647058823529413,0.057971014492753624,0.043478260869565216,0.5714285714285714
ETHUSDT,15m,DAILY_4H,30,314,36.74351222440103,22.61644050714939,10.162534974356152,46.93685503443123,89.19214525454233,-35.323431742539746,-22.813697418290758,-84.97268760429132,-2.374821109285449,-2.465175091123095,0.46496815286624205,12.78343949044586,11.0,11.876063135642424,0.7547770700636943,3.0,0.48089171974522293,7.0,0.23248407643312102,10.0,0.12738853503184713,17.0,0.07006369426751592,14.0,0.03184713375796178,17.0,0.009554140127388535,15.0,0.3885350318471338,0.37261146496815284,0.5104602510460251,0.1751592356687898,0.4299363057324841,0.2894736842105263,0.21019108280254778,0.19745222929936307,0.515625,0.06369426751592357,0.22929936305732485,0.21739130434782608,0.07006369426751592,0.06369426751592357,0.5238095238095238
ETHUSDT,15m,DAILY_4H_1H,30,148,42.19908833201708,28.681056001009786,14.037096638936376,54.79676498510999,89.57066648030244,-42.90412157901157,-26.864566564214208,-108.77744642049858,-6.764005272487389,-3.2172738191271755,0.46621621621621623,12.68918918918919,11.5,11.433762093946001,0.8175675675675675,3.0,0.5608108108108109,7.0,0.27702702702702703,12.0,0.14864864864864866,13.5,0.06756756756756757,10.0,0.04054054054054054,17.0,0.013513513513513514,15.5,0.4391891891891892,0.38513513513513514,0.5327868852459017,0.19594594594594594,0.46621621621621623,0.29591836734693877,0.25,0.25,0.5,0.05405405405405406,0.3108108108108108,0.14814814814814814,0.06756756756756757,0.11486486486486487,0.37037037037037035
ETHUSDT,15m,DAILY_4H_1H_15M,30,148,42.19908833201708,28.681056001009786,14.037096638936376,54.79676498510999,89.57066648030244,-42.90412157901157,-26.864566564214208,-108.77744642049858,-6.764005272487389,-3.2172738191271755,0.46621621621621623,12.68918918918919,11.5,11.433762093946001,0.8175675675675675,3.0,0.5608108108108109,7.0,0.27702702702702703,12.0,0.14864864864864866,13.5,0.06756756756756757,10.0,0.04054054054054054,17.0,0.013513513513513514,15.5,0.4391891891891892,0.38513513513513514,0.5327868852459017,0.19594594594594594,0.46621621621621623,0.29591836734693877,0.25,0.25,0.5,0.05405405405405406,0.3108108108108108,0.14814814814814814,0.06756756756756757,0.11486486486486487,0.37037037037037035
ETHUSDT,15m,DAILY_ONLY,30,559,36.561157542690346,22.512370343772403,9.636933664161074,47.81908254310685,86.61660759363696,-33.57887160129639,-22.56621063223885,-77.14761365048271,-1.4151144597569592,-2.6875507275203603,0.46332737030411447,12.581395348837209,11.0,16.40939594911038,0.7423971377459749,3.0,0.47584973166368516,7.0,0.23076923076923078,10.0,0.12701252236135957,14.0,0.06976744186046512,14.0,0.03220035778175313,21.0,0.008944543828264758,24.0,0.3953488372093023,0.3559928443649374,0.5261904761904762,0.18425760286225404,0.4221824686940966,0.30383480825958703,0.21645796064400716,0.18425760286225404,0.5401785714285714,0.06618962432915922,0.2110912343470483,0.23870967741935484,0.06976744186046512,0.055456171735241505,0.5571428571428572
ETHUSDT,15m,FULL_ALIGNMENT,30,138,42.418373873948745,27.129288629906824,13.41959228562728,54.9516064349187,90.49835241610671,-44.61413053512502,-27.407083236818394,-115.18764366364232,-8.289292981199328,-4.292954464143461,0.4492753623188406,12.528985507246377,10.5,9.023746863612073,0.8115942028985508,3.0,0.5362318840579711,6.5,0.2826086956521739,10.0,0.15942028985507245,13.5,0.07246376811594203,10.0,0.043478260869565216,17.0,0.014492753623188406,15.5,0.41304347826086957,0.39855072463768115,0.5089285714285714,0.1956521739130435,0.4782608695652174,0.2903225806451613,0.2536231884057971,0.2608695652173913,0.49295774647887325,0.057971014492753624,0.32608695652173914,0.1509433962264151,0.07246376811594203,0.12318840579710146,0.37037037037037035
ETHUSDT,15m,DAILY_4H,60,314,51.67210961335335,33.86872237536976,13.822564910092595,68.40384710681879,115.50165137136092,-50.15685864182616,-32.434428545851105,-122.57957946703534,-6.635388721179259,-9.886054873407545,0.42038216560509556,24.754777070063696,22.0,11.973976202781389,0.8152866242038217,4.0,0.5987261146496815,10.5,0.3535031847133758,18.0,0.21656050955414013,23.0,0.14012738853503184,27.5,0.06687898089171974,31.0,0.03503184713375796,35.0,0.43630573248407645,0.4426751592356688,0.4963768115942029,0.2515923566878981,0.5318471337579618,0.32113821138211385,0.3089171974522293,0.2929936305732484,0.5132275132275133,0.12101910828025478,0.3343949044585987,0.26573426573426573,0.13694267515923567,0.1337579617834395,0.5058823529411764
ETHUSDT,15m,DAILY_4H_1H,60,148,58.37835864219497,40.28435044081347,20.21120253949904,72.71892416610416,124.56981633788814,-60.9753048035477,-40.59668199075995,-135.8763585442253,-13.673592679822427,-15.528591796082347,0.41216216216216217,24.175675675675677,21.0,10.960648737968025,0.8513513513513513,3.0,0.6756756756756757,8.5,0.38513513513513514,16.0,0.24324324324324326,21.5,0.14189189189189189,32.0,0.07432432432432433,30.0,0.04054054054054054,35.0,0.49324324324324326,0.4391891891891892,0.5289855072463768,0.2635135135135135,0.5675675675675675,0.3170731707317073,0.3310810810810811,0.36486486486486486,0.47572815533980584,0.11486486486486487,0.4391891891891892,0.2073170731707317,0.13513513513513514,0.20945945945945946,0.39215686274509803
ETHUSDT,15m,DAILY_4H_1H_15M,60,148,58.37835864219497,40.28435044081347,20.21120253949904,72.71892416610416,124.56981633788814,-60.9753048035477,-40.59668199075995,-135.8763585442253,-13.673592679822427,-15.528591796082347,0.41216216216216217,24.175675675675677,21.0,10.960648737968025,0.8513513513513513,3.0,0.6756756756756757,8.5,0.38513513513513514,16.0,0.24324324324324326,21.5,0.14189189189189189,32.0,0.07432432432432433,30.0,0.04054054054054054,35.0,0.49324324324324326,0.4391891891891892,0.5289855072463768,0.2635135135135135,0.5675675675675675,0.3170731707317073,0.3310810810810811,0.36486486486486486,0.47572815533980584,0.11486486486486487,0.4391891891891892,0.2073170731707317,0.13513513513513514,0.20945945945945946,0.39215686274509803
ETHUSDT,15m,DAILY_ONLY,60,559,51.86385812796945,33.746794054565484,13.462006161339968,67.76211709994762,121.91272301500832,-46.48431108293597,-31.2510731824589,-115.71592649007046,-2.0231655020529526,-6.556998095136324,0.44543828264758495,24.481216457960645,21.0,15.40345525033445,0.8067978533094812,3.0,0.590339892665474,10.0,0.34525939177101966,17.0,0.2110912343470483,22.5,0.13595706618962433,26.5,0.06976744186046512,33.0,0.03220035778175313,34.5,0.4490161001788909,0.4293381037567084,0.5112016293279023,0.2504472271914132,0.518783542039356,0.32558139534883723,0.3094812164579606,0.26654740608228983,0.5372670807453416,0.12164579606440072,0.3005366726296959,0.288135593220339,0.13237924865831843,0.11449016100178891,0.5362318840579711
ETHUSDT,15m,FULL_ALIGNMENT,60,138,59.010362788691424,40.00342348294717,18.549136250959886,77.80134047039644,124.5698163378881,-62.28256554514644,-45.801777578899916,-135.8763585442253,-14.039661475668655,-17.0911982094607,0.391304347826087,24.159420289855074,20.5,6.377301539552012,0.8478260869565217,3.0,0.6594202898550725,8.0,0.391304347826087,15.5,0.2536231884057971,21.0,0.14492753623188406,27.5,0.07971014492753623,30.0,0.043478260869565216,35.0,0.47101449275362317,0.45652173913043476,0.5078125,0.2608695652173913,0.5869565217391305,0.3076923076923077,0.3333333333333333,0.3695652173913043,0.4742268041237113,0.11594202898550725,0.4492753623188406,0.20512820512820512,0.13768115942028986,0.21739130434782608,0.3877551020408163
ETHUSDT,15m,DAILY_4H,120,314,71.13729440893181,43.29509116154373,18.24278522476408,96.16473574341644,166.97802800309054,-72.22501300623851,-51.84692861046058,-157.41722807231594,-6.26740936934711,-13.405134868839097,0.39490445859872614,46.531847133757964,36.0,6.656617649814888,0.8439490445859873,4.0,0.6687898089171974,13.0,0.46178343949044587,30.0,0.33121019108280253,43.0,0.24203821656050956,48.0,0.1337579617834395,60.5,0.0732484076433121,71.0,0.4681528662420382,0.48089171974522293,0.49328859060402686,0.3057324840764331,0.5987261146496815,0.3380281690140845,0.3853503184713376,0.40445859872611467,0.4879032258064516,0.1910828025477707,0.4745222929936306,0.28708133971291866,0.2356687898089172,0.22611464968152867,0.5103448275862069
ETHUSDT,15m,DAILY_4H_1H,120,148,79.93359469668077,54.874185710014345,22.124331838618836,98.32167426888694,181.36238330449893,-82.0649906382902,-65.92537921871589,-172.3973687144883,-8.158755455147576,-18.48778836118725,0.3783783783783784,44.88513513513514,33.0,10.977591303610346,0.8716216216216216,3.0,0.7297297297297297,10.0,0.5135135135135135,26.5,0.36486486486486486,43.0,0.24324324324324326,55.0,0.1554054054054054,63.0,0.08783783783783784,80.0,0.5135135135135135,0.4594594594594595,0.5277777777777778,0.3310810810810811,0.6081081081081081,0.35251798561151076,0.42567567567567566,0.47297297297297297,0.47368421052631576,0.18243243243243243,0.581081081081081,0.23893805309734514,0.23648648648648649,0.30405405405405406,0.4375
ETHUSDT,15m,DAILY_4H_1H_15M,120,148,79.93359469668077,54.874185710014345,22.124331838618836,98.32167426888694,181.36238330449893,-82.0649906382902,-65.92537921871589,-172.3973687144883,-8.158755455147576,-18.48778836118725,0.3783783783783784,44.88513513513514,33.0,10.977591303610346,0.8716216216216216,3.0,0.7297297297297297,10.0,0.5135135135135135,26.5,0.36486486486486486,43.0,0.24324324324324326,55.0,0.1554054054054054,63.0,0.08783783783783784,80.0,0.5135135135135135,0.4594594594594595,0.5277777777777778,0.3310810810810811,0.6081081081081081,0.35251798561151076,0.42567567567567566,0.47297297297297297,0.47368421052631576,0.18243243243243243,0.581081081081081,0.23893805309734514,0.23648648648648649,0.30405405405405406,0.4375
ETHUSDT,15m,DAILY_ONLY,120,559,71.0095645741373,44.17323985825394,18.896545758636528,90.3167142439787,164.90673850949864,-67.76900995848513,-45.50571936850489,-154.5384256864537,-3.927006033056354,-9.288638689867179,0.4329159212880143,47.914132379248656,39.0,19.12412325964234,0.8461538461538461,4.0,0.6762075134168157,12.5,0.4561717352415027,30.0,0.3094812164579606,38.0,0.22361359570661896,44.0,0.12880143112701253,53.0,0.07513416815742398,68.0,0.4847942754919499,0.46511627906976744,0.5103578154425612,0.3094812164579606,0.5849731663685152,0.346,0.3935599284436494,0.3756708407871199,0.5116279069767442,0.18425760286225404,0.43828264758497315,0.2959770114942529,0.21645796064400716,0.19141323792486584,0.5307017543859649
ETHUSDT,15m,FULL_ALIGNMENT,120,138,81.144112809682,54.874185710014345,21.34298364082632,99.31252981521588,188.90366075536267,-83.20160598002103,-67.81680509132804,-170.61993959295586,-7.628728970054413,-21.62307352845061,0.3695652173913043,45.43478260869565,34.5,6.594853050762771,0.8695652173913043,3.0,0.717391304347826,10.0,0.5144927536231884,24.0,0.3695652173913043,42.0,0.2463768115942029,55.0,0.15942028985507245,60.5,0.09420289855072464,80.0,0.4927536231884058,0.4782608695652174,0.5074626865671642,0.3188405797101449,0.6231884057971014,0.3384615384615385,0.42028985507246375,0.4855072463768116,0.464,0.18115942028985507,0.6014492753623188,0.23148148148148148,0.2391304347826087,0.30434782608695654,0.44
ETHUSDT,15m,DAILY_4H,240,314,106.16055919168711,67.15247590286744,26.679286109038692,128.3572615091466,258.1618805027798,-99.16234269448314,-71.17836614721374,-203.05917753807944,1.7125569923240191,-12.155897985512976,0.4426751592356688,101.78980891719745,85.5,5.564803937323503,0.8980891719745223,5.0,0.7579617834394905,17.5,0.5796178343949044,40.0,0.4681528662420382,66.0,0.35987261146496813,85.0,0.2229299363057325,101.0,0.14012738853503184,109.5,0.49363057324840764,0.5031847133757962,0.4952076677316294,0.3343949044585987,0.6273885350318471,0.347682119205298,0.4299363057324841,0.4713375796178344,0.47703180212014135,0.24522292993630573,0.5828025477707006,0.29615384615384616,0.3184713375796178,0.33121019108280253,0.49019607843137253
ETHUSDT,15m,DAILY_4H_1H,240,148,124.54503108292704,80.25735328982876,32.624496769994565,155.09023404476517,296.30362406212606,-107.89424634361697,-84.01644085630377,-216.35482553783623,7.548990528493804,-17.387901656931714,0.43243243243243246,103.87837837837837,91.5,8.384998736463155,0.918918918918919,4.0,0.7972972972972973,11.0,0.6351351351351351,38.0,0.5135135135135135,65.0,0.3716216216216216,85.0,0.2702702702702703,101.0,0.1891891891891892,129.5,0.5202702702702703,0.4797297297297297,0.5202702702702703,0.36486486486486486,0.6283783783783784,0.3673469387755102,0.46621621621621623,0.4864864864864865,0.48936170212765956,0.23648648648648649,0.6486486486486487,0.26717557251908397,0.3108108108108108,0.40540540540540543,0.4339622641509434
ETHUSDT,15m,DAILY_4H_1H_15M,240,148,124.54503108292704,80.25735328982876,32.624496769994565,155.09023404476517,296.30362406212606,-107.89424634361697,-84.01644085630377,-216.35482553783623,7.548990528493804,-17.387901656931714,0.43243243243243246,103.87837837837837,91.5,8.384998736463155,0.918918918918919,4.0,0.7972972972972973,11.0,0.6351351351351351,38.0,0.5135135135135135,65.0,0.3716216216216216,85.0,0.2702702702702703,101.0,0.1891891891891892,129.5,0.5202702702702703,0.4797297297297297,0.5202702702702703,0.36486486486486486,0.6283783783783784,0.3673469387755102,0.46621621621621623,0.4864864864864865,0.48936170212765956,0.23648648648648649,0.6486486486486487,0.26717557251908397,0.3108108108108108,0.40540540540540543,0.4339622641509434
ETHUSDT,15m,DAILY_ONLY,240,559,104.07234374252855,65.77036837859707,27.35478416550641,130.36215700943154,245.21051799328617,-95.84865295876365,-66.43220007815475,-203.35799524282595,4.9386455461270415,-7.031531834497118,0.46332737030411447,104.1520572450805,91.0,19.646851920090434,0.8998211091234347,4.0,0.7620751341681574,18.0,0.5778175313059034,42.0,0.4543828264758497,65.5,0.3416815742397138,82.0,0.21645796064400716,99.0,0.14311270125223613,111.0,0.5026833631484794,0.4883720930232558,0.5072202166064982,0.33810375670840787,0.6225402504472272,0.35195530726256985,0.44364937388193204,0.4561717352415027,0.49304174950298213,0.24329159212880144,0.5670840787119857,0.30022075055187636,0.3076923076923077,0.3023255813953488,0.5043988269794721
ETHUSDT,15m,FULL_ALIGNMENT,240,138,125.3098586893595,80.25735328982876,31.93076988067589,153.91959165641066,305.327611345916,-109.31095039242018,-90.09062345023189,-215.4619297909901,7.522923008842837,-18.292455994598498,0.42028985507246375,103.26811594202898,91.5,8.360257731579042,0.9202898550724637,4.0,0.7898550724637681,11.0,0.6376811594202898,36.5,0.5144927536231884,62.0,0.36231884057971014,79.5,0.26811594202898553,100.0,0.18840579710144928,118.5,0.5,0.5,0.5,0.34782608695652173,0.644927536231884,0.35036496350364965,0.45652173913043476,0.5,0.4772727272727273,0.21739130434782608,0.6666666666666666,0.2459016393442623,0.2971014492753623,0.41304347826086957,0.41836734693877553
ETHUSDT,1h,DAILY_4H,15,55,29.39504059790445,21.830716200688105,6.622172343108135,37.031064988735096,72.10216418298155,-25.290778509876233,-18.404634581106194,-65.73232790700723,1.3865082047023098,0.04722795517331235,0.509090909090909,8.218181818181819,9.0,25.71981063954955,0.6727272727272727,2.0,0.4727272727272727,6.0,0.2,6.0,0.10909090909090909,10.5,0.05454545454545454,13.0,0.0,,0.0,,0.43636363636363634,0.2545454545454545,0.631578947368421,0.2,0.2727272727272727,0.4230769230769231,0.2,0.12727272727272726,0.6111111111111112,0.05454545454545454,0.14545454545454545,0.2727272727272727,0.05454545454545454,0.01818181818181818,0.75
ETHUSDT,1h,DAILY_4H_1H,15,55,29.39504059790445,21.830716200688105,6.622172343108135,37.031064988735096,72.10216418298155,-25.290778509876233,-18.404634581106194,-65.73232790700723,1.3865082047023098,0.04722795517331235,0.509090909090909,8.218181818181819,9.0,25.71981063954955,0.6727272727272727,2.0,0.4727272727272727,6.0,0.2,6.0,0.10909090909090909,10.5,0.05454545454545454,13.0,0.0,,0.0,,0.43636363636363634,0.2545454545454545,0.631578947368421,0.2,0.2727272727272727,0.4230769230769231,0.2,0.12727272727272726,0.6111111111111112,0.05454545454545454,0.14545454545454545,0.2727272727272727,0.05454545454545454,0.01818181818181818,0.75
ETHUSDT,1h,DAILY_4H_1H_15M,15,54,29.906303023989185,23.187794026989785,7.0650200009853,37.10753249436705,72.96395276679448,-25.556021032153378,-18.527460715313527,-65.8255842174762,1.4726594346964115,1.6722255599188607,0.5185185185185185,8.314814814814815,9.0,26.230948425374244,0.6851851851851852,2.0,0.48148148148148145,6.0,0.2037037037037037,6.0,0.1111111111111111,10.5,0.05555555555555555,13.0,0.0,,0.0,,0.4444444444444444,0.25925925925925924,0.631578947368421,0.2037037037037037,0.2777777777777778,0.4230769230769231,0.2037037037037037,0.12962962962962962,0.6111111111111112,0.05555555555555555,0.14814814814814814,0.2727272727272727,0.05555555555555555,0.018518518518518517,0.75
ETHUSDT,1h,DAILY_ONLY,15,124,23.945817492783217,14.732391772321884,6.109494287096506,32.287203222159945,56.01698630580443,-26.166055803133517,-18.20398902959097,-65.8255842174762,-2.445207566276206,-0.32610258992205043,0.4838709677419355,7.193548387096774,7.0,13.15350390554759,0.6290322580645161,3.0,0.3467741935483871,6.0,0.1532258064516129,8.0,0.056451612903225805,10.0,0.03225806451612903,11.5,0.0,,0.0,,0.29838709677419356,0.28225806451612906,0.5138888888888888,0.1532258064516129,0.3064516129032258,0.3333333333333333,0.1532258064516129,0.13709677419354838,0.5277777777777778,0.03225806451612903,0.14516129032258066,0.18181818181818182,0.03225806451612903,0.024193548387096774,0.5714285714285714
ETHUSDT,1h,FULL_ALIGNMENT,15,52,30.44035973499918,23.187794026989785,7.171382344297039,38.90104571407038,74.68752993442028,-26.505574821949608,-18.911920284264696,-66.01209683841414,1.2447593943251252,1.6722255599188607,0.5192307692307693,8.173076923076923,8.5,26.719080025892087,0.6923076923076923,3.0,0.4807692307692308,6.0,0.21153846153846154,6.0,0.11538461538461539,10.5,0.057692307692307696,13.0,0.0,,0.0,,0.4423076923076923,0.2692307692307692,0.6216216216216216,0.21153846153846154,0.28846153846153844,0.4230769230769231,0.21153846153846154,0.1346153846153846,0.6111111111111112,0.057692307692307696,0.15384615384615385,0.2727272727272727,0.057692307692307696,0.019230769230769232,0.75
ETHUSDT,1h,DAILY_4H,30,55,40.563322911203606,27.87970529906092,11.89507025544545,58.14039687650374,91.50586309461332,-32.51781942040786,-25.20318296378221,-72.9411549642165,4.941490120550955,-3.2410590690579166,0.4727272727272727,14.763636363636364,14.0,4.464745311821934,0.8,5.0,0.6,7.0,0.2909090909090909,9.0,0.16363636363636364,13.0,0.10909090909090909,17.0,0.01818181818181818,22.0,0.01818181818181818,30.0,0.509090909090909,0.4,0.56,0.2545454545454545,0.45454545454545453,0.358974358974359,0.2727272727272727,0.18181818181818182,0.6,0.09090909090909091,0.21818181818181817,0.29411764705882354,0.10909090909090909,0.03636363636363636,0.75
ETHUSDT,1h,DAILY_4H_1H,30,55,40.563322911203606,27.87970529906092,11.89507025544545,58.14039687650374,91.50586309461332,-32.51781942040786,-25.20318296378221,-72.9411549642165,4.941490120550955,-3.2410590690579166,0.4727272727272727,14.763636363636364,14.0,4.464745311821934,0.8,5.0,0.6,7.0,0.2909090909090909,9.0,0.16363636363636364,13.0,0.10909090909090909,17.0,0.01818181818181818,22.0,0.01818181818181818,30.0,0.509090909090909,0.4,0.56,0.2545454545454545,0.45454545454545453,0.358974358974359,0.2727272727272727,0.18181818181818182,0.6,0.09090909090909091,0.21818181818181817,0.29411764705882354,0.10909090909090909,0.03636363636363636,0.75
ETHUSDT,1h,DAILY_4H_1H_15M,30,54,41.04292789342891,28.15220936461804,11.612864209445961,59.37148463474651,93.83134930787735,-32.63163588206776,-24.326275026194665,-72.96073635303225,5.411254157816749,-1.6547581750014917,0.48148148148148145,14.685185185185185,13.5,4.5399120530809105,0.7962962962962963,5.0,0.6111111111111112,7.0,0.2962962962962963,9.0,0.16666666666666666,13.0,0.1111111111111111,17.0,0.018518518518518517,22.0,0.018518518518518517,30.0,0.5185185185185185,0.3888888888888889,0.5714285714285714,0.25925925925925924,0.4444444444444444,0.3684210526315789,0.2777777777777778,0.18518518518518517,0.6,0.09259259259259259,0.2222222222222222,0.29411764705882354,0.1111111111111111,0.037037037037037035,0.75
ETHUSDT,1h,DAILY_ONLY,30,124,32.12792224324629,21.37492824711873,9.4767071012819,46.69914307581124,67.82810901272418,-32.56863790241282,-23.878002705968736,-72.96073635303225,0.02450475246479919,-2.2926987367150042,0.4596774193548387,14.225806451612904,13.5,3.260813018711036,0.717741935483871,4.0,0.4596774193548387,8.0,0.24193548387096775,10.5,0.08870967741935484,13.0,0.056451612903225805,13.0,0.008064516129032258,22.0,0.008064516129032258,30.0,0.3870967741935484,0.3951612903225806,0.4948453608247423,0.20161290322580644,0.43548387096774194,0.31645569620253167,0.22580645161290322,0.21774193548387097,0.509090909090909,0.04838709677419355,0.23387096774193547,0.17142857142857143,0.056451612903225805,0.03225806451612903,0.6363636363636364
ETHUSDT,1h,FULL_ALIGNMENT,30,52,41.879210872021346,28.15220936461804,12.17727630144494,60.64709147176273,98.48232173440526,-33.81891579299546,-25.302388695909173,-72.99989913066374,5.176874485192237,-3.9311754959958645,0.46153846153846156,14.346153846153847,13.0,4.583077749445973,0.8076923076923077,5.0,0.6153846153846154,7.0,0.3076923076923077,9.0,0.17307692307692307,13.0,0.11538461538461539,17.0,0.019230769230769232,22.0,0.019230769230769232,30.0,0.5192307692307693,0.40384615384615385,0.5625,0.2692307692307692,0.46153846153846156,0.3684210526315789,0.28846153846153844,0.19230769230769232,0.6,0.09615384615384616,0.23076923076923078,0.29411764705882354,0.11538461538461539,0.038461538461538464,0.75
ETHUSDT,1h,DAILY_4H,60,55,62.95649358143488,43.033062455575255,12.578165437967526,80.45167257984764,129.81051865541238,-40.352053979623385,-32.181643327938716,-86.46188038412284,17.301827224886278,3.307810771533415,0.5272727272727272,25.181818181818183,21.0,3.947653868968475,0.8,5.0,0.6363636363636364,8.0,0.43636363636363634,19.5,0.34545454545454546,31.0,0.21818181818181817,30.5,0.07272727272727272,37.5,0.05454545454545454,47.0,0.509090909090909,0.41818181818181815,0.5490196078431373,0.2909090909090909,0.5272727272727272,0.35555555555555557,0.4,0.23636363636363636,0.6285714285714286,0.18181818181818182,0.2909090909090909,0.38461538461538464,0.21818181818181817,0.05454545454545454,0.8
ETHUSDT,1h,DAILY_4H_1H,60,55,62.95649358143488,43.033062455575255,12.578165437967526,80.45167257984764,129.81051865541238,-40.352053979623385,-32.181643327938716,-86.46188038412284,17.301827224886278,3.307810771533415,0.5272727272727272,25.181818181818183,21.0,3.947653868968475,0.8,5.0,0.6363636363636364,8.0,0.43636363636363634,19.5,0.34545454545454546,31.0,0.21818181818181817,30.5,0.07272727272727272,37.5,0.05454545454545454,47.0,0.509090909090909,0.41818181818181815,0.5490196078431373,0.2909090909090909,0.5272727272727272,0.35555555555555557,0.4,0.23636363636363636,0.6285714285714286,0.18181818181818182,0.2909090909090909,0.38461538461538464,0.21818181818181817,0.05454545454545454,0.8
ETHUSDT,1h,DAILY_4H_1H_15M,60,54,63.850786909405194,43.35991346563151,12.518823892705978,81.90103596225684,130.08651722217593,-40.55960203176701,-32.9042496084564,-87.14291909926808,17.90121586097338,4.549761634489169,0.5370370370370371,25.296296296296298,23.5,4.013893919384074,0.7962962962962963,5.0,0.6481481481481481,8.0,0.4444444444444444,19.5,0.35185185185185186,31.0,0.2222222222222222,30.5,0.07407407407407407,37.5,0.05555555555555555,47.0,0.5185185185185185,0.4074074074074074,0.56,0.2962962962962963,0.5185185185185185,0.36363636363636365,0.4074074074074074,0.24074074074074073,0.6285714285714286,0.18518518518518517,0.2962962962962963,0.38461538461538464,0.2222222222222222,0.05555555555555555,0.8
ETHUSDT,1h,DAILY_ONLY,60,124,51.23375140142709,28.11330870677642,12.249591800142511,68.6279802636558,122.78662250458129,-45.88226522046703,-30.649962500999273,-104.55746786820453,2.981410787876698,-2.4840776311707558,0.47580645161290325,25.758064516129032,23.0,3.132768909106524,0.7903225806451613,6.0,0.5403225806451613,10.0,0.3709677419354839,21.0,0.23387096774193547,35.0,0.14516129032258066,34.5,0.04838709677419355,38.0,0.04032258064516129,47.0,0.4435483870967742,0.43548387096774194,0.5045871559633027,0.2661290322580645,0.5161290322580645,0.3402061855670103,0.3387096774193548,0.27419354838709675,0.5526315789473685,0.12096774193548387,0.31451612903225806,0.2777777777777778,0.14516129032258066,0.10483870967741936,0.5806451612903226
ETHUSDT,1h,FULL_ALIGNMENT,60,52,65.44804701543394,44.05444312293727,12.637506983229073,84.93435243899673,130.63851435570297,-41.95169342951566,-33.805367277717764,-88.50499652955857,17.901217708816183,3.183601191605323,0.5192307692307693,24.73076923076923,19.5,4.070432333830648,0.8076923076923077,5.0,0.6538461538461539,7.5,0.46153846153846156,19.5,0.36538461538461536,31.0,0.23076923076923078,30.5,0.07692307692307693,37.5,0.057692307692307696,47.0,0.5192307692307693,0.4230769230769231,0.5510204081632653,0.3076923076923077,0.5384615384615384,0.36363636363636365,0.4230769230769231,0.25,0.6285714285714286,0.19230769230769232,0.3076923076923077,0.38461538461538464,0.23076923076923078,0.057692307692307696,0.8
ETHUSDT,1h,DAILY_4H,120,55,95.32964909081824,48.71799498385121,19.018116263195274,119.97149545208252,227.6966818188249,-54.94065332455774,-41.85013888469036,-118.82067194223711,32.617138196382676,7.642731136237035,0.6,54.236363636363635,47.0,5.0712724071509685,0.8727272727272727,6.0,0.7272727272727273,10.0,0.4727272727272727,20.0,0.41818181818181815,36.0,0.3090909090909091,36.0,0.2,72.0,0.12727272727272726,73.0,0.509090909090909,0.41818181818181815,0.5490196078431373,0.3090909090909091,0.5454545454545454,0.3617021276595745,0.41818181818181815,0.2909090909090909,0.5897435897435898,0.21818181818181817,0.38181818181818183,0.36363636363636365,0.3090909090909091,0.14545454545454545,0.68
ETHUSDT,1h,DAILY_4H_1H,120,55,95.32964909081824,48.71799498385121,19.018116263195274,119.97149545208252,227.6966818188249,-54.94065332455774,-41.85013888469036,-118.82067194223711,32.617138196382676,7.642731136237035,0.6,54.236363636363635,47.0,5.0712724071509685,0.8727272727272727,6.0,0.7272727272727273,10.0,0.4727272727272727,20.0,0.41818181818181815,36.0,0.3090909090909091,36.0,0.2,72.0,0.12727272727272726,73.0,0.509090909090909,0.41818181818181815,0.5490196078431373,0.3090909090909091,0.5454545454545454,0.3617021276595745,0.41818181818181815,0.2909090909090909,0.5897435897435898,0.21818181818181817,0.38181818181818183,0.36363636363636365,0.3090909090909091,0.14545454545454545,0.68
ETHUSDT,1h,DAILY_4H_1H_15M,120,54,96.82344529859195,49.04615165894688,23.326332087236224,120.5584064543519,231.3799374636142,-54.02400900303864,-41.563082921768356,-119.04813868721652,34.13855592148795,7.9225581452091465,0.6111111111111112,54.888888888888886,47.5,5.166096626916352,0.8703703703703703,6.0,0.7407407407407407,10.0,0.48148148148148145,20.0,0.42592592592592593,36.0,0.3148148148148148,36.0,0.2037037037037037,72.0,0.12962962962962962,73.0,0.5185185185185185,0.4074074074074074,0.56,0.3148148148148148,0.5370370370370371,0.3695652173913043,0.42592592592592593,0.2777777777777778,0.6052631578947368,0.2222222222222222,0.37037037037037035,0.375,0.3148148148148148,0.12962962962962962,0.7083333333333334
ETHUSDT,1h,DAILY_ONLY,120,124,77.3311089719926,42.789908609778266,18.08261212329021,91.28993852871581,198.91115566594627,-63.48079124978118,-43.79271668188301,-160.61828659888312,13.512527368732398,0.19955260615933668,0.5080645161290323,51.33870967741935,44.0,3.73701457696288,0.8629032258064516,7.0,0.6612903225806451,14.0,0.4435483870967742,28.0,0.3225806451612903,40.5,0.23387096774193547,41.0,0.13709677419354838,77.0,0.10483870967741936,80.0,0.46774193548387094,0.4838709677419355,0.4915254237288136,0.2903225806451613,0.5967741935483871,0.32727272727272727,0.3709677419354839,0.3629032258064516,0.5054945054945055,0.16129032258064516,0.43548387096774194,0.2702702702702703,0.22580645161290322,0.20967741935483872,0.5185185185185185
ETHUSDT,1h,FULL_ALIGNMENT,120,52,98.68133440418254,49.04615165894688,26.310046684663856,122.89761990617376,238.74644875319245,-55.93396220737466,-42.35775909866957,-119.50307217717537,34.3651338313361,7.9225581452091465,0.5961538461538461,53.36538461538461,46.5,5.244496524241102,0.8653846153846154,6.0,0.75,10.0,0.4807692307692308,20.0,0.4230769230769231,33.5,0.3269230769230769,36.0,0.21153846153846154,72.0,0.1346153846153846,73.0,0.5192307692307693,0.4230769230769231,0.5510204081632653,0.3076923076923077,0.5576923076923077,0.35555555555555557,0.4230769230769231,0.28846153846153844,0.5945945945945946,0.23076923076923078,0.38461538461538464,0.375,0.3269230769230769,0.1346153846153846,0.7083333333333334
ETHUSDT,1h,DAILY_4H,240,55,135.17485819320495,85.92854363213887,44.87237721198967,165.472325440541,333.2143036590507,-97.97329739702641,-53.76761419796261,-201.60840888035446,18.447960337545137,11.326647312395188,0.5454545454545454,115.81818181818181,124.0,3.7493859329143966,0.9454545454545454,7.0,0.9272727272727272,14.0,0.6909090909090909,36.5,0.6,46.0,0.45454545454545453,63.0,0.2909090909090909,92.5,0.2,93.0,0.5818181818181818,0.41818181818181815,0.5818181818181818,0.38181818181818183,0.6,0.3888888888888889,0.5272727272727272,0.34545454545454546,0.6041666666666666,0.2909090909090909,0.4727272727272727,0.38095238095238093,0.43636363636363634,0.23636363636363636,0.6486486486486487
ETHUSDT,1h,DAILY_4H_1H,240,55,135.17485819320495,85.92854363213887,44.87237721198967,165.472325440541,333.2143036590507,-97.97329739702641,-53.76761419796261,-201.60840888035446,18.447960337545137,11.326647312395188,0.5454545454545454,115.81818181818181,124.0,3.7493859329143966,0.9454545454545454,7.0,0.9272727272727272,14.0,0.6909090909090909,36.5,0.6,46.0,0.45454545454545453,63.0,0.2909090909090909,92.5,0.2,93.0,0.5818181818181818,0.41818181818181815,0.5818181818181818,0.38181818181818183,0.6,0.3888888888888889,0.5272727272727272,0.34545454545454546,0.6041666666666666,0.2909090909090909,0.4727272727272727,0.38095238095238093,0.43636363636363634,0.23636363636363636,0.6486486486486487
ETHUSDT,1h,DAILY_4H_1H_15M,240,54,137.40652864361547,86.38531819677885,45.793677358407784,167.49733375262863,334.01316182136713,-88.10336191158214,-53.38166562018354,-196.5855801801851,28.945421148275255,12.001385010516064,0.5555555555555556,117.61111111111111,125.5,3.821042543403135,0.9444444444444444,7.0,0.9444444444444444,14.0,0.7037037037037037,36.5,0.6111111111111112,46.0,0.46296296296296297,63.0,0.2962962962962963,92.5,0.2037037037037037,93.0,0.5925925925925926,0.4074074074074074,0.5925925925925926,0.3888888888888889,0.5925925925925926,0.39622641509433965,0.5370370370370371,0.3333333333333333,0.6170212765957447,0.2962962962962963,0.46296296296296297,0.3902439024390244,0.4444444444444444,0.2222222222222222,0.6666666666666666
ETHUSDT,1h,DAILY_ONLY,240,124,108.59176414962263,68.3367950796554,29.96064480039806,129.48904056400923,271.0308525093326,-92.2336783682936,-61.72568043037397,-198.92025718282602,5.456447638749494,-8.343067649991266,0.46774193548387094,103.76612903225806,99.5,3.630942445006012,0.9032258064516129,7.0,0.7983870967741935,20.0,0.6048387096774194,39.0,0.46774193548387094,60.5,0.3467741935483871,76.0,0.20161290322580644,93.0,0.1532258064516129,112.0,0.5080645161290323,0.49193548387096775,0.5080645161290323,0.3387096774193548,0.6290322580645161,0.35,0.45161290322580644,0.41935483870967744,0.5185185185185185,0.20161290322580644,0.5403225806451613,0.2717391304347826,0.3064516129032258,0.29838709677419356,0.5066666666666667
ETHUSDT,1h,FULL_ALIGNMENT,240,52,140.43842101902132,87.48323828115967,46.735766767638246,172.91710446106222,335.6108781459999,-90.68272792498166,-55.97668567906999,-199.273177935804,29.16595674263135,12.001385010516064,0.5576923076923077,118.34615384615384,126.0,3.881840224161191,0.9423076923076923,7.0,0.9423076923076923,14.0,0.7115384615384616,34.0,0.6153846153846154,43.5,0.4807692307692308,63.0,0.3076923076923077,92.5,0.21153846153846154,93.0,0.5769230769230769,0.4230769230769231,0.5769230769230769,0.38461538461538464,0.5961538461538461,0.39215686274509803,0.5384615384615384,0.34615384615384615,0.6086956521739131,0.3076923076923077,0.4807692307692308,0.3902439024390244,0.46153846153846156,0.23076923076923078,0.6666666666666666
ETHUSDT,1m,DAILY_4H,15,4921,23.287885921326442,13.99757375388333,5.421890884445002,29.342240493319682,53.99335013780204,-21.666692632555762,-14.387713334003127,-46.916438515579586,0.5267176861066432,-0.7315005658359297,0.4834383255435887,7.227596017069701,7.0,22.074259924537095,0.6047551310709205,3.0,0.3005486689697216,6.0,0.11562690510058932,8.0,0.055070107701686646,9.0,0.029668766510871775,9.5,0.00812842918106076,10.0,0.003251371672424304,8.5,0.27677301361511886,0.25889046941678523,0.5166919575113809,0.10282462914041861,0.28063401747612277,0.2681505034446211,0.11278195488721804,0.08311318837634626,0.5757261410788381,0.02844950213371266,0.08514529567161146,0.2504472271914132,0.029668766510871775,0.017882544198333673,0.6239316239316239
ETHUSDT,1m,DAILY_4H_1H,15,2917,25.902200786692713,15.451740316831941,6.022720192726538,31.802120141344314,60.36493437257962,-23.044636292344837,-15.367421067336018,-50.07138518650378,1.036528904212521,-0.7057376470709364,0.4847446006170723,7.2670551936921495,7.0,24.05991145017425,0.6348988687007199,3.0,0.3356187864244086,6.0,0.14192663695577648,8.0,0.06787795680493658,9.0,0.03770997600274254,10.0,0.01062735687350017,10.0,0.0047994514912581415,8.5,0.308193349331505,0.27082619129242375,0.5322676139727649,0.1237572848817278,0.2972231744943435,0.2939739413680782,0.13747000342817964,0.09496057593417895,0.5914454277286135,0.03565306822077477,0.09838875557079191,0.2659846547314578,0.03770997600274254,0.020911895783339046,0.6432748538011696
ETHUSDT,1m,DAILY_4H_1H_15M,15,1655,29.229840927151137,17.12756705242624,6.3517649039901425,36.51976284910208,71.78725422977242,-24.443980411949035,-15.838018947856858,-53.717615008579855,1.8103844194539425,-0.5025366133815101,0.4882175226586103,7.122658610271904,6.0,24.132541570956764,0.6519637462235649,3.0,0.3722054380664653,5.0,0.17220543806646527,8.0,0.09123867069486405,10.0,0.04954682779456193,10.0,0.01570996978851964,10.5,0.0072507552870090634,8.5,0.33534743202416917,0.2743202416918429,0.5500495540138751,0.14622356495468278,0.3081570996978852,0.32180851063829785,0.16555891238670695,0.10392749244712991,0.6143497757847534,0.04652567975830816,0.10936555891238671,0.29844961240310075,0.04954682779456193,0.025377643504531724,0.6612903225806451
ETHUSDT,1m,DAILY_ONLY,15,8364,22.276074766652066,13.342205847074462,5.186447424400664,28.18124966109059,52.41532490034495,-20.543934792594047,-13.664280175224587,-45.0817492679213,0.3023083120766574,-0.695748346552505,0.48266379722620756,7.198469631755141,7.0,25.178079573084144,0.5930176948828312,3.0,0.2868244858919177,6.0,0.10868005738880918,8.0,0.04854136776661884,9.0,0.02582496413199426,10.0,0.007173601147776184,10.0,0.0027498804399808704,9.0,0.2663797226207556,0.24294595887135342,0.5230046948356808,0.0978000956480153,0.26303204208512676,0.2710404241219351,0.10604973696795791,0.07615973218555715,0.5820209973753281,0.024868483978957436,0.0778335724533716,0.2421420256111758,0.02582496413199426,0.015423242467718794,0.6260869565217392
ETHUSDT,1m,FULL_ALIGNMENT,15,970,32.574557573308724,18.74975540682278,6.424150532973183,41.94445531130631,82.97297184017039,-25.969107879854363,-16.72704359383215,-56.235643568712916,2.18605603555671,-0.572944454229618,0.4865979381443299,7.041237113402062,6.0,25.954970943425923,0.6639175257731958,3.0,0.3979381443298969,4.0,0.20412371134020618,7.0,0.11443298969072165,8.0,0.06597938144329897,10.0,0.021649484536082474,10.0,0.009278350515463918,7.0,0.35360824742268043,0.28865979381443296,0.550561797752809,0.1731958762886598,0.3247422680412371,0.34782608695652173,0.1958762886597938,0.11134020618556702,0.6375838926174496,0.061855670103092786,0.11958762886597939,0.3409090909090909,0.06597938144329897,0.030927835051546393,0.6808510638297872
ETHUSDT,1m,DAILY_4H,30,4921,34.292179538278546,20.69487903189504,8.276147453361027,43.02543101269096,79.78072128227876,-31.377602146866632,-20.65781303796421,-70.40738712088101,0.632745636624766,-1.1979805470785365,0.4822190611664296,14.048160942897786,13.0,21.421102508426554,0.711440764072343,4.0,0.43385490753911804,9.0,0.20178825441983336,14.0,0.11054663686242634,16.0,0.0631985368827474,16.0,0.023978866084129243,18.0,0.011786222312538102,20.5,0.3761430603535867,0.35765088396667344,0.5126003877042371,0.16622637675269253,0.40377971956919323,0.2916221033868093,0.19386303596829912,0.16541353383458646,0.5395927601809954,0.05954074375127007,0.17598049176996544,0.2528041415012942,0.06258890469416785,0.04104856736435684,0.6039215686274509
ETHUSDT,1m,DAILY_4H_1H,30,2917,38.7712182980167,23.08582643484325,9.518752590136348,47.9629745614929,89.17095244039474,-33.32584249698011,-21.923455286456672,-76.14935530459243,1.7026686905835469,-1.0411244143682108,0.48303051079876586,14.058621871786082,13.0,23.596800069948422,0.7391155296537538,4.0,0.4696606102159753,9.0,0.2396297565992458,13.0,0.13712718546451835,16.0,0.08056222146040452,16.0,0.03256770654782311,18.0,0.017140898183064794,20.0,0.4045251971203291,0.362701405553651,0.5272564789991063,0.19266369557764826,0.41755227973945835,0.31573033707865167,0.22797394583476174,0.17620843332190606,0.5640373197625106,0.0750771340418238,0.1919780596503257,0.2811296534017972,0.07953376756942064,0.04765169694892012,0.6253369272237197
ETHUSDT,1m,DAILY_4H_1H_15M,30,1655,44.45263996209468,25.23860479695772,9.949914321777387,55.689594975892874,102.2765326934674,-35.25571571475847,-22.345867935280594,-77.37392902207296,2.994163386088803,-1.5750615258414147,0.47311178247734137,13.768580060422961,12.0,24.031007937187198,0.7498489425981874,4.0,0.5021148036253776,8.0,0.283987915407855,13.0,0.172809667673716,15.0,0.10453172205438066,16.0,0.045317220543806644,18.0,0.02416918429003021,20.0,0.4241691842900302,0.35709969788519635,0.54292343387471,0.2217522658610272,0.4253776435045317,0.3426704014939309,0.2688821752265861,0.18670694864048337,0.5901856763925729,0.09909365558912386,0.20906344410876132,0.3215686274509804,0.10392749244712991,0.05498489425981873,0.6539923954372624
ETHUSDT,1m,DAILY_ONLY,30,8364,32.49406437004614,19.750612308205852,7.825862247761162,41.1198898626175,74.18590879657704,-30.12517310086268,-19.791742838105584,-67.23011093887888,0.516503853424681,-1.0059864972966626,0.4844571975131516,13.99988043998087,13.0,23.12665081485692,0.7012195121951219,5.0,0.41750358680057387,10.0,0.19045911047345768,14.0,0.09851745576279292,16.0,0.05535628885700622,16.0,0.021162123385939743,18.0,0.009684361549497847,21.0,0.3668101386896222,0.3473218555714969,0.5136447346392098,0.1597321855571497,0.39084170253467243,0.29011943539630836,0.1834050693448111,0.15746054519368724,0.5380568221676605,0.052606408417025345,0.16594930655188905,0.24070021881838075,0.054878048780487805,0.038857006217120994,0.5854591836734694
ETHUSDT,1m,FULL_ALIGNMENT,30,970,49.55275332226535,27.617623865942022,10.336127358417935,64.75092135111439,119.7877681269646,-36.73919615194621,-23.953689374359712,-80.754008590049,4.635514974066747,-2.4745447550000854,0.45979381443298967,13.657731958762886,12.0,25.002964047567364,0.7546391752577319,3.0,0.5216494845360825,6.0,0.31752577319587627,11.0,0.20103092783505155,14.0,0.12886597938144329,15.0,0.058762886597938144,18.0,0.031958762886597936,20.0,0.4309278350515464,0.37422680412371134,0.5352112676056338,0.2443298969072165,0.44432989690721647,0.35479041916167664,0.3,0.1824742268041237,0.6217948717948718,0.12164948453608247,0.21030927835051547,0.36645962732919257,0.12783505154639174,0.05979381443298969,0.6813186813186813
ETHUSDT,1m,DAILY_4H,60,4921,50.075142132396756,30.589386227333204,12.87443137927946,62.29137867089341,113.24903118033359,-46.03026428656386,-30.242798743413957,-103.42196922885738,1.0657499882057677,-0.7224319950682734,0.491769965454176,27.947571631782157,26.0,19.205539167961067,0.7986181670392196,5.0,0.572444625076204,14.0,0.32168258484047957,23.0,0.19650477545214387,27.0,0.12680349522454787,31.0,0.05547652916073969,33.0,0.03149766307661044,38.0,0.45092460881934565,0.4364966470229628,0.5081291504465308,0.2385693964641333,0.5216419426945743,0.3138198342689121,0.2960780329201382,0.27636659215606585,0.5172168974085907,0.11420442999390368,0.3029871977240398,0.2737457379444715,0.12395854501117659,0.1016053647632595,0.5495495495495496
ETHUSDT,1m,DAILY_4H_1H,60,2917,57.125012842442395,34.80442440340737,14.79226743565043,70.98252392290672,126.48283672845743,-48.30740355726487,-31.593364518287537,-107.27857369030235,2.679275627433855,-0.250380265027772,0.4977716832362016,28.13301336990058,27.0,20.117172495259833,0.8210490229688036,5.0,0.6088447034624614,13.0,0.36750085704490915,21.0,0.23380185121700378,26.0,0.155296537538567,30.0,0.07233459033253342,32.0,0.04422351731230716,37.0,0.47754542338018513,0.4281796366129585,0.5272520817562453,0.26842646554679467,0.5258827562564279,0.3379369874838153,0.33527596846074736,0.2790538224202948,0.5457589285714286,0.13781282139184092,0.3143640726774083,0.30477634571645185,0.15152553993829276,0.11107302022625985,0.577023498694517
ETHUSDT,1m,DAILY_4H_1H_15M,60,1655,65.80233379404943,36.71706263498997,16.311365201797656,81.02020010198996,148.88127284319725,-50.867032057519815,-33.45120665053658,-112.60362922459,4.979629826616842,-1.7145220013525808,0.486404833836858,27.708157099697885,26.0,18.19316492637751,0.8308157099697885,4.0,0.6247734138972809,11.0,0.4042296072507553,19.0,0.27492447129909364,23.0,0.19093655589123867,28.0,0.09848942598187312,32.0,0.062235649546827795,37.0,0.486404833836858,0.4169184290030212,0.5384615384615384,0.28700906344410876,0.5280966767371601,0.352112676056338,0.36435045317220544,0.2876132930513595,0.5588507877664504,0.16858006042296073,0.3341389728096677,0.33533653846153844,0.18670694864048337,0.11963746223564954,0.6094674556213018
ETHUSDT,1m,DAILY_ONLY,60,8364,47.032277852713975,29.53875815084661,12.141683723945196,59.519713095883,106.59477162399966,-44.29152347885116,-28.869674868621797,-98.67390255011709,0.6265795468192858,-0.36634829075732345,0.4954567192730751,27.76183644189383,26.0,19.797029633707034,0.7884983261597321,6.0,0.5540411286465806,15.0,0.30762792922046867,23.0,0.18185078909612626,28.0,0.1133428981348637,31.0,0.04961740793878527,34.0,0.025585844093735054,36.5,0.44237207077953133,0.4302965088474414,0.5069187559939717,0.23182687709230035,0.5107604017216643,0.31218805345355016,0.28371592539454804,0.2621951219512195,0.5197109067017083,0.10234337637494022,0.2856288857006217,0.2637904468412943,0.11059301769488283,0.09325681492109039,0.5425219941348973
ETHUSDT,1m,FULL_ALIGNMENT,60,970,73.31192789110655,42.087181272980615,16.863093278268735,91.8287270708884,167.36611475637255,-52.091675141815756,-35.17712368187598,-119.07548711072558,7.20295306322234,-1.4879651204890987,0.4865979381443299,27.108247422680414,25.0,17.744135647886626,0.8340206185567011,4.0,0.6453608247422681,10.0,0.44123711340206184,17.0,0.29896907216494845,20.0,0.22577319587628866,27.0,0.11958762886597939,31.0,0.08041237113402062,37.0,0.48556701030927835,0.4268041237113402,0.5322033898305085,0.30103092783505153,0.5381443298969072,0.35872235872235875,0.3938144329896907,0.28144329896907216,0.583206106870229,0.19896907216494844,0.3309278350515464,0.3754863813229572,0.22061855670103092,0.12164948453608247,0.6445783132530121
ETHUSDT,1m,DAILY_4H,120,4921,73.23596703515628,44.43071788119646,19.561315276164226,90.95854973223626,162.4507601653802,-66.53581987914127,-43.89449431953629,-154.0327959338561,0.2830798045677517,-0.5721223833343725,0.4940052834789677,54.91465149359886,52.0,21.358070618534008,0.8618167039219671,6.0,0.6901036374720585,20.0,0.4623044096728307,36.0,0.31741515952042265,47.0,0.22170290591343222,53.0,0.1186750660434871,63.0,0.07132696606380817,67.0,0.49156675472464945,0.4704328388538915,0.5109843683988171,0.3015647226173542,0.5909368014631172,0.33788706739526414,0.3993090835196098,0.37228205649258284,0.5175138267052937,0.18553139605771185,0.42552326762853077,0.3036248752909877,0.21093273724852674,0.18451534241007925,0.5334018499486125
ETHUSDT,1m,DAILY_4H_1H,120,2917,83.68702884560237,51.004144086708166,22.515259365234463,101.09660574412428,193.58446085270634,-69.7757811843977,-45.92673592126894,-159.43980142699843,2.595808567548513,-0.43263448442854013,0.497086047308879,55.2958519026397,52.0,26.801226393454606,0.8789852588275625,6.0,0.7250599931436408,18.0,0.5111415838189921,33.0,0.3603016798080219,43.0,0.2547137470003428,51.0,0.14638327048337332,62.0,0.09461775797051765,64.5,0.5162838532739116,0.4556050737058622,0.5312169312169313,0.329105245114844,0.5855330819334933,0.3598200899550225,0.43469317792252316,0.3699005827905382,0.5402641670217299,0.20877613986972918,0.43606444977716835,0.3237639553429027,0.2392869386355845,0.19163524168666438,0.5552903739061257
ETHUSDT,1m,DAILY_4H_1H_15M,120,1655,96.90241276890238,53.99335013780204,23.794549953862763,120.23166215232806,233.10460440693873,-74.16573947606008,-48.50099263689622,-169.18903180321854,5.82825162881717,-2.0904506496144393,0.4851963746223565,54.33051359516616,51.0,26.816692940000816,0.8827794561933535,5.0,0.7359516616314199,15.0,0.5238670694864048,27.0,0.4,37.0,0.29667673716012083,45.0,0.19214501510574017,59.0,0.12809667673716013,63.0,0.5274924471299094,0.44652567975830815,0.5415632754342432,0.3274924471299094,0.5885196374622357,0.3575197889182058,0.4380664652567976,0.37099697885196375,0.5414488424197162,0.2362537764350453,0.44833836858006043,0.3451015004413063,0.2743202416918429,0.20906344410876132,0.5675
ETHUSDT,1m,DAILY_ONLY,120,8364,68.94291236458223,43.525255212744085,18.389224431427653,87.16131431924512,156.36304928781936,-64.03007476635469,-41.90496714556346,-147.45988492250095,1.029524100099962,-0.09702766359642734,0.499402199904352,55.14598278335725,52.0,21.821967720213213,0.8530607364897178,7.0,0.676231468197035,20.0,0.45241511238641796,38.0,0.3047584887613582,49.0,0.20827355332376854,55.0,0.10856049736967958,64.5,0.061095169775227165,68.0,0.48732663797226206,0.46724055475848875,0.5105210420841684,0.29758488761358204,0.5835724533715926,0.3377204884667571,0.3944285031085605,0.3603538976566236,0.5225724695073658,0.17407938785270205,0.4118842659014825,0.29708222811671087,0.19858919177427067,0.17467718794835008,0.5320307495195388
ETHUSDT,1m,FULL_ALIGNMENT,120,970,107.58429264124076,59.66802029697904,26.02318410409199,134.21454265731714,267.3234653238885,-75.21901887499723,-48.400709428998994,-179.54030923425745,10.709470883085068,-2.743397292437888,0.48762886597938143,53.452577319587625,50.0,17.99779868236543,0.8917525773195877,5.0,0.7556701030927835,14.0,0.5618556701030928,26.0,0.4247422680412371,33.0,0.32989690721649484,40.0,0.22061855670103092,55.5,0.1618556701030928,62.0,0.5298969072164949,0.4505154639175258,0.5404837013669821,0.3474226804123711,0.5835051546391753,0.37320044296788485,0.4762886597938144,0.3618556701030928,0.5682656826568265,0.2649484536082474,0.43917525773195876,0.3762811127379209,0.3061855670103093,0.20824742268041238,0.5951903807615231
ETHUSDT,1m,DAILY_4H,240,4921,107.08044922372063,65.61227823844496,29.772888573456058,131.90154440154478,245.68910857429626,-96.02506957226628,-64.95163993664677,-212.57582419153763,1.6356973055774724,-2.0514714178743176,0.48933143669985774,107.42125584230847,99.0,20.828602850516276,0.9053038000406421,7.0,0.7880512091038406,25.0,0.6010973379394432,53.0,0.4517374517374517,72.0,0.34505181873602925,87.0,0.2107295265190002,105.0,0.14184108920951027,119.5,0.5074171916277179,0.4852672221093274,0.5111566018423747,0.3357041251778094,0.6313757366388946,0.3471317503677243,0.4694167852062589,0.43812233285917496,0.5172413793103449,0.2599065230644178,0.5346474293842715,0.3271099744245524,0.3176183702499492,0.29465555781345254,0.5187520743445071
ETHUSDT,1m,DAILY_4H_1H,240,2917,122.37967847619676,75.05597394667384,33.767461401112975,146.41752511438844,292.3157289946224,-101.86627782276247,-68.41914430746887,-233.41900848859498,2.875536733032183,-1.9729476755914188,0.49160095989029823,106.14192663695577,97.0,22.87652193354931,0.9156667809393212,6.0,0.8148782996229003,22.0,0.6468974974288653,49.0,0.500514226945492,66.5,0.38429893726431263,78.0,0.24202948234487487,97.0,0.1748371614672609,111.0,0.5299965718203634,0.46623243057936237,0.5320027529249828,0.36098731573534454,0.618786424408639,0.36843946815955214,0.5056564964004113,0.429893726431265,0.5404910223525101,0.28556736372985947,0.5481659238944121,0.3425164473684211,0.34933150497086046,0.2958519026396983,0.5414452709883103
ETHUSDT,1m,DAILY_4H_1H_15M,240,1655,140.3704391428359,80.36644286879557,35.08029580032268,171.89813343137294,344.61326415842626,-106.43377176058998,-73.37404997424524,-248.72071728862412,7.869578194528109,-5.688501513720912,0.4755287009063444,103.10151057401812,93.0,24.499729110278988,0.923262839879154,6.0,0.8217522658610272,19.0,0.6422960725075528,38.0,0.5268882175226586,56.0,0.42114803625377645,67.0,0.2936555891238671,87.0,0.2199395770392749,100.0,0.5401812688821752,0.45740181268882174,0.5414900060569352,0.35709969788519635,0.6211480362537765,0.3650401482396541,0.49788519637462236,0.4283987915407855,0.5375081539465101,0.3003021148036254,0.552870090634441,0.3519830028328612,0.370392749244713,0.311178247734139,0.5434397163120568
ETHUSDT,1m,DAILY_ONLY,240,8364,99.85108572084003,64.06115365435672,28.678271080538885,124.81037036055076,227.19316436740075,-93.16569381072955,-61.623447149486424,-207.61698618168077,1.9119078422026379,-0.5042896884938086,0.4970109995217599,108.59528933524629,101.5,21.813043281349508,0.9014825442372071,7.5,0.7784552845528455,27.0,0.5887135341941655,56.0,0.43890483022477284,75.0,0.3285509325681492,90.0,0.1952415112386418,107.0,0.12482065997130559,123.0,0.5068149210903874,0.48278335724533716,0.5121420804639362,0.3313008130081301,0.6268531802965088,0.3457699026703269,0.4646102343376375,0.42778574844571976,0.5206323687031083,0.24784791965566713,0.5269010043041606,0.3199074074074074,0.3017694882831181,0.28431372549019607,0.5148918808649531
ETHUSDT,1m,FULL_ALIGNMENT,240,970,153.0952317136801,85.45748609964599,38.710987013527706,195.88276824276383,363.41593493252054,-105.90977477124528,-73.04122514429358,-250.69784321978483,14.884874993701013,0.5065804811299479,0.5010309278350515,101.09484536082475,87.0,15.797247829457822,0.9391752577319588,5.0,0.8371134020618557,18.0,0.6762886597938145,35.0,0.5577319587628866,52.0,0.4484536082474227,60.0,0.31237113402061856,76.0,0.24845360824742269,87.0,0.5360824742268041,0.4608247422680412,0.5377456049638056,0.3680412371134021,0.6061855670103092,0.37777777777777777,0.5319587628865979,0.4020618556701031,0.5695364238410596,0.32783505154639175,0.534020618556701,0.3803827751196172,0.39484536082474225,0.30927835051546393,0.5607613469985359
ETHUSDT,5m,DAILY_4H,15,997,25.15612905025457,14.255991369345189,5.695537183072474,31.144776804359342,54.28084511989172,-22.220189876322888,-14.106224736482043,-52.639371353900614,0.5838744402376508,-0.8776693490442078,0.4844533600802407,7.100300902708124,6.0,32.85677641757876,0.6188565697091274,3.0,0.3159478435305918,6.0,0.12236710130391174,7.0,0.06619859578736209,7.0,0.03911735205616851,8.0,0.0160481444332999,10.5,0.007021063189568706,12.0,0.27382146439317956,0.25075225677031093,0.5219885277246654,0.10431293881644935,0.2778335005015045,0.27296587926509186,0.11735205616850551,0.11033099297893681,0.5154185022026432,0.037111334002006016,0.11434302908726178,0.24503311258278146,0.03911735205616851,0.014042126379137413,0.7358490566037735
ETHUSDT,5m,DAILY_4H_1H,15,568,29.54608997288202,16.184099413868445,6.407086551448171,36.331639804544906,63.20802848259423,-24.125698367183293,-15.54438764854449,-56.46828598985254,2.0906355355012627,-0.9717820903465402,0.4841549295774648,7.0,6.0,37.02930095419323,0.6584507042253521,3.0,0.375,6.0,0.1602112676056338,6.0,0.0880281690140845,6.0,0.051056338028169015,7.0,0.022887323943661973,10.0,0.01056338028169014,11.0,0.31690140845070425,0.2640845070422535,0.5454545454545454,0.13556338028169015,0.2975352112676056,0.3130081300813008,0.15492957746478872,0.11971830985915492,0.5641025641025641,0.04929577464788732,0.125,0.2828282828282828,0.051056338028169015,0.01936619718309859,0.725
ETHUSDT,5m,DAILY_4H_1H_15M,15,274,31.303582063393264,17.147269108602757,6.70164004310303,37.782104651562506,75.91573941784713,-26.23184463048238,-16.841375708718243,-60.91083055307067,1.9626523728978267,-0.8571178313049321,0.48905109489051096,6.916058394160584,6.0,14.848751716352748,0.6751824817518248,2.0,0.39416058394160586,5.0,0.18248175182481752,6.0,0.10583941605839416,6.0,0.05474452554744526,7.0,0.025547445255474453,10.0,0.0072992700729927005,11.0,0.3248175182481752,0.28102189781021897,0.536144578313253,0.15328467153284672,0.3248175182481752,0.32061068702290074,0.17153284671532848,0.14233576642335766,0.5465116279069767,0.051094890510948905,0.145985401459854,0.25925925925925924,0.05474452554744526,0.032846715328467155,0.625
ETHUSDT,5m,DAILY_ONLY,15,1685,23.976073767292743,13.942450311481558,5.692029813686439,29.678811365918545,53.81691497311225,-20.85491216907713,-13.454691990795187,-48.37124775038104,0.3495149344627101,-0.49823127896031494,0.4878338278931751,7.029673590504451,6.0,27.119920704902565,0.6100890207715134,3.0,0.3020771513353116,6.0,0.11632047477744807,6.5,0.057566765578635014,7.0,0.03382789317507418,8.0,0.012462908011869436,10.0,0.004747774480712166,11.5,0.26884272997032643,0.2314540059347181,0.5373665480427047,0.1026706231454006,0.258160237388724,0.2845394736842105,0.11335311572700296,0.08961424332344213,0.5584795321637427,0.032640949554896145,0.0943620178041543,0.2570093457943925,0.03382789317507418,0.014243323442136498,0.7037037037037037
ETHUSDT,5m,FULL_ALIGNMENT,15,274,31.303582063393264,17.147269108602757,6.70164004310303,37.782104651562506,75.91573941784713,-26.23184463048238,-16.841375708718243,-60.91083055307067,1.9626523728978267,-0.8571178313049321,0.48905109489051096,6.916058394160584,6.0,14.848751716352748,0.6751824817518248,2.0,0.39416058394160586,5.0,0.18248175182481752,6.0,0.10583941605839416,6.0,0.05474452554744526,7.0,0.025547445255474453,10.0,0.0072992700729927005,11.0,0.3248175182481752,0.28102189781021897,0.536144578313253,0.15328467153284672,0.3248175182481752,0.32061068702290074,0.17153284671532848,0.14233576642335766,0.5465116279069767,0.051094890510948905,0.145985401459854,0.25925925925925924,0.05474452554744526,0.032846715328467155,0.625
ETHUSDT,5m,DAILY_4H,30,997,35.84257269561664,20.72502808067478,8.150993493847292,43.92687065520873,81.57835421644188,-31.547550464118334,-20.390901940503525,-73.32546233584169,0.1621826206268682,-1.6860312312483305,0.4633901705115346,13.393179538615847,12.0,40.38165387224721,0.7041123370110332,3.0,0.4453360080240722,9.0,0.21263791374122368,13.0,0.11735205616850551,13.0,0.06318956870611836,12.0,0.028084252758274825,13.0,0.0160481444332999,19.5,0.37011033099297896,0.34002006018054165,0.5211864406779662,0.16449348044132397,0.3921765295887663,0.2954954954954955,0.1945837512537613,0.18355065195586762,0.5145888594164456,0.05717151454363089,0.19859578736208625,0.2235294117647059,0.06318956870611836,0.04613841524573721,0.5779816513761468
ETHUSDT,5m,DAILY_4H_1H,30,568,42.16588459819046,24.632178647161496,9.94425026874801,51.47530522653376,92.89562862353674,-34.62563038463215,-22.737224199102513,-76.18663040767036,0.855423011233712,-1.6590273265515432,0.4665492957746479,13.036971830985916,11.0,46.36797425577905,0.75,3.0,0.4982394366197183,9.0,0.25880281690140844,11.0,0.15316901408450703,13.0,0.08450704225352113,12.0,0.040492957746478875,13.0,0.02112676056338028,17.0,0.4014084507042254,0.3573943661971831,0.5290023201856149,0.198943661971831,0.4154929577464789,0.3237822349570201,0.23943661971830985,0.18838028169014084,0.5596707818930041,0.07746478873239436,0.2112676056338028,0.2682926829268293,0.08450704225352113,0.056338028169014086,0.6
ETHUSDT,5m,DAILY_4H_1H_15M,30,274,48.33511482013322,28.350397721571554,11.120971764350118,57.45926964937031,95.85007048535893,-37.53186031924073,-24.273345742406583,-82.29400610949044,3.0521778977114664,-2.5103935845144365,0.4489051094890511,13.39051094890511,12.0,17.7705288713785,0.7737226277372263,3.0,0.551094890510949,8.0,0.29927007299270075,11.0,0.17518248175182483,12.5,0.0948905109489051,12.5,0.05474452554744526,17.0,0.029197080291970802,20.5,0.4233576642335766,0.36496350364963503,0.5370370370370371,0.22627737226277372,0.43795620437956206,0.34065934065934067,0.2664233576642336,0.22262773722627738,0.5447761194029851,0.08394160583941605,0.24817518248175183,0.25274725274725274,0.0948905109489051,0.06934306569343066,0.5777777777777777
ETHUSDT,5m,DAILY_ONLY,30,1685,34.77257378957453,20.660827644698454,8.415990381724914,42.80324551379833,78.69708265294985,-30.014188118489635,-19.47873799725608,-69.93326493132511,0.9139199379353626,-1.0307249744678781,0.47655786350148366,13.528783382789317,12.0,31.742520686794986,0.7074183976261128,4.0,0.43857566765578637,10.0,0.20771513353115728,14.0,0.11216617210682493,14.0,0.06112759643916914,14.0,0.029080118694362018,18.0,0.012462908011869436,21.0,0.37151335311572703,0.3293768545994065,0.5300592718035563,0.17091988130563798,0.3798219584569733,0.3103448275862069,0.1970326409495549,0.16201780415430267,0.5487603305785124,0.057566765578635014,0.1768545994065282,0.24556962025316456,0.06112759643916914,0.04451038575667656,0.5786516853932584
ETHUSDT,5m,FULL_ALIGNMENT,30,274,48.33511482013322,28.350397721571554,11.120971764350118,57.45926964937031,95.85007048535893,-37.53186031924073,-24.273345742406583,-82.29400610949044,3.0521778977114664,-2.5103935845144365,0.4489051094890511,13.39051094890511,12.0,17.7705288713785,0.7737226277372263,3.0,0.551094890510949,8.0,0.29927007299270075,11.0,0.17518248175182483,12.5,0.0948905109489051,12.5,0.05474452554744526,17.0,0.029197080291970802,20.5,0.4233576642335766,0.36496350364963503,0.5370370370370371,0.22627737226277372,0.43795620437956206,0.34065934065934067,0.2664233576642336,0.22262773722627738,0.5447761194029851,0.08394160583941605,0.24817518248175183,0.25274725274725274,0.0948905109489051,0.06934306569343066,0.5777777777777777
ETHUSDT,5m,DAILY_4H,60,997,52.18642243496125,31.28398159765622,12.443180375325547,64.0639214353822,109.25189114430366,-45.264493839994685,-29.024673194624206,-107.20404030321217,0.38513300215073065,-2.698188798075929,0.46940822467402205,26.15245737211635,22.0,40.944372481892344,0.7953861584754263,4.0,0.5817452357071213,14.0,0.3410230692076229,23.0,0.20762286860581744,28.0,0.1334002006018054,32.0,0.06118355065195587,32.0,0.03610832497492478,32.0,0.4483450351053159,0.4202607823470411,0.5161662817551963,0.25075225677031093,0.5075225677031093,0.3306878306878307,0.29889669007021064,0.26178535606820463,0.5330948121645797,0.1123370110330993,0.2938816449348044,0.2765432098765432,0.13039117352056168,0.10130391173520562,0.5627705627705628
ETHUSDT,5m,DAILY_4H_1H,60,568,60.057244685020535,35.81694185233797,14.27965753342919,74.47224229840843,129.89824486139213,-49.80593898356559,-33.004146149185345,-114.13026253739721,-0.5432527762021689,-4.326550639948135,0.4507042253521127,25.276408450704224,21.0,43.622568688807156,0.8257042253521126,4.0,0.6267605633802817,12.0,0.375,19.0,0.24647887323943662,23.0,0.15492957746478872,28.5,0.08098591549295775,30.5,0.0528169014084507,34.0,0.4647887323943662,0.43309859154929575,0.5176470588235295,0.2676056338028169,0.5422535211267606,0.33043478260869563,0.3274647887323944,0.2746478873239437,0.543859649122807,0.13028169014084506,0.3221830985915493,0.28793774319066145,0.14964788732394366,0.10915492957746478,0.5782312925170068
ETHUSDT,5m,DAILY_4H_1H_15M,60,274,68.96404131546993,38.997361881421,16.40133761507956,79.45818809987182,150.52084595002802,-54.13938104715852,-37.57234461772396,-123.21357067148897,1.654513578933055,-7.1501370704823985,0.41605839416058393,24.222627737226276,21.0,12.94191175404663,0.8284671532846716,3.0,0.6605839416058394,10.0,0.42700729927007297,19.0,0.2773722627737226,22.0,0.1678832116788321,24.0,0.10583941605839416,30.0,0.072992700729927,33.0,0.4781021897810219,0.42700729927007297,0.5282258064516129,0.3029197080291971,0.5474452554744526,0.3562231759656652,0.3613138686131387,0.3029197080291971,0.5439560439560439,0.13503649635036497,0.3722627737226277,0.26618705035971224,0.16058394160583941,0.13138686131386862,0.55
ETHUSDT,5m,DAILY_ONLY,60,1685,50.61708796851961,30.930628479695077,12.46885579254231,62.60416604440877,110.1499695909426,-43.06218475296327,-28.021417644058523,-97.79909858189463,1.654900140992585,-1.0038892612995731,0.486053412462908,26.437388724035607,23.0,32.40258233799139,0.7988130563798219,5.0,0.5756676557863502,14.0,0.3293768545994065,23.0,0.2,28.0,0.12344213649851632,31.0,0.06112759643916914,32.0,0.034421364985163204,34.5,0.45103857566765576,0.40712166172106823,0.5255878284923928,0.25044510385756674,0.4943620178041543,0.3362549800796813,0.30148367952522254,0.2427299703264095,0.5539803707742639,0.1086053412462908,0.2747774480712166,0.28328173374613,0.12106824925816023,0.09080118694362017,0.5714285714285714
ETHUSDT,5m,FULL_ALIGNMENT,60,274,68.96404131546993,38.997361881421,16.40133761507956,79.45818809987182,150.52084595002802,-54.13938104715852,-37.57234461772396,-123.21357067148897,1.654513578933055,-7.1501370704823985,0.41605839416058393,24.222627737226276,21.0,12.94191175404663,0.8284671532846716,3.0,0.6605839416058394,10.0,0.42700729927007297,19.0,0.2773722627737226,22.0,0.1678832116788321,24.0,0.10583941605839416,30.0,0.072992700729927,33.0,0.4781021897810219,0.42700729927007297,0.5282258064516129,0.3029197080291971,0.5474452554744526,0.3562231759656652,0.3613138686131387,0.3029197080291971,0.5439560439560439,0.13503649635036497,0.3722627737226277,0.26618705035971224,0.16058394160583941,0.13138686131386862,0.55
ETHUSDT,5m,DAILY_4H,120,997,72.92944079588258,45.25070605538417,19.141214968954046,91.41666389336223,166.62586333764688,-67.09206158621556,-45.365422321326236,-149.25576672346574,-3.3098581009327925,-5.681055230185583,0.4583751253761284,50.795386158475424,43.0,39.32749598167345,0.8555667001003009,6.0,0.6900702106318957,17.0,0.46940822467402205,33.5,0.3149448345035105,43.0,0.2246740220661986,51.0,0.11634904714142427,58.0,0.0712136409227683,60.0,0.49147442326980945,0.4684052156469408,0.5120167189132706,0.30190571715145437,0.5977933801404213,0.3355629877369008,0.39518555667001004,0.3650952858575727,0.5197889182058048,0.18254764292878636,0.4272818455366098,0.2993421052631579,0.21664994984954863,0.1905717151454363,0.5320197044334976
ETHUSDT,5m,DAILY_4H_1H,120,568,83.31484552859617,52.845476359516525,22.881328910193123,100.16748930180897,191.26962010660984,-73.43203705416065,-50.415745145879214,-155.1196599855137,-4.917367265163522,-7.3260148957049465,0.4471830985915493,49.75,40.0,37.50916065034264,0.875,4.0,0.7235915492957746,14.0,0.522887323943662,31.0,0.3609154929577465,41.0,0.2517605633802817,48.0,0.14612676056338028,55.0,0.09330985915492958,57.0,0.49471830985915494,0.4735915492957746,0.5109090909090909,0.31866197183098594,0.6161971830985915,0.3408662900188324,0.43661971830985913,0.375,0.5379609544468547,0.20422535211267606,0.4595070422535211,0.3076923076923077,0.23943661971830985,0.20950704225352113,0.5333333333333333
ETHUSDT,5m,DAILY_4H_1H_15M,120,274,96.0552548874551,57.04499576463462,24.384297736182447,103.96082604919033,240.58960443977242,-80.46394932253105,-57.684693057235,-165.14728711796454,-8.328514021897785,-11.937546989023161,0.4233576642335766,47.64598540145985,35.0,8.882990797481474,0.8795620437956204,4.0,0.7445255474452555,13.0,0.5474452554744526,27.0,0.38321167883211676,34.0,0.2591240875912409,41.0,0.17883211678832117,54.0,0.13138686131386862,58.5,0.49635036496350365,0.4635036496350365,0.5171102661596958,0.3248175182481752,0.6204379562043796,0.3436293436293436,0.4233576642335766,0.4124087591240876,0.5065502183406113,0.20072992700729927,0.5145985401459854,0.28061224489795916,0.24452554744525548,0.24452554744525548,0.5
ETHUSDT,5m,DAILY_ONLY,120,1685,70.34594663839863,43.49616862572958,18.966156425122005,87.97917882856554,160.76789790152327,-63.72201733089849,-42.9886170985716,-141.41342860923078,-0.256228047676909,-4.065841998915909,0.4682492581602374,51.468842729970326,45.0,32.54281926453407,0.858160237388724,6.0,0.68486646884273,19.0,0.45875370919881303,33.0,0.3062314540059347,43.0,0.21186943620178042,53.0,0.11157270029673591,56.0,0.06765578635014836,60.0,0.49258160237388726,0.45519287833827893,0.519724483406387,0.30445103857566763,0.5827893175074184,0.3431438127090301,0.39821958456973294,0.34955489614243324,0.5325396825396825,0.17626112759643917,0.41543026706231456,0.2978936810431294,0.20415430267062315,0.18456973293768547,0.5251908396946565
ETHUSDT,5m,FULL_ALIGNMENT,120,274,96.0552548874551,57.04499576463462,24.384297736182447,103.96082604919033,240.58960443977242,-80.46394932253105,-57.684693057235,-165.14728711796454,-8.328514021897785,-11.937546989023161,0.4233576642335766,47.64598540145985,35.0,8.882990797481474,0.8795620437956204,4.0,0.7445255474452555,13.0,0.5474452554744526,27.0,0.38321167883211676,34.0,0.2591240875912409,41.0,0.17883211678832117,54.0,0.13138686131386862,58.5,0.49635036496350365,0.4635036496350365,0.5171102661596958,0.3248175182481752,0.6204379562043796,0.3436293436293436,0.4233576642335766,0.4124087591240876,0.5065502183406113,0.20072992700729927,0.5145985401459854,0.28061224489795916,0.24452554744525548,0.24452554744525548,0.5
ETHUSDT,5m,DAILY_4H,240,997,104.9437885083774,63.328817177812354,28.707835366805767,133.76945635010128,240.30229990566096,-94.32896301273446,-61.92965749494017,-211.87948423513967,1.3167016365421353,-4.056744880295282,0.477432296890672,103.679037111334,92.0,42.330257980586204,0.9077231695085256,6.0,0.7903711133400201,22.0,0.6068204613841525,48.0,0.44433299899699097,67.0,0.35005015045135407,92.0,0.2136409227683049,106.0,0.13841524573721165,117.5,0.5075225677031093,0.477432296890672,0.515274949083503,0.3329989969909729,0.6318956870611836,0.34511434511434513,0.46940822467402205,0.43430290872617855,0.5194228634850167,0.25075225677031093,0.5315947843530592,0.32051282051282054,0.31895687061183553,0.29187562688064195,0.5221674876847291
ETHUSDT,5m,DAILY_4H_1H,240,568,116.49612712172683,70.65920255099334,33.619989889190904,145.91461841302666,283.18656821508165,-102.53554219552741,-70.72506929382715,-225.8866020843847,-1.8691971845454802,-8.89649924726732,0.4630281690140845,100.14084507042253,86.5,34.05793351993016,0.9190140845070423,5.0,0.8186619718309859,19.0,0.6514084507042254,43.0,0.4788732394366197,55.5,0.36971830985915494,82.5,0.24119718309859156,98.0,0.17077464788732394,112.0,0.5070422535211268,0.48063380281690143,0.5133689839572193,0.34507042253521125,0.6390845070422535,0.35062611806797855,0.5052816901408451,0.43133802816901406,0.5394736842105263,0.272887323943662,0.5545774647887324,0.32978723404255317,0.3362676056338028,0.31161971830985913,0.5190217391304348
ETHUSDT,5m,DAILY_4H_1H_15M,240,274,131.35973152837556,76.26242840230834,35.856311870522966,183.75573284382608,327.81992501127604,-111.9468550978037,-77.80651053263199,-240.45769996768553,-2.1189588019033145,-12.973278467339199,0.4562043795620438,95.71897810218978,76.5,6.213618102651398,0.927007299270073,4.0,0.8357664233576643,17.0,0.6605839416058394,36.0,0.5036496350364964,51.5,0.38321167883211676,74.0,0.2773722627737226,93.5,0.22262773722627738,97.0,0.5109489051094891,0.46715328467153283,0.5223880597014925,0.3467153284671533,0.6386861313868614,0.35185185185185186,0.4854014598540146,0.4562043795620438,0.5155038759689923,0.27007299270072993,0.583941605839416,0.3162393162393162,0.34306569343065696,0.35036496350364965,0.49473684210526314
ETHUSDT,5m,DAILY_ONLY,240,1685,101.50615726577513,63.5361133425838,28.58870271204017,129.40743959092282,236.05866748759442,-91.12865030516033,-60.71202136448295,-205.43499467858027,4.811200876223825,-1.0207206287626835,0.49317507418397627,106.32166172106825,95.0,35.11333358927133,0.9074183976261128,7.0,0.7875370919881306,24.0,0.6053412462908012,51.0,0.44747774480712166,70.5,0.34362017804154305,92.0,0.20415430267062315,105.0,0.1311572700296736,117.0,0.512759643916914,0.46943620178041545,0.5220543806646526,0.3353115727002967,0.6237388724035609,0.3496287128712871,0.47299703264094956,0.42136498516320475,0.528865295288653,0.2486646884272997,0.5287833827893175,0.3198473282442748,0.31275964391691397,0.29080118694362017,0.5181907571288102
ETHUSDT,5m,FULL_ALIGNMENT,240,274,131.35973152837556,76.26242840230834,35.856311870522966,183.75573284382608,327.81992501127604,-111.9468550978037,-77.80651053263199,-240.45769996768553,-2.1189588019033145,-12.973278467339199,0.4562043795620438,95.71897810218978,76.5,6.213618102651398,0.927007299270073,4.0,0.8357664233576643,17.0,0.6605839416058394,36.0,0.5036496350364964,51.5,0.38321167883211676,74.0,0.2773722627737226,93.5,0.22262773722627738,97.0,0.5109489051094891,0.46715328467153283,0.5223880597014925,0.3467153284671533,0.6386861313868614,0.35185185185185186,0.4854014598540146,0.4562043795620438,0.5155038759689923,0.27007299270072993,0.583941605839416,0.3162393162393162,0.34306569343065696,0.35036496350364965,0.49473684210526314
SOLUSDT,15m,DAILY_4H,15,287,34.0783601106656,18.86347559537871,7.5030886019700205,46.12458179821255,80.37032646066679,-27.829930285899895,-20.44859096428042,-61.39443668262867,2.753964796207022,0.0,0.49825783972125437,6.735191637630662,6.0,5.193346309685703,0.6759581881533101,2.0,0.4250871080139373,4.0,0.23344947735191637,5.0,0.1254355400696864,7.0,0.059233449477351915,6.0,0.024390243902439025,8.0,0.013937282229965157,7.0,0.34146341463414637,0.32752613240418116,0.5104166666666666,0.1951219512195122,0.3623693379790941,0.35,0.2264808362369338,0.13240418118466898,0.6310679611650486,0.059233449477351915,0.13937282229965156,0.2982456140350877,0.059233449477351915,0.027874564459930314,0.68
SOLUSDT,15m,DAILY_4H_1H,15,145,40.73818961336983,27.760152284264095,9.745401388718822,56.4140299239635,87.5725652548631,-30.608133621455643,-21.68090804744338,-67.01695320132406,2.468344199603944,3.033428380754266,0.5241379310344828,7.144827586206897,6.0,5.253866892708879,0.7448275862068966,2.0,0.5379310344827586,5.0,0.2827586206896552,7.0,0.15862068965517243,7.0,0.06206896551724138,5.0,0.034482758620689655,7.0,0.027586206896551724,7.0,0.4206896551724138,0.33793103448275863,0.5545454545454546,0.23448275862068965,0.4,0.3695652173913043,0.2689655172413793,0.15862068965517243,0.6290322580645161,0.06206896551724138,0.1724137931034483,0.2647058823529412,0.06206896551724138,0.041379310344827586,0.6
SOLUSDT,15m,DAILY_4H_1H_15M,15,145,40.73818961336983,27.760152284264095,9.745401388718822,56.4140299239635,87.5725652548631,-30.608133621455643,-21.68090804744338,-67.01695320132406,2.468344199603944,3.033428380754266,0.5241379310344828,7.144827586206897,6.0,5.253866892708879,0.7448275862068966,2.0,0.5379310344827586,5.0,0.2827586206896552,7.0,0.15862068965517243,7.0,0.06206896551724138,5.0,0.034482758620689655,7.0,0.027586206896551724,7.0,0.4206896551724138,0.33793103448275863,0.5545454545454546,0.23448275862068965,0.4,0.3695652173913043,0.2689655172413793,0.15862068965517243,0.6290322580645161,0.06206896551724138,0.1724137931034483,0.2647058823529412,0.06206896551724138,0.041379310344827586,0.6
SOLUSDT,15m,DAILY_ONLY,15,541,29.491365540673772,17.202354006338183,7.330781135457265,40.03304314672329,71.44372922119224,-26.751428026904364,-18.845700824500213,-56.58272234619122,-0.023645428044390272,-1.2868356710837858,0.4731977818853974,6.482439926062846,5.0,5.015682090325887,0.6709796672828097,2.0,0.3789279112754159,4.0,0.18114602587800369,7.0,0.09242144177449169,7.5,0.04805914972273567,7.0,0.012939001848428836,8.0,0.0073937153419593345,7.0,0.32162661737523107,0.31053604436229204,0.5087719298245614,0.15526802218114602,0.35304990757855825,0.3054545454545455,0.17744916820702403,0.11460258780036968,0.6075949367088608,0.04805914972273567,0.12384473197781885,0.27956989247311825,0.04805914972273567,0.027726432532347505,0.6341463414634146
SOLUSDT,15m,FULL_ALIGNMENT,15,136,41.00723071397822,29.2070484581497,10.74637457075478,54.94271311840326,84.2853688974865,-30.663037665484413,-21.854825155578904,-66.73971908256304,3.0752858367113154,3.1398273213623096,0.5294117647058824,7.3088235294117645,7.0,4.954235226576385,0.7573529411764706,2.0,0.5441176470588235,5.0,0.27941176470588236,6.0,0.15441176470588236,7.0,0.0661764705882353,5.0,0.03676470588235294,7.0,0.029411764705882353,7.0,0.4264705882352941,0.3382352941176471,0.5576923076923077,0.23529411764705882,0.39705882352941174,0.37209302325581395,0.2647058823529412,0.15441176470588236,0.631578947368421,0.0661764705882353,0.16911764705882354,0.28125,0.0661764705882353,0.04411764705882353,0.6
SOLUSDT,15m,DAILY_4H,30,287,50.733776420525096,31.469631805307596,10.486177795335783,64.00418742754321,109.754454887213,-38.44090572153181,-29.140359397765714,-92.08645328772435,5.828975860887629,-2.501876407304815,0.4634146341463415,13.72822299651568,14.0,6.217671119929765,0.7526132404181185,3.0,0.5574912891986062,6.0,0.3519163763066202,9.0,0.2229965156794425,14.0,0.1254355400696864,16.0,0.06968641114982578,19.5,0.03832752613240418,18.0,0.42160278745644597,0.4425087108013937,0.4879032258064516,0.25435540069686413,0.4878048780487805,0.3427230046948357,0.32752613240418116,0.18466898954703834,0.6394557823129252,0.11846689895470383,0.21602787456445993,0.3541666666666667,0.1254355400696864,0.059233449477351915,0.6792452830188679
SOLUSDT,15m,DAILY_4H_1H,30,145,57.79518691197195,41.90751445086516,12.381345439538283,78.64284911807573,114.02358794181475,-43.91733228189347,-30.772872529292172,-98.65722979883351,4.6518944713416674,0.0,0.4896551724137931,13.862068965517242,13.0,5.554110192223461,0.7931034482758621,2.0,0.6482758620689655,6.0,0.42758620689655175,9.5,0.296551724137931,14.0,0.15172413793103448,18.0,0.07586206896551724,20.0,0.041379310344827586,9.0,0.4827586206896552,0.41379310344827586,0.5384615384615384,0.30344827586206896,0.4896551724137931,0.3826086956521739,0.3931034482758621,0.2206896551724138,0.6404494382022472,0.13793103448275862,0.2689655172413793,0.3389830508474576,0.15172413793103448,0.07586206896551724,0.6666666666666666
SOLUSDT,15m,DAILY_4H_1H_15M,30,145,57.79518691197195,41.90751445086516,12.381345439538283,78.64284911807573,114.02358794181475,-43.91733228189347,-30.772872529292172,-98.65722979883351,4.6518944713416674,0.0,0.4896551724137931,13.862068965517242,13.0,5.554110192223461,0.7931034482758621,2.0,0.6482758620689655,6.0,0.42758620689655175,9.5,0.296551724137931,14.0,0.15172413793103448,18.0,0.07586206896551724,20.0,0.041379310344827586,9.0,0.4827586206896552,0.41379310344827586,0.5384615384615384,0.30344827586206896,0.4896551724137931,0.3826086956521739,0.3931034482758621,0.2206896551724138,0.6404494382022472,0.13793103448275862,0.2689655172413793,0.3389830508474576,0.15172413793103448,0.07586206896551724,0.6666666666666666
SOLUSDT,15m,DAILY_ONLY,30,541,42.92593663252695,27.40334765219732,10.278048252732042,54.83994388471025,93.61273133146054,-37.43092885684115,-27.337342810278553,-88.16547982366862,0.4471490115287336,-3.6678403755852074,0.4491682070240296,13.279112754158964,12.0,5.7000227877740395,0.7541589648798521,3.0,0.5286506469500925,7.0,0.2846580406654344,11.0,0.16266173752310537,14.0,0.09057301293900184,14.0,0.04621072088724584,20.0,0.024029574861367836,21.0,0.4177449168207024,0.42513863216266173,0.4956140350877193,0.21072088724584104,0.48613678373382624,0.30238726790450926,0.266173752310536,0.20147874306839186,0.5691699604743083,0.08687615526802218,0.2255083179297597,0.2781065088757396,0.09057301293900184,0.059149722735674676,0.6049382716049383
SOLUSDT,15m,FULL_ALIGNMENT,30,136,58.90496831478342,42.401052483197475,13.135497002454976,78.7319722565949,120.20214809015606,-44.04685867842005,-30.638283447068094,-98.58946799874812,5.747956971626402,0.3955070400252225,0.5,14.264705882352942,14.0,5.2884332063716375,0.8014705882352942,2.0,0.6544117647058824,6.0,0.4338235294117647,10.0,0.3014705882352941,15.0,0.16176470588235295,18.0,0.08088235294117647,20.0,0.04411764705882353,9.0,0.4852941176470588,0.4117647058823529,0.5409836065573771,0.3088235294117647,0.4852941176470588,0.3888888888888889,0.39705882352941174,0.21323529411764705,0.6506024096385542,0.14705882352941177,0.2647058823529412,0.35714285714285715,0.16176470588235295,0.07352941176470588,0.6875
SOLUSDT,15m,DAILY_4H,60,287,67.53745440909557,44.205000690702434,14.011920548020473,89.64821474014784,162.88533693850803,-56.37101114062196,-40.713028169012674,-125.64698913726113,0.3940942900978463,-2.392630697453102,0.4808362369337979,25.317073170731707,20.0,7.089232410646949,0.8083623693379791,3.0,0.6376306620209059,8.0,0.46689895470383275,15.0,0.32752613240418116,18.0,0.21254355400696864,25.0,0.12195121951219512,28.0,0.0627177700348432,28.5,0.44947735191637633,0.4912891986062718,0.4777777777777778,0.30313588850174217,0.5714285714285714,0.3466135458167331,0.4146341463414634,0.289198606271777,0.5891089108910891,0.1951219512195122,0.3519163763066202,0.35668789808917195,0.20905923344947736,0.13240418118466898,0.6122448979591837
SOLUSDT,15m,DAILY_4H_1H,60,145,74.67909401929121,54.180519640438796,18.513244090001546,97.53593429158158,179.99472581086712,-62.10983877652045,-43.18854886475876,-138.10510523966292,-1.0662437725329517,-2.392630697453102,0.47586206896551725,22.882758620689657,18.0,5.50414892825247,0.8344827586206897,2.0,0.696551724137931,7.0,0.5241379310344828,13.0,0.38620689655172413,18.0,0.2413793103448276,24.0,0.13793103448275862,28.5,0.07586206896551724,30.0,0.496551724137931,0.4413793103448276,0.5294117647058824,0.35172413793103446,0.5379310344827586,0.3953488372093023,0.47586206896551725,0.3103448275862069,0.6052631578947368,0.22758620689655173,0.3931034482758621,0.36666666666666664,0.2413793103448276,0.16551724137931034,0.5932203389830508
SOLUSDT,15m,DAILY_4H_1H_15M,60,145,74.67909401929121,54.180519640438796,18.513244090001546,97.53593429158158,179.99472581086712,-62.10983877652045,-43.18854886475876,-138.10510523966292,-1.0662437725329517,-2.392630697453102,0.47586206896551725,22.882758620689657,18.0,5.50414892825247,0.8344827586206897,2.0,0.696551724137931,7.0,0.5241379310344828,13.0,0.38620689655172413,18.0,0.2413793103448276,24.0,0.13793103448275862,28.5,0.07586206896551724,30.0,0.496551724137931,0.4413793103448276,0.5294117647058824,0.35172413793103446,0.5379310344827586,0.3953488372093023,0.47586206896551725,0.3103448275862069,0.6052631578947368,0.22758620689655173,0.3931034482758621,0.36666666666666664,0.2413793103448276,0.16551724137931034,0.5932203389830508
SOLUSDT,15m,DAILY_ONLY,60,541,58.886520754504964,39.5427421094241,13.871228759680942,78.1187724192911,130.42203985931923,-53.601580498596945,-36.58536585365746,-120.36108324975037,-0.3175790194600295,-1.5372790161405359,0.4805914972273567,25.68761552680222,21.0,6.139822980859017,0.8096118299445472,3.0,0.6303142329020333,10.0,0.40850277264325324,17.0,0.266173752310536,21.0,0.16820702402957485,26.0,0.08687615526802218,29.0,0.04251386321626617,30.0,0.46210720887245843,0.47504621072088726,0.4930966469428008,0.2828096118299446,0.5730129390018485,0.3304535637149028,0.36968576709796674,0.3049907578558225,0.547945205479452,0.1534195933456562,0.3512014787430684,0.304029304029304,0.1645101663585952,0.12939001848428835,0.559748427672956
SOLUSDT,15m,FULL_ALIGNMENT,60,136,76.14960545793222,54.37538942458464,20.236096553164494,98.84701517015704,183.9370150575781,-61.322410755612204,-42.23574791602513,-135.61790513009987,0.36391986328687703,-1.8317709218818035,0.4852941176470588,23.227941176470587,18.0,5.767450924250101,0.8455882352941176,2.0,0.7058823529411765,7.0,0.5294117647058824,13.0,0.3897058823529412,18.0,0.25,23.5,0.13970588235294118,27.0,0.08088235294117647,30.0,0.5,0.4411764705882353,0.53125,0.35294117647058826,0.5367647058823529,0.39669421487603307,0.47794117647058826,0.3014705882352941,0.6132075471698113,0.23529411764705882,0.3897058823529412,0.3764705882352941,0.25,0.16911764705882354,0.5964912280701754
SOLUSDT,15m,DAILY_4H,120,287,90.3499117102539,61.64631935210885,21.47156803971928,124.95976315896162,205.02960753447002,-82.06932556519115,-53.51326198231643,-172.4875014870939,5.825133631927153,-1.2232415902146965,0.4912891986062718,52.12543554006969,43.0,5.366539991796157,0.867595818815331,4.0,0.710801393728223,9.5,0.5714285714285714,20.0,0.4146341463414634,27.0,0.3205574912891986,39.5,0.20209059233449478,52.0,0.10801393728222997,48.0,0.46689895470383275,0.5121951219512195,0.47686832740213525,0.33797909407665505,0.6132404181184669,0.3553113553113553,0.47735191637630664,0.3832752613240418,0.5546558704453441,0.2578397212543554,0.47735191637630664,0.35071090047393366,0.2961672473867596,0.24041811846689895,0.551948051948052
SOLUSDT,15m,DAILY_4H_1H,120,145,100.34867373088295,69.55657682275351,30.298439630356278,132.68906273968594,221.68817013685336,-91.29018148294182,-66.20395088093977,-190.45016860608445,5.034094090382549,-1.2232415902146965,0.4896551724137931,51.36551724137931,42.0,4.908017668129337,0.8827586206896552,2.0,0.7655172413793103,7.0,0.6275862068965518,17.0,0.47586206896551725,22.0,0.36551724137931035,38.0,0.22758620689655173,47.0,0.1310344827586207,48.0,0.5241379310344828,0.4482758620689655,0.5390070921985816,0.38620689655172413,0.5724137931034483,0.4028776978417266,0.5310344827586206,0.3586206896551724,0.5968992248062015,0.3103448275862069,0.4827586206896552,0.391304347826087,0.33793103448275863,0.27586206896551724,0.550561797752809
SOLUSDT,15m,DAILY_4H_1H_15M,120,145,100.34867373088295,69.55657682275351,30.298439630356278,132.68906273968594,221.68817013685336,-91.29018148294182,-66.20395088093977,-190.45016860608445,5.034094090382549,-1.2232415902146965,0.4896551724137931,51.36551724137931,42.0,4.908017668129337,0.8827586206896552,2.0,0.7655172413793103,7.0,0.6275862068965518,17.0,0.47586206896551725,22.0,0.36551724137931035,38.0,0.22758620689655173,47.0,0.1310344827586207,48.0,0.5241379310344828,0.4482758620689655,0.5390070921985816,0.38620689655172413,0.5724137931034483,0.4028776978417266,0.5310344827586206,0.3586206896551724,0.5968992248062015,0.3103448275862069,0.4827586206896552,0.391304347826087,0.33793103448275863,0.27586206896551724,0.550561797752809
SOLUSDT,15m,DAILY_ONLY,120,541,80.37428083068589,54.06704313348554,19.323671497584183,108.49416639406861,185.36350505536925,-78.19638710672949,-51.99560600512743,-171.9576719576721,0.603443725739567,-2.335357309667385,0.48428835489833644,51.7634011090573,46.0,5.498067614357623,0.8650646950092421,4.0,0.7060998151571165,12.0,0.5286506469500925,27.0,0.3807763401109057,33.5,0.27726432532347506,48.0,0.15711645101663585,57.0,0.08317929759704251,57.0,0.47689463955637706,0.5064695009242144,0.4849624060150376,0.3234750462107209,0.634011090573013,0.33783783783783783,0.4454713493530499,0.4011090573012939,0.5262008733624454,0.22181146025878004,0.4787430683918669,0.316622691292876,0.2587800369685767,0.22920517560073936,0.5303030303030303
SOLUSDT,15m,FULL_ALIGNMENT,120,136,103.05973443171628,72.04989400522832,30.374609907588557,143.8945643613515,222.575180884661,-90.12647817540825,-64.26567478271085,-180.3317510280722,8.464585778221972,-0.6116207951073482,0.49264705882352944,51.669117647058826,42.5,5.118021703107081,0.8897058823529411,3.0,0.7720588235294118,8.0,0.6323529411764706,17.0,0.4852941176470588,22.0,0.38235294117647056,38.0,0.23529411764705882,49.5,0.13970588235294118,48.0,0.5220588235294118,0.4485294117647059,0.5378787878787878,0.3897058823529412,0.5735294117647058,0.40458015267175573,0.5367647058823529,0.35294117647058826,0.6033057851239669,0.3235294117647059,0.47794117647058826,0.4036697247706422,0.35294117647058826,0.27205882352941174,0.5647058823529412
SOLUSDT,15m,DAILY_4H,240,287,131.53526279328773,89.46572580645018,33.819921888438294,187.1988807123115,287.52280831524905,-112.41456880015085,-76.8129770992354,-246.46496074830338,7.539464868619157,1.3785497656448875,0.519163763066202,108.88153310104529,115.0,5.098316789241801,0.9128919860627178,4.0,0.7874564459930313,12.0,0.6794425087108014,29.0,0.5505226480836237,41.0,0.47735191637630664,77.0,0.31010452961672474,86.0,0.21602787456445993,119.0,0.47038327526132406,0.5156794425087108,0.47703180212014135,0.3519163763066202,0.6236933797909407,0.3607142857142857,0.5156794425087108,0.4076655052264808,0.5584905660377358,0.34146341463414637,0.5365853658536586,0.3888888888888889,0.4146341463414634,0.3240418118466899,0.5613207547169812
SOLUSDT,15m,DAILY_4H_1H,240,145,148.70409495314198,107.09662233729489,42.8945905155298,205.93187410957282,344.9463966258945,-121.96648551753493,-85.22090154743367,-256.065822667201,5.004291291359477,1.1220825852764627,0.503448275862069,109.79310344827586,113.0,5.902190775596032,0.9172413793103448,3.0,0.8275862068965517,8.0,0.7241379310344828,20.0,0.593103448275862,30.5,0.5310344827586206,75.0,0.3793103448275862,102.0,0.2620689655172414,118.0,0.5241379310344828,0.45517241379310347,0.5352112676056338,0.3931034482758621,0.5793103448275863,0.40425531914893614,0.5655172413793104,0.3724137931034483,0.6029411764705882,0.38620689655172413,0.5379310344827586,0.417910447761194,0.4482758620689655,0.35172413793103446,0.5603448275862069
SOLUSDT,15m,DAILY_4H_1H_15M,240,145,148.70409495314198,107.09662233729489,42.8945905155298,205.93187410957282,344.9463966258945,-121.96648551753493,-85.22090154743367,-256.065822667201,5.004291291359477,1.1220825852764627,0.503448275862069,109.79310344827586,113.0,5.902190775596032,0.9172413793103448,3.0,0.8275862068965517,8.0,0.7241379310344828,20.0,0.593103448275862,30.5,0.5310344827586206,75.0,0.3793103448275862,102.0,0.2620689655172414,118.0,0.5241379310344828,0.45517241379310347,0.5352112676056338,0.3931034482758621,0.5793103448275863,0.40425531914893614,0.5655172413793104,0.3724137931034483,0.6029411764705882,0.38620689655172413,0.5379310344827586,0.417910447761194,0.4482758620689655,0.35172413793103446,0.5603448275862069
SOLUSDT,15m,DAILY_ONLY,240,541,117.1861461306104,79.58115183246184,31.24651266599665,156.75946827188315,274.6850873628604,-111.37628146355316,-76.86877402149128,-246.8373958654724,1.4285704478933883,0.7865963973885393,0.5009242144177449,108.21441774491682,106.0,5.329096849070981,0.9131238447319778,4.0,0.7874306839186691,16.0,0.6524953789279113,37.0,0.5231053604436229,56.0,0.4232902033271719,84.0,0.266173752310536,102.5,0.17744916820702403,123.0,0.4805914972273567,0.5101663585951941,0.48507462686567165,0.3345656192236599,0.6469500924214417,0.3408662900188324,0.48428835489833644,0.4491682070240296,0.5188118811881188,0.2902033271719039,0.5693160813308688,0.33763440860215055,0.36414048059149723,0.34011090573012936,0.5170603674540682
SOLUSDT,15m,FULL_ALIGNMENT,240,136,153.20726123074832,108.37535378326102,42.93946742982446,230.62803224365936,351.7143111923793,-120.1525567470971,-87.03065027496294,-249.43583626354905,10.654549489145719,2.1677250972651496,0.5073529411764706,111.66176470588235,114.0,6.141718868914675,0.9264705882352942,3.0,0.8382352941176471,8.0,0.7352941176470589,21.0,0.6029411764705882,30.5,0.5367647058823529,71.0,0.3897058823529412,102.0,0.27941176470588236,118.0,0.5220588235294118,0.45588235294117646,0.5338345864661654,0.39705882352941174,0.5808823529411765,0.40601503759398494,0.5735294117647058,0.36764705882352944,0.609375,0.3897058823529412,0.5367647058823529,0.42063492063492064,0.4485294117647059,0.35294117647058826,0.5596330275229358
SOLUSDT,1h,DAILY_4H,15,61,36.29144525758096,18.74819728872268,8.118640398355748,44.381175682466356,83.14765501874932,-28.01881103428201,-21.696842735298148,-54.56852791878131,5.816874848419372,-3.8358266206350855,0.4426229508196721,7.016393442622951,6.0,3.135462757482323,0.7377049180327869,2.0,0.4262295081967213,4.0,0.21311475409836064,6.0,0.13114754098360656,12.5,0.06557377049180328,9.0,0.04918032786885246,8.0,0.01639344262295082,9.0,0.4098360655737705,0.3442622950819672,0.5434782608695652,0.16393442622950818,0.4426229508196721,0.2702702702702703,0.21311475409836064,0.14754098360655737,0.5909090909090909,0.06557377049180328,0.14754098360655737,0.3076923076923077,0.06557377049180328,0.03278688524590164,0.6666666666666666
SOLUSDT,1h,DAILY_4H_1H,15,61,36.29144525758096,18.74819728872268,8.118640398355748,44.381175682466356,83.14765501874932,-28.01881103428201,-21.696842735298148,-54.56852791878131,5.816874848419372,-3.8358266206350855,0.4426229508196721,7.016393442622951,6.0,3.135462757482323,0.7377049180327869,2.0,0.4262295081967213,4.0,0.21311475409836064,6.0,0.13114754098360656,12.5,0.06557377049180328,9.0,0.04918032786885246,8.0,0.01639344262295082,9.0,0.4098360655737705,0.3442622950819672,0.5434782608695652,0.16393442622950818,0.4426229508196721,0.2702702702702703,0.21311475409836064,0.14754098360655737,0.5909090909090909,0.06557377049180328,0.14754098360655737,0.3076923076923077,0.06557377049180328,0.03278688524590164,0.6666666666666666
SOLUSDT,1h,DAILY_4H_1H_15M,15,56,37.8129531192448,22.52638417565178,10.548727520252044,44.67021691667738,86.90339576381433,-28.425390907299622,-22.077834110952875,-53.85139023950436,6.712201142044279,-4.315611520036566,0.44642857142857145,7.339285714285714,7.0,3.3424039317331644,0.7678571428571429,2.0,0.44642857142857145,5.0,0.21428571428571427,7.0,0.14285714285714285,12.5,0.07142857142857142,9.0,0.05357142857142857,8.0,0.017857142857142856,9.0,0.42857142857142855,0.3392857142857143,0.5581395348837209,0.16071428571428573,0.44642857142857145,0.2647058823529412,0.21428571428571427,0.14285714285714285,0.6,0.07142857142857142,0.14285714285714285,0.3333333333333333,0.07142857142857142,0.03571428571428571,0.6666666666666666
SOLUSDT,1h,DAILY_ONLY,15,125,33.99186959555824,20.13963480128833,7.329587099926815,50.04228925852949,82.18062530328176,-28.899871670403257,-22.4588254866076,-57.85577474851045,5.180139705283287,0.791389680279142,0.504,7.048,6.0,3.5537094505812012,0.688,2.0,0.432,5.0,0.256,9.0,0.128,10.5,0.048,11.5,0.024,8.0,0.008,9.0,0.392,0.384,0.5051546391752577,0.2,0.456,0.3048780487804878,0.24,0.16,0.6,0.048,0.168,0.2222222222222222,0.048,0.032,0.6
SOLUSDT,1h,FULL_ALIGNMENT,15,56,37.8129531192448,22.52638417565178,10.548727520252044,44.67021691667738,86.90339576381433,-28.425390907299622,-22.077834110952875,-53.85139023950436,6.712201142044279,-4.315611520036566,0.44642857142857145,7.339285714285714,7.0,3.3424039317331644,0.7678571428571429,2.0,0.44642857142857145,5.0,0.21428571428571427,7.0,0.14285714285714285,12.5,0.07142857142857142,9.0,0.05357142857142857,8.0,0.017857142857142856,9.0,0.42857142857142855,0.3392857142857143,0.5581395348837209,0.16071428571428573,0.44642857142857145,0.2647058823529412,0.21428571428571427,0.14285714285714285,0.6,0.07142857142857142,0.14285714285714285,0.3333333333333333,0.07142857142857142,0.03571428571428571,0.6666666666666666
SOLUSDT,1h,DAILY_4H,30,61,46.299560722436055,25.542784163474774,15.312131919904548,63.59419422415024,93.2424303188295,-36.61965435838752,-31.788727228267977,-63.52958558026201,3.552726902378124,-4.848354253084164,0.45901639344262296,12.60655737704918,10.0,3.712383528173679,0.8360655737704918,2.0,0.5409836065573771,7.0,0.2786885245901639,9.0,0.19672131147540983,14.0,0.09836065573770492,12.5,0.04918032786885246,8.0,0.01639344262295082,9.0,0.45901639344262296,0.4918032786885246,0.4827586206896552,0.19672131147540983,0.6229508196721312,0.24,0.26229508196721313,0.18032786885245902,0.5925925925925926,0.09836065573770492,0.19672131147540983,0.3333333333333333,0.09836065573770492,0.03278688524590164,0.75
SOLUSDT,1h,DAILY_4H_1H,30,61,46.299560722436055,25.542784163474774,15.312131919904548,63.59419422415024,93.2424303188295,-36.61965435838752,-31.788727228267977,-63.52958558026201,3.552726902378124,-4.848354253084164,0.45901639344262296,12.60655737704918,10.0,3.712383528173679,0.8360655737704918,2.0,0.5409836065573771,7.0,0.2786885245901639,9.0,0.19672131147540983,14.0,0.09836065573770492,12.5,0.04918032786885246,8.0,0.01639344262295082,9.0,0.45901639344262296,0.4918032786885246,0.4827586206896552,0.19672131147540983,0.6229508196721312,0.24,0.26229508196721313,0.18032786885245902,0.5925925925925926,0.09836065573770492,0.19672131147540983,0.3333333333333333,0.09836065573770492,0.03278688524590164,0.75
SOLUSDT,1h,DAILY_4H_1H_15M,30,56,48.24534448598174,27.578760992842398,15.410573823673168,64.40029707182104,98.26077105923426,-37.39618672718431,-31.475708982713904,-68.03184085674042,4.048078504697077,-5.738068961112508,0.44642857142857145,12.732142857142858,10.5,3.6405014042268795,0.8571428571428571,2.0,0.5714285714285714,7.0,0.2857142857142857,10.5,0.21428571428571427,14.0,0.10714285714285714,12.5,0.05357142857142857,8.0,0.017857142857142856,9.0,0.48214285714285715,0.48214285714285715,0.5,0.19642857142857142,0.625,0.2391304347826087,0.26785714285714285,0.17857142857142858,0.6,0.10714285714285714,0.19642857142857142,0.35294117647058826,0.10714285714285714,0.03571428571428571,0.75
SOLUSDT,1h,DAILY_ONLY,30,125,44.41043131980022,25.542784163474774,10.649627263044081,66.81860561483344,93.55496331946212,-37.47486727540407,-30.487804878048806,-83.30537692702222,3.5474765536121726,-2.1519259737468044,0.472,13.872,12.0,4.7793430177144245,0.76,2.0,0.52,6.0,0.32,9.0,0.192,14.0,0.096,15.0,0.04,13.0,0.016,16.5,0.44,0.472,0.4824561403508772,0.24,0.56,0.3,0.288,0.224,0.5625,0.088,0.24,0.2682926829268293,0.096,0.064,0.6
SOLUSDT,1h,FULL_ALIGNMENT,30,56,48.24534448598174,27.578760992842398,15.410573823673168,64.40029707182104,98.26077105923426,-37.39618672718431,-31.475708982713904,-68.03184085674042,4.048078504697077,-5.738068961112508,0.44642857142857145,12.732142857142858,10.5,3.6405014042268795,0.8571428571428571,2.0,0.5714285714285714,7.0,0.2857142857142857,10.5,0.21428571428571427,14.0,0.10714285714285714,12.5,0.05357142857142857,8.0,0.017857142857142856,9.0,0.48214285714285715,0.48214285714285715,0.5,0.19642857142857142,0.625,0.2391304347826087,0.26785714285714285,0.17857142857142858,0.6,0.10714285714285714,0.19642857142857142,0.35294117647058826,0.10714285714285714,0.03571428571428571,0.75
SOLUSDT,1h,DAILY_4H,60,61,66.16011542605796,35.30733429625954,21.736350850274366,83.14765501874932,131.0537018904867,-54.75994423282807,-42.402826855123536,-104.02002189895177,8.294954152322036,-2.4648755237854925,0.45901639344262296,27.18032786885246,28.0,4.696346125959429,0.9016393442622951,4.0,0.6885245901639344,9.0,0.36065573770491804,13.0,0.2786885245901639,18.0,0.19672131147540983,30.0,0.08196721311475409,13.0,0.04918032786885246,31.0,0.4918032786885246,0.5081967213114754,0.4918032786885246,0.22950819672131148,0.6885245901639344,0.25,0.32786885245901637,0.3442622950819672,0.4878048780487805,0.18032786885245902,0.3770491803278688,0.3235294117647059,0.19672131147540983,0.11475409836065574,0.631578947368421
SOLUSDT,1h,DAILY_4H_1H,60,61,66.16011542605796,35.30733429625954,21.736350850274366,83.14765501874932,131.0537018904867,-54.75994423282807,-42.402826855123536,-104.02002189895177,8.294954152322036,-2.4648755237854925,0.45901639344262296,27.18032786885246,28.0,4.696346125959429,0.9016393442622951,4.0,0.6885245901639344,9.0,0.36065573770491804,13.0,0.2786885245901639,18.0,0.19672131147540983,30.0,0.08196721311475409,13.0,0.04918032786885246,31.0,0.4918032786885246,0.5081967213114754,0.4918032786885246,0.22950819672131148,0.6885245901639344,0.25,0.32786885245901637,0.3442622950819672,0.4878048780487805,0.18032786885245902,0.3770491803278688,0.3235294117647059,0.19672131147540983,0.11475409836065574,0.631578947368421
SOLUSDT,1h,DAILY_4H_1H_15M,60,56,67.69190870065957,35.746197517734224,23.041896930411365,81.2512800881282,135.55239485434245,-54.85361609677846,-42.994321897346644,-98.20000400762751,10.484461221352825,-2.349132345924043,0.4642857142857143,26.678571428571427,25.0,4.4222617861544,0.9285714285714286,4.0,0.6964285714285714,9.0,0.35714285714285715,13.0,0.26785714285714285,15.0,0.17857142857142858,19.5,0.08928571428571429,13.0,0.05357142857142857,31.0,0.5,0.5,0.5,0.21428571428571427,0.6964285714285714,0.23529411764705882,0.32142857142857145,0.3392857142857143,0.4864864864864865,0.16071428571428573,0.375,0.3,0.17857142857142858,0.10714285714285714,0.625
SOLUSDT,1h,DAILY_ONLY,60,125,61.05040583668262,37.30183400683762,17.03660436137122,83.14765501874932,127.35717559695122,-53.936399772756296,-37.585507028490284,-109.36670586711416,5.004864032246615,-2.233389168062594,0.48,27.656,28.0,5.2882995133547634,0.84,3.0,0.64,7.5,0.408,12.0,0.28,18.0,0.192,27.0,0.088,31.0,0.032,27.5,0.464,0.48,0.4915254237288136,0.28,0.592,0.3211009174311927,0.368,0.328,0.5287356321839081,0.16,0.376,0.29850746268656714,0.192,0.144,0.5714285714285714
SOLUSDT,1h,FULL_ALIGNMENT,60,56,67.69190870065957,35.746197517734224,23.041896930411365,81.2512800881282,135.55239485434245,-54.85361609677846,-42.994321897346644,-98.20000400762751,10.484461221352825,-2.349132345924043,0.4642857142857143,26.678571428571427,25.0,4.4222617861544,0.9285714285714286,4.0,0.6964285714285714,9.0,0.35714285714285715,13.0,0.26785714285714285,15.0,0.17857142857142858,19.5,0.08928571428571429,13.0,0.05357142857142857,31.0,0.5,0.5,0.5,0.21428571428571427,0.6964285714285714,0.23529411764705882,0.32142857142857145,0.3392857142857143,0.4864864864864865,0.16071428571428573,0.375,0.3,0.17857142857142858,0.10714285714285714,0.625
SOLUSDT,1h,DAILY_4H,120,61,101.58973238094381,45.53734061931047,25.59103095296056,105.0395373539481,268.1803224744983,-75.72079172180692,-59.95062889385117,-156.00465987945176,19.259934160313353,-22.40247199690959,0.32786885245901637,50.39344262295082,42.0,8.067290700435503,0.9344262295081968,4.0,0.7868852459016393,11.0,0.4918032786885246,26.5,0.3442622950819672,26.0,0.26229508196721313,38.5,0.18032786885245902,66.0,0.14754098360655737,78.0,0.4918032786885246,0.5081967213114754,0.4918032786885246,0.26229508196721313,0.7213114754098361,0.26666666666666666,0.39344262295081966,0.4918032786885246,0.4444444444444444,0.2459016393442623,0.5737704918032787,0.3,0.26229508196721313,0.19672131147540983,0.5714285714285714
SOLUSDT,1h,DAILY_4H_1H,120,61,101.58973238094381,45.53734061931047,25.59103095296056,105.0395373539481,268.1803224744983,-75.72079172180692,-59.95062889385117,-156.00465987945176,19.259934160313353,-22.40247199690959,0.32786885245901637,50.39344262295082,42.0,8.067290700435503,0.9344262295081968,4.0,0.7868852459016393,11.0,0.4918032786885246,26.5,0.3442622950819672,26.0,0.26229508196721313,38.5,0.18032786885245902,66.0,0.14754098360655737,78.0,0.4918032786885246,0.5081967213114754,0.4918032786885246,0.26229508196721313,0.7213114754098361,0.26666666666666666,0.39344262295081966,0.4918032786885246,0.4444444444444444,0.2459016393442623,0.5737704918032787,0.3,0.26229508196721313,0.19672131147540983,0.5714285714285714
SOLUSDT,1h,DAILY_4H_1H_15M,120,56,104.92900119035902,45.081560785238395,25.57896925558911,99.84895279200046,277.1027525632253,-74.45112511593652,-59.09670090903208,-139.28257974456568,22.217915694068893,-23.516506934415094,0.30357142857142855,49.589285714285715,41.0,8.083435320667947,0.9464285714285714,4.0,0.7857142857142857,10.5,0.48214285714285715,26.0,0.3392857142857143,20.0,0.25,37.5,0.19642857142857142,66.0,0.16071428571428573,78.0,0.5,0.5,0.5,0.25,0.7321428571428571,0.2545454545454545,0.39285714285714285,0.48214285714285715,0.4489795918367347,0.23214285714285715,0.5714285714285714,0.28888888888888886,0.25,0.17857142857142858,0.5833333333333334
SOLUSDT,1h,DAILY_ONLY,120,125,87.76224375536653,50.45683894722597,24.538106235565404,108.54007633587682,214.77575402477817,-76.24058454009399,-51.8368266846958,-170.9334524516326,8.004802076192659,-5.638567803776251,0.44,49.304,42.0,7.36369451906047,0.872,4.0,0.744,9.0,0.512,17.5,0.368,28.5,0.264,38.0,0.152,46.0,0.112,72.0,0.472,0.512,0.4796747967479675,0.304,0.64,0.3220338983050847,0.432,0.432,0.5,0.224,0.512,0.30434782608695654,0.256,0.232,0.5245901639344263
SOLUSDT,1h,FULL_ALIGNMENT,120,56,104.92900119035902,45.081560785238395,25.57896925558911,99.84895279200046,277.1027525632253,-74.45112511593652,-59.09670090903208,-139.28257974456568,22.217915694068893,-23.516506934415094,0.30357142857142855,49.589285714285715,41.0,8.083435320667947,0.9464285714285714,4.0,0.7857142857142857,10.5,0.48214285714285715,26.0,0.3392857142857143,20.0,0.25,37.5,0.19642857142857142,66.0,0.16071428571428573,78.0,0.5,0.5,0.5,0.25,0.7321428571428571,0.2545454545454545,0.39285714285714285,0.48214285714285715,0.4489795918367347,0.23214285714285715,0.5714285714285714,0.28888888888888886,0.25,0.17857142857142858,0.5833333333333334
SOLUSDT,1h,DAILY_4H,240,61,142.01680011487215,67.14225765841242,33.03055326176807,157.13610586011396,370.7491690104847,-111.57501757520889,-81.04738154613544,-202.8101802757165,25.72961707159827,-1.1587485515629492,0.4918032786885246,118.31147540983606,118.0,10.402685381741525,0.9508196721311475,4.5,0.8360655737704918,11.0,0.639344262295082,46.0,0.4918032786885246,39.5,0.3770491803278688,49.0,0.2786885245901639,91.0,0.22950819672131148,95.0,0.4918032786885246,0.5081967213114754,0.4918032786885246,0.26229508196721313,0.7377049180327869,0.26229508196721313,0.39344262295081966,0.5573770491803278,0.41379310344827586,0.2786885245901639,0.6557377049180327,0.2982456140350877,0.36065573770491804,0.36065573770491804,0.5
SOLUSDT,1h,DAILY_4H_1H,240,61,142.01680011487215,67.14225765841242,33.03055326176807,157.13610586011396,370.7491690104847,-111.57501757520889,-81.04738154613544,-202.8101802757165,25.72961707159827,-1.1587485515629492,0.4918032786885246,118.31147540983606,118.0,10.402685381741525,0.9508196721311475,4.5,0.8360655737704918,11.0,0.639344262295082,46.0,0.4918032786885246,39.5,0.3770491803278688,49.0,0.2786885245901639,91.0,0.22950819672131148,95.0,0.4918032786885246,0.5081967213114754,0.4918032786885246,0.26229508196721313,0.7377049180327869,0.26229508196721313,0.39344262295081966,0.5573770491803278,0.41379310344827586,0.2786885245901639,0.6557377049180327,0.2982456140350877,0.36065573770491804,0.36065573770491804,0.5
SOLUSDT,1h,DAILY_4H_1H_15M,240,56,146.94357775888406,66.74881376408038,34.73813903763667,187.25574420452085,395.61080497768296,-113.50662113482083,-80.75758380455767,-204.19232686380184,29.903364430088622,0.47060472463889,0.5,119.46428571428571,116.0,10.403633484717403,0.9642857142857143,4.5,0.8392857142857143,11.0,0.6428571428571429,46.5,0.48214285714285715,41.0,0.35714285714285715,58.0,0.2857142857142857,84.0,0.25,95.0,0.5,0.5,0.5,0.25,0.75,0.25,0.39285714285714285,0.5535714285714286,0.41509433962264153,0.26785714285714285,0.6607142857142857,0.28846153846153844,0.3392857142857143,0.35714285714285715,0.48717948717948717
SOLUSDT,1h,DAILY_ONLY,240,125,116.21486471591197,66.35536986974833,35.30733429625954,140.7375081824136,285.44619016647596,-100.77295325130919,-69.4728238659581,-201.76808183926954,7.8219904583483295,-1.1858176212509175,0.488,106.504,93.0,8.455603232975312,0.92,4.0,0.816,11.0,0.632,30.0,0.464,36.5,0.352,45.5,0.248,77.0,0.168,92.0,0.488,0.512,0.488,0.32,0.648,0.3305785123966942,0.456,0.472,0.49137931034482757,0.248,0.584,0.2980769230769231,0.32,0.336,0.4878048780487805
SOLUSDT,1h,FULL_ALIGNMENT,240,56,146.94357775888406,66.74881376408038,34.73813903763667,187.25574420452085,395.61080497768296,-113.50662113482083,-80.75758380455767,-204.19232686380184,29.903364430088622,0.47060472463889,0.5,119.46428571428571,116.0,10.403633484717403,0.9642857142857143,4.5,0.8392857142857143,11.0,0.6428571428571429,46.5,0.48214285714285715,41.0,0.35714285714285715,58.0,0.2857142857142857,84.0,0.25,95.0,0.5,0.5,0.5,0.25,0.75,0.25,0.39285714285714285,0.5535714285714286,0.41509433962264153,0.26785714285714285,0.6607142857142857,0.28846153846153844,0.3392857142857143,0.35714285714285715,0.48717948717948717
SOLUSDT,1m,DAILY_4H,15,4633,26.203523470918334,16.886705557261905,7.271216370625666,33.67813326918379,58.86141699208692,-26.698246866453598,-18.274853801169,-58.54430627679652,-1.1356495517335938,-1.2198097096860483,0.47355924886682493,7.156054392402331,6.0,4.918191284523063,0.6626375998273257,3.0,0.3563565724152817,6.0,0.1390028059572631,8.0,0.06237858838765379,9.0,0.03129721562702353,10.0,0.008633714655730628,9.5,0.0038851715950787825,12.0,0.3177206993308871,0.336283185840708,0.4858085808580858,0.11677099071875674,0.3721131016619901,0.23885209713024283,0.13576516296136412,0.1297215627023527,0.5113821138211382,0.02913878696309087,0.13511763436218432,0.1773981603153745,0.03108137276063026,0.02762788689833801,0.5294117647058824
SOLUSDT,1m,DAILY_4H_1H,15,2755,28.39975522392114,18.287349924466234,7.6903109894355115,35.897589935965925,63.39466701178508,-28.52340348974925,-19.635114129101794,-62.93980967900192,-1.415402941322126,-1.7132088401572432,0.467513611615245,7.1353901996370235,6.0,5.1145841553084015,0.6823956442831216,2.0,0.3836660617059891,5.0,0.15825771324863883,8.0,0.07186932849364791,9.0,0.037023593466424684,10.0,0.012341197822141561,9.5,0.006533575317604356,12.0,0.3390199637023594,0.35172413793103446,0.4908039936941671,0.13176043557168785,0.39637023593466425,0.24948453608247423,0.1542649727767695,0.14083484573502722,0.5227552275522755,0.03484573502722323,0.1484573502722323,0.1900990099009901,0.037023593466424684,0.033030852994555354,0.5284974093264249
SOLUSDT,1m,DAILY_4H_1H_15M,15,1563,30.488992338772405,19.259576289323288,8.104197495121257,38.46914271555369,69.0364566681012,-30.28523510373276,-20.41316240712021,-67.12466874996069,-1.7559631772412028,-2.6075619295951036,0.45489443378119004,6.99872040946897,6.0,5.402446444544718,0.6935380678182982,2.0,0.40435060780550225,5.0,0.18042226487523993,7.0,0.08445297504798464,9.0,0.044785668586052464,10.0,0.013435700575815739,12.0,0.008957133717210493,12.5,0.3474088291746641,0.3685220729366603,0.48525469168900803,0.145233525271913,0.418426103646833,0.2576617480136209,0.17402431222008957,0.1529110684580934,0.5322896281800391,0.04158669225847729,0.16314779270633398,0.203125,0.044785668586052464,0.037108125399872044,0.546875
SOLUSDT,1m,DAILY_ONLY,15,8310,25.09680990209143,16.164695436167165,6.909298491149518,32.37957593455188,56.37886097588441,-24.830370856288408,-17.431648732865177,-54.31116741968245,-0.7266965992595714,-1.1878610128829292,0.47352587244283995,7.097713598074609,6.0,4.658756257004164,0.6551143200962696,3.0,0.34283995186522265,6.0,0.1282791817087846,8.0,0.053429602888086646,9.0,0.026714801444043323,10.0,0.007821901323706379,9.0,0.0034897713598074608,12.0,0.30950661853188927,0.31432009626955476,0.49614197530864196,0.1108303249097473,0.34681107099879666,0.2421772285038128,0.1256317689530686,0.1125150421179302,0.5275391611925214,0.02539109506618532,0.11636582430806258,0.17911714770797962,0.026594464500601683,0.02081829121540313,0.5609137055837563
SOLUSDT,1m,FULL_ALIGNMENT,15,896,33.16537189801361,20.978659664677714,8.33904216044068,43.637850943968886,74.57558576382972,-32.078585429916565,-22.42613693657358,-67.54908562568107,-1.3843340328385294,-3.255264232678856,0.453125,6.965401785714286,6.0,5.223117035232421,0.7142857142857143,2.0,0.4408482142857143,4.0,0.20758928571428573,7.0,0.09821428571428571,9.0,0.052455357142857144,11.0,0.015625,12.0,0.011160714285714286,13.5,0.3705357142857143,0.38839285714285715,0.48823529411764705,0.16183035714285715,0.4453125,0.2665441176470588,0.19754464285714285,0.15513392857142858,0.560126582278481,0.046875,0.16741071428571427,0.21875,0.052455357142857144,0.041294642857142856,0.5595238095238095
SOLUSDT,1m,DAILY_4H,30,4633,38.17219350979775,24.151811385852984,10.239157463616255,49.037196507595304,86.21034976818765,-38.52489788906879,-27.416855405889564,-84.9536299942375,-1.375937041753584,-2.4125452352241616,0.46665227714224045,14.020720915173753,13.0,5.421688296921489,0.7539391323116771,3.0,0.4888840923807468,8.0,0.24368659615799698,13.0,0.13295920569825168,16.0,0.07576084610403626,18.0,0.02698035829915821,18.0,0.011223829052449816,19.5,0.4051370602201597,0.4375134901791496,0.4807889344262295,0.1856248650982085,0.5074465788905677,0.2678293366552476,0.2283617526440751,0.23116770990718757,0.49694692343823393,0.06842218864666523,0.24670839628750268,0.21712328767123287,0.07468163177206993,0.0679905029138787,0.5234493192133132
SOLUSDT,1m,DAILY_4H_1H,30,2755,41.75837767630705,25.722684958353614,10.880636904175844,53.10333206859141,93.76176836243785,-41.4533650854537,-29.243328865602436,-91.94610931489744,-1.8167852556676711,-2.9093024947279833,0.45952813067150633,13.822141560798547,13.0,5.700628276288963,0.7673321234119782,3.0,0.5128856624319419,8.0,0.2707803992740472,13.0,0.1528130671506352,16.0,0.09074410163339383,17.0,0.03411978221415608,18.0,0.01705989110707804,18.0,0.42177858439201454,0.4479128856624319,0.48497495826377296,0.20072595281306715,0.5292196007259529,0.27498756837394334,0.25117967332123414,0.2544464609800363,0.49676956209619527,0.0823956442831216,0.2754990925589837,0.2302231237322515,0.08929219600725953,0.079491833030853,0.5290322580645161
SOLUSDT,1m,DAILY_4H_1H_15M,30,1563,45.15673174866221,27.478566717960007,11.099080599874522,56.42304277783783,102.33190182584373,-42.61234148622915,-29.918555044602392,-92.83463651039757,-1.1387438174584978,-2.7812543457095273,0.4619321817018554,13.6340371081254,12.0,5.872128177848584,0.7703134996801023,3.0,0.5329494561740243,7.0,0.2962252079334613,12.0,0.17146513115802944,16.0,0.10556621880998081,17.0,0.04158669225847729,19.0,0.02111324376199616,18.0,0.4235444657709533,0.45169545745361483,0.48391812865497075,0.2124120281509917,0.5329494561740243,0.2849785407725322,0.26999360204734485,0.2578374920025592,0.5115151515151515,0.09404990403071017,0.2821497120921305,0.25,0.10428662827895073,0.0799744081893794,0.5659722222222222
SOLUSDT,1m,DAILY_ONLY,30,8310,36.25563735753233,23.33508934182604,10.009070749719129,46.68860314509693,80.73603367566442,-35.92930628644586,-25.330770610500487,-78.0327348198735,-0.6299679850319183,-1.6211400446275448,0.4755716004813478,13.94849578820698,13.0,5.0976585094887685,0.7501805054151625,4.0,0.47701564380264744,9.0,0.22912154031287604,14.0,0.11672683513838748,17.0,0.06630565583634175,18.0,0.02262334536702768,18.0,0.00950661853188929,19.0,0.39903730445246693,0.41684717208182914,0.48908554572271384,0.1800240673886883,0.4818291215403129,0.272,0.2161251504211793,0.2111913357400722,0.5057730216840327,0.06101083032490975,0.22286401925391094,0.2149215769393811,0.06558363417569193,0.055716004813477736,0.5406746031746031
SOLUSDT,1m,FULL_ALIGNMENT,30,896,50.30960017589757,29.700200582186696,12.525207844826802,61.71556654191946,114.946423998471,-44.83301503560106,-30.982906336554095,-95.37386152880856,0.2309670862237741,-2.4052303384380913,0.4732142857142857,13.486607142857142,12.0,6.172264309214394,0.7946428571428571,2.0,0.5714285714285714,6.5,0.32589285714285715,12.0,0.19866071428571427,16.0,0.12723214285714285,17.0,0.0546875,21.0,0.027901785714285716,18.0,0.4408482142857143,0.4609375,0.48886138613861385,0.22544642857142858,0.5535714285714286,0.28939828080229224,0.2924107142857143,0.26339285714285715,0.5261044176706827,0.11160714285714286,0.29129464285714285,0.2770083102493075,0.125,0.08705357142857142,0.5894736842105263
SOLUSDT,1m,DAILY_4H,60,4633,55.35176106226129,34.90216816499192,15.176480790910496,69.81945126274924,124.64680660570029,-54.777755650913456,-39.007092198581894,-122.45535461216494,-0.6680157710061977,-2.447980416155904,0.4737750917332182,28.063673645586015,26.0,5.937540018924619,0.8322900928124326,4.0,0.6123462119576948,12.0,0.3695229872652709,21.0,0.2272825383121088,26.0,0.14720483488020722,29.5,0.06626375998273257,35.0,0.03431901575652924,38.0,0.45348586229225124,0.4919058925102525,0.47968036529680363,0.25145693934815455,0.602849125836391,0.29434057604850933,0.3308871141808763,0.3475070148931578,0.48775055679287305,0.1284265055039931,0.38484783077919277,0.2502102607232969,0.14396719188430823,0.14439887761709475,0.49925149700598803
SOLUSDT,1m,DAILY_4H_1H,60,2755,61.15821912432199,36.460344014068724,15.989131710959503,76.45795446821867,134.25499950538278,-58.55027862222269,-42.99314157027334,-129.5147114235371,-1.3681840689428328,-4.610419548179978,0.4577132486388385,27.39709618874773,25.0,6.388554176323287,0.8366606170598911,4.0,0.6297640653357531,11.0,0.3952813067150635,20.0,0.2558983666061706,25.0,0.17023593466424683,28.0,0.08348457350272233,34.5,0.045372050816696916,36.0,0.4627949183303085,0.4925589836660617,0.4844224924012158,0.26243194192377495,0.6188747731397459,0.29777594728171336,0.3473684210526316,0.37277676950998184,0.48235887096774194,0.147005444646098,0.4177858439201452,0.2602827763496144,0.16588021778584391,0.16043557168784028,0.5083426028921023
SOLUSDT,1m,DAILY_4H_1H_15M,60,1563,67.18772248176059,39.967150287434364,16.540798009999634,82.07762195517444,149.5853563534215,-59.52303845870208,-42.757326102825786,-133.50958636572406,1.0393409993037548,-2.1427040925658947,0.47920665387076133,27.41650671785029,26.0,6.398692130212263,0.8406909788867563,3.0,0.653230966090851,10.0,0.4267434420985285,19.0,0.2802303262955854,25.0,0.18746001279590532,27.0,0.09916826615483046,34.0,0.05566218809980806,35.0,0.4638515674984005,0.491362763915547,0.4855994641661085,0.2712731925783749,0.6129238643634037,0.3068017366136035,0.3672424824056302,0.3646833013435701,0.5017482517482518,0.1580294305822137,0.41202815099168266,0.2772166105499439,0.18234165067178504,0.1599488163787588,0.5327102803738317
SOLUSDT,1m,DAILY_ONLY,60,8310,52.06606663127147,33.65407109400809,14.959702443178568,66.19081558583595,116.2726688245348,-51.17565823312667,-35.87603096222802,-112.97004811454958,0.1363238630213874,-1.1167126314554077,0.4874849578820698,28.048014440433214,27.0,5.576694305297135,0.8273164861612515,4.0,0.6070998796630566,13.0,0.3529482551143201,22.0,0.20806257521058966,28.0,0.13080625752105896,30.0,0.05679903730445247,35.0,0.029001203369434417,39.0,0.4548736462093863,0.4742478941034898,0.48957388939256574,0.24596871239470516,0.5805054151624549,0.29761211415259176,0.31841155234657037,0.3247894103489771,0.4950420954162769,0.11552346570397112,0.35703971119133576,0.24446142093200918,0.12803850782190132,0.12310469314079422,0.5098227120268328
SOLUSDT,1m,FULL_ALIGNMENT,60,896,73.09515961770116,45.4789042777104,17.755073856540736,89.0347773158312,172.20224086531124,-61.685359468337445,-43.60149958925142,-140.36632401892848,0.3832289477870669,-2.3106695858887694,0.47544642857142855,26.859375,25.0,6.493615120234152,0.8571428571428571,3.0,0.6852678571428571,9.0,0.46875,19.0,0.3091517857142857,23.0,0.21651785714285715,26.0,0.12276785714285714,33.0,0.0703125,34.0,0.47098214285714285,0.4955357142857143,0.48729792147806006,0.28348214285714285,0.6261160714285714,0.3116564417177914,0.39285714285714285,0.36607142857142855,0.5176470588235295,0.17745535714285715,0.4174107142857143,0.29831144465290804,0.20870535714285715,0.16294642857142858,0.5615615615615616
SOLUSDT,1m,DAILY_4H,120,4633,81.0580914544243,51.61579892279944,22.71178741767077,100.7018614586519,184.50981998918436,-79.04748773962034,-55.600322320709104,-174.42384262854847,-2.291850351270142,-4.32862955588309,0.47096913447010574,55.531620979926615,53.0,6.429136096597796,0.888625080941075,5.0,0.7250161882149795,16.0,0.5083099503561407,32.0,0.354198143751349,43.0,0.2521044679473343,50.0,0.14180876322037556,63.0,0.08525793222533995,69.0,0.4737750917332182,0.5124109648176127,0.48041146859268985,0.2907403410317289,0.6583207424994604,0.30634523538776437,0.4129074034103173,0.4392402331102957,0.48454913880445794,0.1968486941506583,0.5102525361536802,0.2783882783882784,0.23742715303259226,0.24908266781782862,0.4880212954747116
SOLUSDT,1m,DAILY_4H_1H,120,2755,88.79579620366935,54.75645635828697,23.117706484993008,107.87431737801944,204.20641804518877,-84.61428694434211,-62.79069767441969,-186.14735513917745,-4.712702070452947,-7.106478739784539,0.45480943738656987,52.98003629764065,49.0,6.812689255924755,0.8885662431941924,4.0,0.7303085299455535,14.0,0.5259528130671506,29.0,0.3782214156079855,40.0,0.2754990925589837,46.0,0.1676950998185118,61.0,0.10381125226860254,66.5,0.4780399274047187,0.5088929219600726,0.484369253401986,0.29945553539019965,0.6613430127041743,0.31167359274650547,0.42141560798548094,0.46424682395644284,0.47581967213114756,0.20871143375680581,0.542649727767695,0.2777777777777778,0.2573502722323049,0.2754990925589837,0.4829700272479564
SOLUSDT,1m,DAILY_4H_1H_15M,120,1563,97.57245267884089,59.73995548787414,23.811567831351077,116.20449131671818,231.4766876021208,-85.34739310628274,-61.63886874546609,-195.8387812546527,-2.424985825716295,-6.035003017502705,0.4638515674984005,52.10300703774792,48.0,7.07087210227908,0.8886756238003839,4.0,0.7402431222008957,13.0,0.5527831094049904,28.0,0.4088291746641075,37.0,0.29878438899552145,43.0,0.19065898912348048,58.5,0.12476007677543186,65.0,0.4779270633397313,0.5079974408189379,0.48475016223231665,0.30326295585412666,0.655150351887396,0.3164218958611482,0.43889955214331416,0.454254638515675,0.49140401146131807,0.2200895713371721,0.5367882277671145,0.2907861369399831,0.2783109404990403,0.26231605886116444,0.514792899408284
SOLUSDT,1m,DAILY_ONLY,120,8310,76.06089807244197,49.789656016617776,22.40235866861118,95.58907311688569,171.115664249373,-73.81220848711264,-50.39345030764198,-163.7989531429863,-0.4846478799882182,-1.1872257218564775,0.48953068592057764,56.2768953068592,55.0,6.18112606947885,0.8826714801444043,5.0,0.723826714801444,17.0,0.4977135980746089,35.0,0.3385078219013237,46.0,0.23561973525872443,54.0,0.12490974729241877,64.0,0.07244283995186522,70.0,0.48243080625752105,0.4990373044524669,0.4915399705738107,0.29398315282791815,0.6395908543922985,0.3149007476153648,0.4108303249097473,0.41287605294825513,0.4987582176771366,0.1855595667870036,0.47918170878459687,0.279145546705286,0.22346570397111915,0.22286401925391094,0.5006740361283365
SOLUSDT,1m,FULL_ALIGNMENT,120,896,104.33385525817233,64.97129382224797,25.660729174443176,130.6061143285825,241.94104547414332,-89.5672232972146,-64.37080754468582,-202.1894322425993,-2.7564909393676964,-9.161075063430225,0.45535714285714285,51.6640625,46.0,7.696421522903863,0.8962053571428571,3.0,0.7578125,11.0,0.5959821428571429,26.0,0.4453125,35.0,0.33816964285714285,41.0,0.2109375,52.0,0.14174107142857142,61.0,0.4799107142857143,0.5078125,0.4858757062146893,0.31473214285714285,0.6629464285714286,0.3219178082191781,0.46316964285714285,0.45424107142857145,0.5048661800486618,0.24330357142857142,0.5457589285714286,0.30834512022630833,0.3080357142857143,0.2622767857142857,0.5401174168297456
SOLUSDT,1m,DAILY_4H,240,4633,118.12145796627233,74.17709782104876,32.721810964488895,147.1264367816083,270.6820718267183,-112.22809723441283,-80.45708955224052,-243.1613425930872,-3.679311443723734,-7.476635514018781,0.46794733434060004,108.993956399741,99.0,7.074727767042437,0.921217353766458,5.0,0.804230520181308,20.0,0.632851284265055,47.0,0.49471184977336496,69.0,0.388301316641485,84.0,0.24454996762357004,104.0,0.16382473559248867,115.0,0.48068206345780273,0.5180228793438377,0.4813053814566674,0.3073602417440104,0.6794733434060004,0.3114610673665792,0.4575868767537233,0.49125836391107275,0.4822565969062784,0.26138571120224474,0.6058709259658969,0.30139372822299654,0.3429743146988992,0.363911072739046,0.4851908396946565
SOLUSDT,1m,DAILY_4H_1H,240,2755,129.43652570813768,76.50356006665638,32.16659353137862,159.6213771416799,305.7848328510188,-121.04407279796054,-89.78485515839463,-259.4593003874306,-10.040348239076211,-15.819332315076817,0.4377495462794918,103.51107078039928,91.0,7.486036330583806,0.9168784029038113,4.0,0.8,17.0,0.6323049001814882,40.0,0.5074410163339383,60.0,0.4148820326678766,78.0,0.2736842105263158,95.0,0.18729582577132486,108.0,0.4842105263157895,0.5139745916515427,0.4850909090909091,0.3088929219600726,0.6798548094373865,0.31240822320117473,0.455535390199637,0.505989110707804,0.473763684409211,0.27295825771324866,0.6254083484573503,0.30383838383838385,0.36116152450090744,0.38838475499092556,0.48184019370460046
SOLUSDT,1m,DAILY_4H_1H_15M,240,1563,142.92418628400728,85.00677590242756,34.027870691518686,175.2006083004609,341.8744407992838,-120.92169851854739,-87.89609226290463,-261.53674321922637,-6.258400583451383,-14.743826022853845,0.43953934740882916,101.15163147792707,87.0,7.3724807855743,0.9149072296865003,4.0,0.8035828534868842,15.0,0.6506717850287908,35.0,0.5355086372360844,56.0,0.44337811900191937,75.0,0.2962252079334613,84.0,0.20985284708893154,100.0,0.48240563019833654,0.5143953934740882,0.4839537869062901,0.3141394753678823,0.6781829814459372,0.3165699548678272,0.47024952015355087,0.4964811260396673,0.48643282594308407,0.2885476647472809,0.6180422264875239,0.31827805222300637,0.3877159309021113,0.36788227767114523,0.5131244707874683
SOLUSDT,1m,DAILY_ONLY,240,8310,109.76719491428176,71.38860020785009,32.87260113318202,137.85897951540449,245.08913754259058,-106.61447328491873,-72.55934581350543,-234.82398474122968,-0.8885754684184662,-3.807941363764278,0.4817087845968712,110.71167268351384,103.0,6.593563416881236,0.9178098676293622,5.0,0.8061371841155235,21.0,0.6302045728038508,50.0,0.4799037304452467,73.0,0.36606498194945847,87.0,0.2252707581227437,108.0,0.14404332129963898,119.0,0.49217809867629364,0.5049338146811071,0.4936036688390055,0.31660649819494585,0.6645006016847173,0.3227032993989942,0.4670276774969916,0.4713598074608905,0.4976917158245704,0.2512635379061372,0.585439229843562,0.3003020279016252,0.3256317689530686,0.33886883273164864,0.4900398406374502
SOLUSDT,1m,FULL_ALIGNMENT,240,896,154.56081765505093,91.80116906048141,38.038239266757756,178.76369235096502,352.52289338605465,-125.73597159216787,-92.90824726837288,-268.90330823299337,-4.704497570868914,-17.068655363200456,0.4185267857142857,98.80022321428571,82.0,7.656736337924087,0.921875,3.0,0.8180803571428571,13.0,0.6897321428571429,34.0,0.5591517857142857,49.0,0.47098214285714285,67.0,0.3046875,72.0,0.21651785714285715,85.5,0.48214285714285715,0.515625,0.48322147651006714,0.32254464285714285,0.6763392857142857,0.3229050279329609,0.48995535714285715,0.4888392857142857,0.500570125427594,0.30691964285714285,0.6238839285714286,0.32973621103117506,0.40513392857142855,0.36941964285714285,0.5230547550432276
SOLUSDT,5m,DAILY_4H,15,923,28.80277873489831,17.7935943060481,8.172717694971965,36.22549175211765,66.74585990555883,-25.97952614638109,-18.271604938271402,-57.04711522960193,1.061674156389661,-1.2482836100369266,0.4745395449620802,7.057421451787649,6.0,4.2888789756583705,0.6998916576381365,3.0,0.38028169014084506,5.0,0.1581798483206934,7.0,0.07583965330444203,7.5,0.041170097508125676,7.5,0.014084507042253521,8.0,0.007583965330444204,11.0,0.3347778981581798,0.3174431202600217,0.5132890365448505,0.13326110509209102,0.35752979414951247,0.271523178807947,0.1560130010834236,0.12351029252437704,0.5581395348837209,0.0390032502708559,0.13326110509209102,0.22641509433962265,0.041170097508125676,0.023835319609967497,0.6333333333333333
SOLUSDT,5m,DAILY_4H_1H,15,512,32.0349625094997,20.245334851164422,9.609115764359078,39.46792445653824,71.1286611285933,-27.67534137774191,-19.748215131966674,-59.442131454473966,1.5541879055068724,-0.790839172918889,0.484375,7.146484375,6.0,4.020607043295755,0.74609375,2.0,0.419921875,5.0,0.166015625,6.0,0.095703125,7.0,0.05078125,7.0,0.01953125,8.5,0.01171875,10.5,0.353515625,0.330078125,0.5171428571428571,0.12890625,0.375,0.2558139534883721,0.162109375,0.12890625,0.5570469798657718,0.046875,0.14453125,0.24489795918367346,0.05078125,0.03125,0.6190476190476191
SOLUSDT,5m,DAILY_4H_1H_15M,15,243,34.99594377069806,23.239436619719722,10.229303044880789,42.43412944668235,76.53198816422346,-30.1643502795856,-19.52489424015491,-66.11840782039557,2.893671141670463,1.0499790004203646,0.5061728395061729,7.415637860082304,7.0,4.3487362966789656,0.7530864197530864,2.0,0.4691358024691358,5.0,0.20164609053497942,6.0,0.10699588477366255,7.5,0.04526748971193416,6.0,0.024691358024691357,5.5,0.0205761316872428,10.0,0.39094650205761317,0.3004115226337449,0.5654761904761905,0.16049382716049382,0.35390946502057613,0.312,0.1934156378600823,0.1440329218106996,0.573170731707317,0.037037037037037035,0.16872427983539096,0.18,0.04526748971193416,0.04938271604938271,0.4782608695652174
SOLUSDT,5m,DAILY_ONLY,15,1675,26.109001427964735,15.92018679685836,6.643414104318124,32.92989127398172,61.09992665843046,-24.717913151489917,-17.39908530522971,-55.138700766709235,-0.08699756356948991,-1.3988948730514483,0.46507462686567164,6.949850746268656,6.0,4.748580221065342,0.6573134328358209,3.0,0.3528358208955224,6.0,0.14029850746268657,7.0,0.06208955223880597,8.0,0.03283582089552239,8.0,0.010746268656716417,8.0,0.005373134328358209,11.0,0.3146268656716418,0.30388059701492537,0.5086872586872587,0.12,0.3397014925373134,0.261038961038961,0.1373134328358209,0.11582089552238806,0.5424528301886793,0.031044776119402984,0.1217910447761194,0.203125,0.03283582089552239,0.02208955223880597,0.5978260869565217
SOLUSDT,5m,FULL_ALIGNMENT,15,243,34.99594377069806,23.239436619719722,10.229303044880789,42.43412944668235,76.53198816422346,-30.1643502795856,-19.52489424015491,-66.11840782039557,2.893671141670463,1.0499790004203646,0.5061728395061729,7.415637860082304,7.0,4.3487362966789656,0.7530864197530864,2.0,0.4691358024691358,5.0,0.20164609053497942,6.0,0.10699588477366255,7.5,0.04526748971193416,6.0,0.024691358024691357,5.5,0.0205761316872428,10.0,0.39094650205761317,0.3004115226337449,0.5654761904761905,0.16049382716049382,0.35390946502057613,0.312,0.1934156378600823,0.1440329218106996,0.573170731707317,0.037037037037037035,0.16872427983539096,0.18,0.04526748971193416,0.04938271604938271,0.4782608695652174
SOLUSDT,5m,DAILY_4H,30,923,43.62619118694821,26.815902996386587,11.842355000448723,54.94359704239393,92.91055376217463,-38.37525640109399,-26.499847951690914,-87.3068166458455,1.7812424531772229,-1.5289350967062632,0.46912242686890576,14.29035752979415,14.0,5.218097775012588,0.7919826652221018,3.0,0.5265438786565547,8.0,0.28060671722643554,13.0,0.15059588299024917,15.0,0.0866738894907909,16.0,0.035752979414951244,19.0,0.01950162513542795,17.0,0.4247020585048754,0.41386782231852653,0.5064599483204134,0.21451787648970747,0.4886240520043337,0.3050847457627119,0.26327193932827736,0.22643553629469124,0.5376106194690266,0.0780065005417118,0.24702058504875407,0.24,0.0866738894907909,0.07475622968580715,0.5369127516778524
SOLUSDT,5m,DAILY_4H_1H,30,512,49.94624488771862,30.056159772512416,13.07442850683016,57.63668731996407,105.6059096826701,-41.30010810399076,-27.82658328289389,-95.8566876126039,3.0951341076702623,-1.4164853672010702,0.47265625,14.048828125,14.0,4.656784668399866,0.828125,3.0,0.552734375,8.0,0.302734375,13.0,0.171875,14.0,0.109375,16.0,0.048828125,19.0,0.029296875,17.0,0.4296875,0.41796875,0.5069124423963134,0.216796875,0.501953125,0.3016304347826087,0.279296875,0.236328125,0.5416666666666666,0.095703125,0.265625,0.2648648648648649,0.109375,0.091796875,0.5436893203883495
SOLUSDT,5m,DAILY_4H_1H_15M,30,243,58.752181105963004,31.645569620253333,14.99084099436665,66.30886799420365,112.78655704643728,-44.07552542671165,-26.971487284869198,-104.33259636131174,8.050513594230976,-2.4381323905886543,0.45267489711934156,14.547325102880658,15.0,5.261716153252241,0.8353909465020576,3.0,0.5843621399176955,7.0,0.35390946502057613,12.5,0.20987654320987653,15.0,0.12345679012345678,17.0,0.06995884773662552,19.0,0.04526748971193416,17.0,0.4609053497942387,0.3786008230452675,0.5490196078431373,0.26337448559670784,0.4732510288065844,0.3575418994413408,0.3333333333333333,0.21810699588477367,0.6044776119402985,0.102880658436214,0.26337448559670784,0.2808988764044944,0.12345679012345678,0.1111111111111111,0.5263157894736842
SOLUSDT,5m,DAILY_ONLY,30,1675,38.7656821287741,24.515526500117346,10.372888391236845,49.0642979624889,84.9808473352223,-35.68195559880511,-24.654048035628318,-79.67075591694184,0.9658947123261461,-1.4918693122478732,0.4716417910447761,14.006567164179105,13.0,5.621487656770484,0.7588059701492538,3.0,0.49014925373134327,9.0,0.24537313432835822,13.0,0.1271641791044776,16.0,0.07343283582089552,17.0,0.03044776119402985,19.0,0.014328358208955224,17.0,0.4065671641791045,0.4017910447761194,0.5029542097488922,0.1928358208955224,0.4698507462686567,0.290990990990991,0.2316417910447761,0.21731343283582089,0.5159574468085106,0.0662686567164179,0.2316417910447761,0.22244488977955912,0.07223880597014926,0.060298507462686564,0.545045045045045
SOLUSDT,5m,FULL_ALIGNMENT,30,243,58.752181105963004,31.645569620253333,14.99084099436665,66.30886799420365,112.78655704643728,-44.07552542671165,-26.971487284869198,-104.33259636131174,8.050513594230976,-2.4381323905886543,0.45267489711934156,14.547325102880658,15.0,5.261716153252241,0.8353909465020576,3.0,0.5843621399176955,7.0,0.35390946502057613,12.5,0.20987654320987653,15.0,0.12345679012345678,17.0,0.06995884773662552,19.0,0.04526748971193416,17.0,0.4609053497942387,0.3786008230452675,0.5490196078431373,0.26337448559670784,0.4732510288065844,0.3575418994413408,0.3333333333333333,0.21810699588477367,0.6044776119402985,0.102880658436214,0.26337448559670784,0.2808988764044944,0.12345679012345678,0.1111111111111111,0.5263157894736842
SOLUSDT,5m,DAILY_4H,60,923,62.86336218807727,38.65526531568353,16.93394425353212,74.12300591973064,129.6300593040796,-54.1051059826264,-36.27338678885206,-122.69884037090107,1.5549432217932897,-1.0683760683749544,0.4875406283856988,26.806067172264356,24.0,5.8214942676124455,0.8483206933911159,3.0,0.638136511375948,11.0,0.4008667388949079,19.0,0.24810400866738894,23.0,0.16793066088840736,29.0,0.07258938244853738,32.0,0.04983748645720477,35.5,0.46912242686890576,0.46045503791982667,0.5046620046620046,0.26218851570964247,0.5731310942578548,0.3138780804150454,0.35102925243770317,0.3206933911159263,0.5225806451612903,0.13976164680390032,0.3607800650054171,0.2792207792207792,0.1635969664138678,0.14084507042253522,0.5373665480427047
SOLUSDT,5m,DAILY_4H_1H,60,512,73.0262827441915,42.54343629343516,18.866819984356688,83.78816614181494,147.71966693513048,-58.09931630242107,-39.13727022662073,-127.90313263363596,1.3933883306945922,-2.3142802176123745,0.474609375,26.35546875,22.5,4.392156653200633,0.880859375,3.0,0.666015625,10.0,0.435546875,19.0,0.275390625,22.0,0.19921875,25.0,0.09765625,31.0,0.0703125,34.0,0.46875,0.46484375,0.502092050209205,0.271484375,0.583984375,0.317351598173516,0.375,0.326171875,0.5348189415041783,0.162109375,0.369140625,0.30514705882352944,0.193359375,0.146484375,0.5689655172413793
SOLUSDT,5m,DAILY_4H_1H_15M,60,243,86.08408653196625,45.98257502420155,20.643119599997874,91.4941140738157,187.41118677220496,-60.27444886991584,-37.101357751816444,-167.5841981267354,8.875771757269145,1.0804970286337756,0.5020576131687243,26.847736625514404,23.0,5.261946942976444,0.8888888888888888,3.0,0.6872427983539094,9.0,0.48148148148148145,18.0,0.3045267489711934,21.5,0.2222222222222222,25.0,0.12345679012345678,27.0,0.09876543209876543,31.0,0.5061728395061729,0.4156378600823045,0.5491071428571429,0.31275720164609055,0.5432098765432098,0.36538461538461536,0.41975308641975306,0.2880658436213992,0.5930232558139535,0.1728395061728395,0.35390946502057613,0.328125,0.2139917695473251,0.1440329218106996,0.5977011494252874
SOLUSDT,5m,DAILY_ONLY,60,1675,56.27387344609515,34.655061250805645,15.351831574693664,68.92809905297946,123.31625646628027,-50.31432454095714,-33.752684872662144,-114.80709167880265,1.7750375014592168,0.0,0.4919402985074627,27.343880597014927,26.0,6.489897760373364,0.8286567164179105,4.0,0.6131343283582089,12.0,0.3629850746268657,21.0,0.21731343283582089,25.5,0.1474626865671642,31.0,0.0662686567164179,33.0,0.03940298507462687,36.0,0.4591044776119403,0.45671641791044776,0.5013037809647979,0.2471641791044776,0.5617910447761194,0.30553505535055353,0.3205970149253731,0.31044776119402984,0.5080416272469253,0.12477611940298508,0.34328358208955223,0.26658163265306123,0.1426865671641791,0.1253731343283582,0.532293986636971
SOLUSDT,5m,FULL_ALIGNMENT,60,243,86.08408653196625,45.98257502420155,20.643119599997874,91.4941140738157,187.41118677220496,-60.27444886991584,-37.101357751816444,-167.5841981267354,8.875771757269145,1.0804970286337756,0.5020576131687243,26.847736625514404,23.0,5.261946942976444,0.8888888888888888,3.0,0.6872427983539094,9.0,0.48148148148148145,18.0,0.3045267489711934,21.5,0.2222222222222222,25.0,0.12345679012345678,27.0,0.09876543209876543,31.0,0.5061728395061729,0.4156378600823045,0.5491071428571429,0.31275720164609055,0.5432098765432098,0.36538461538461536,0.41975308641975306,0.2880658436213992,0.5930232558139535,0.1728395061728395,0.35390946502057613,0.328125,0.2139917695473251,0.1440329218106996,0.5977011494252874
SOLUSDT,5m,DAILY_4H,120,923,87.94060040581905,54.94505494505475,24.42597257009016,108.51438751497744,189.90479595447292,-77.57198071591421,-53.52146940761471,-178.5714285714297,-0.6058412917300312,0.0,0.49729144095341277,53.70314192849404,48.0,5.695776064789218,0.8916576381365113,4.0,0.7443120260021668,15.0,0.5341278439869989,29.0,0.38136511375947996,42.5,0.27843986998916576,51.0,0.15167930660888407,61.5,0.08992416034669556,57.0,0.49079089924160346,0.49295774647887325,0.4988986784140969,0.30985915492957744,0.6305525460455038,0.3294930875576037,0.437703141928494,0.4008667388949079,0.5219638242894057,0.21668472372697725,0.48212351029252437,0.31007751937984496,0.2611050920910076,0.23185265438786565,0.5296703296703297
SOLUSDT,5m,DAILY_4H_1H,120,512,99.31583482588803,61.33264095196212,25.214957065725073,118.68882261601266,214.76050873225418,-83.7466731600297,-59.11482018536584,-185.92521236768934,-3.2710114024439747,-3.320601977434001,0.478515625,51.869140625,44.0,4.3962678074352946,0.9140625,3.0,0.751953125,13.0,0.564453125,27.0,0.419921875,39.0,0.318359375,48.0,0.177734375,56.0,0.111328125,47.0,0.486328125,0.49609375,0.49502982107355864,0.318359375,0.634765625,0.33401639344262296,0.4609375,0.404296875,0.5327313769751693,0.23828125,0.494140625,0.3253333333333333,0.29296875,0.2421875,0.5474452554744526
SOLUSDT,5m,DAILY_4H_1H_15M,120,243,115.29763026861204,64.77255998822207,25.24613009844634,123.22532202180936,300.94105074309596,-83.90333341191099,-58.65102639296293,-200.9159660974702,3.4707571268651343,1.0672358591246045,0.5061728395061729,51.8477366255144,43.0,5.572017735139912,0.9218106995884774,3.0,0.7530864197530864,11.0,0.5925925925925926,21.0,0.4403292181069959,33.0,0.345679012345679,46.5,0.205761316872428,45.5,0.13991769547325103,38.0,0.522633744855967,0.4609053497942387,0.5313807531380753,0.35802469135802467,0.5967078189300411,0.375,0.49794238683127573,0.3786008230452675,0.568075117370892,0.25925925925925924,0.49382716049382713,0.3442622950819672,0.32098765432098764,0.2345679012345679,0.5777777777777777
SOLUSDT,5m,DAILY_ONLY,120,1675,79.54674502517048,50.43657465155338,22.250726075033754,99.44702735231736,175.59645330010318,-72.23537903204014,-50.206733608978425,-164.58682110363475,0.11685852567854237,-1.6042351808776,0.48656716417910445,54.44059701492537,50.0,6.931731959594298,0.8782089552238806,5.0,0.7259701492537314,16.0,0.5014925373134328,31.0,0.3402985074626866,42.0,0.24955223880597016,51.0,0.13611940298507463,61.0,0.07820895522388059,60.0,0.4853731343283582,0.48895522388059703,0.49816176470588236,0.2955223880597015,0.6340298507462686,0.3179190751445087,0.41313432835820896,0.40298507462686567,0.5062179956108266,0.19701492537313434,0.471044776119403,0.2949061662198391,0.2346268656716418,0.21671641791044777,0.5198412698412699
SOLUSDT,5m,FULL_ALIGNMENT,120,243,115.29763026861204,64.77255998822207,25.24613009844634,123.22532202180936,300.94105074309596,-83.90333341191099,-58.65102639296293,-200.9159660974702,3.4707571268651343,1.0672358591246045,0.5061728395061729,51.8477366255144,43.0,5.572017735139912,0.9218106995884774,3.0,0.7530864197530864,11.0,0.5925925925925926,21.0,0.4403292181069959,33.0,0.345679012345679,46.5,0.205761316872428,45.5,0.13991769547325103,38.0,0.522633744855967,0.4609053497942387,0.5313807531380753,0.35802469135802467,0.5967078189300411,0.375,0.49794238683127573,0.3786008230452675,0.568075117370892,0.25925925925925924,0.49382716049382713,0.3442622950819672,0.32098765432098764,0.2345679012345679,0.5777777777777777
SOLUSDT,5m,DAILY_4H,240,923,125.51335050940713,82.23510806536716,35.666459357086566,154.94409115027418,286.5700085144347,-110.1126186774802,-78.96857373086097,-238.0179178584747,4.7274307323704665,-2.3679848448965313,0.49295774647887325,108.45612134344529,100.0,5.930892528799481,0.9295774647887324,4.0,0.8266522210184182,18.0,0.6717226435536294,39.5,0.5308775731310943,66.0,0.4171180931744312,77.0,0.26435536294691225,98.5,0.17768147345612134,117.0,0.4962080173347779,0.49729144095341277,0.4994547437295529,0.323943661971831,0.6576381365113759,0.33002207505518766,0.48970747562296857,0.4647887323943662,0.5130533484676504,0.27952329360780065,0.5839653304442037,0.3237139272271016,0.3640303358613218,0.3412784398699892,0.5161290322580645
SOLUSDT,5m,DAILY_4H_1H,240,512,138.12170969368333,89.36837272366382,37.2398923137024,176.35954944622722,323.4125968683343,-118.28624625669046,-89.89648188903298,-250.7535907330385,-0.5972251988095296,-10.073145515822057,0.46484375,104.66796875,93.0,4.782718412773266,0.94140625,3.0,0.8359375,15.0,0.69140625,37.5,0.5546875,62.0,0.4453125,67.5,0.294921875,91.0,0.208984375,111.0,0.494140625,0.5,0.49705304518664045,0.328125,0.658203125,0.3326732673267327,0.509765625,0.4609375,0.5251509054325956,0.298828125,0.59375,0.3347921225382932,0.38671875,0.35546875,0.5210526315789473
SOLUSDT,5m,DAILY_4H_1H_15M,240,243,151.7686275694864,96.21993127147732,40.18550426639345,178.09572549837503,363.8080195727751,-117.48880092982469,-82.63047480412733,-249.48571126812857,0.38017042459281536,-5.480953685942369,0.4897119341563786,101.78600823045268,83.0,5.6408096581117375,0.9382716049382716,3.0,0.8395061728395061,13.0,0.7160493827160493,31.0,0.5802469135802469,54.0,0.48148148148148145,67.0,0.32098765432098764,87.0,0.22633744855967078,88.0,0.5308641975308642,0.46502057613168724,0.5330578512396694,0.37448559670781895,0.6172839506172839,0.3775933609958506,0.5555555555555556,0.42386831275720166,0.5672268907563025,0.3168724279835391,0.5843621399176955,0.3515981735159817,0.43209876543209874,0.31275720164609055,0.580110497237569
SOLUSDT,5m,DAILY_ONLY,240,1675,114.80256292126917,73.00961872754641,33.19286586254799,145.03724708287757,259.05035271951493,-104.31207744449812,-73.77498629181135,-231.9153496142261,3.757587847901942,-1.3638843426067027,0.48835820895522386,111.21074626865672,106.0,7.5143962018887915,0.9217910447761194,5.0,0.8155223880597015,21.0,0.6447761194029851,49.0,0.49074626865671644,70.5,0.3850746268656716,82.0,0.23761194029850746,100.5,0.15402985074626865,117.5,0.4943283582089552,0.4973134328358209,0.49849488260084285,0.31283582089552237,0.6638805970149254,0.3202933985330073,0.47402985074626863,0.46865671641791046,0.5028499050031665,0.2650746268656716,0.5785074626865672,0.31422505307855625,0.342089552238806,0.32776119402985077,0.5106951871657754
SOLUSDT,5m,FULL_ALIGNMENT,240,243,151.7686275694864,96.21993127147732,40.18550426639345,178.09572549837503,363.8080195727751,-117.48880092982469,-82.63047480412733,-249.48571126812857,0.38017042459281536,-5.480953685942369,0.4897119341563786,101.78600823045268,83.0,5.6408096581117375,0.9382716049382716,3.0,0.8395061728395061,13.0,0.7160493827160493,31.0,0.5802469135802469,54.0,0.48148148148148145,67.0,0.32098765432098764,87.0,0.22633744855967078,88.0,0.5308641975308642,0.46502057613168724,0.5330578512396694,0.37448559670781895,0.6172839506172839,0.3775933609958506,0.5555555555555556,0.42386831275720166,0.5672268907563025,0.3168724279835391,0.5843621399176955,0.3515981735159817,0.43209876543209874,0.31275720164609055,0.580110497237569
