side,horizon_minutes,feature_group,head,fold,symbol,calibration_method,train_rows,calibration_rows,test_rows,raw_test_roc_auc,raw_test_pr_auc,raw_test_brier,calibrated_test_roc_auc,calibrated_test_pr_auc,calibrated_test_brier,threshold,test_alerts,test_coverage,test_precision,test_recall,test_positive_rate,precision_lift_vs_base,calibration_candidates
LONG,15,position_plus_topology,exit,1,ALL,isotonic,45862,9085,9205,0.5381289788190746,0.36592417514177217,0.2504204222726578,0.5344632456382544,0.36081622591649753,0.22999475754232587,0.4000000000000001,4818,0.5234111895708854,0.36695724366957244,0.5648562300319488,0.3400325909831613,1.0791825648493338,"[{""method"": ""raw"", ""brier"": 0.24355668843905695, ""selected"": false}, {""method"": ""platt"", ""brier"": 0.23146590103136283, ""selected"": false}, {""method"": ""isotonic"", ""brier"": 0.2294841383092142, ""selected"": true}]"
LONG,15,position_plus_topology,exit,1,BTCUSDT,isotonic,45862,3085,3065,0.5438568961263262,0.36892948221342886,0.23538871094693323,0.5424912410560079,0.35768752087062033,0.22002151839116968,0.4000000000000001,779,0.25415986949429037,0.39152759948652116,0.3160621761658031,0.31484502446982054,1.2435565724623703,"[{""method"": ""raw"", ""brier"": 0.24355668843905695, ""selected"": false}, {""method"": ""platt"", ""brier"": 0.23146590103136283, ""selected"": false}, {""method"": ""isotonic"", ""brier"": 0.2294841383092142, ""selected"": true}]"
LONG,15,position_plus_topology,exit,1,ETHUSDT,isotonic,45862,3010,3095,0.562958075987273,0.3770415637412272,0.24978763402725654,0.5561968931311996,0.36882725410207773,0.2277973530018623,0.37500000000000006,1966,0.6352180936995153,0.3662258392675483,0.6923076923076923,0.3360258481421648,1.089874012051021,"[{""method"": ""raw"", ""brier"": 0.24355668843905695, ""selected"": false}, {""method"": ""platt"", ""brier"": 0.23146590103136283, ""selected"": false}, {""method"": ""isotonic"", ""brier"": 0.2294841383092142, ""selected"": true}]"
LONG,15,position_plus_topology,exit,1,SOLUSDT,isotonic,45862,2990,3045,0.46219675925925924,0.3514725759155302,0.26619404290742404,0.46200509259259254,0.3514666044298255,0.2422669890861776,0.37500000000000006,2589,0.8502463054187193,0.3511008111239861,0.808,0.3694581280788177,0.9503128621089224,"[{""method"": ""raw"", ""brier"": 0.24355668843905695, ""selected"": false}, {""method"": ""platt"", ""brier"": 0.23146590103136283, ""selected"": false}, {""method"": ""isotonic"", ""brier"": 0.2294841383092142, ""selected"": true}]"
LONG,15,position_plus_topology,hold,1,ALL,isotonic,45862,9085,9205,0.5624214428728282,0.4083667996811061,0.24785516967220234,0.5600285216043401,0.3976837375296719,0.22814546251913043,0.4500000000000001,189,0.02053231939163498,0.4603174603174603,0.02676923076923077,0.35306898424769145,1.3037606837606837,"[{""method"": ""raw"", ""brier"": 0.24686252392244162, ""selected"": false}, {""method"": ""platt"", ""brier"": 0.22512571221385122, ""selected"": false}, {""method"": ""isotonic"", ""brier"": 0.22346127610170305, ""selected"": true}]"
LONG,15,position_plus_topology,hold,1,BTCUSDT,isotonic,45862,3085,3065,0.5688052756003484,0.37309795174921184,0.24228421406140024,0.5683934303844718,0.3681279899844374,0.21389198316951866,0.4000000000000001,616,0.20097879282218598,0.42694805194805197,0.2768421052631579,0.3099510603588907,1.377469241285031,"[{""method"": ""raw"", ""brier"": 0.24686252392244162, ""selected"": false}, {""method"": ""platt"", ""brier"": 0.22512571221385122, ""selected"": false}, {""method"": ""isotonic"", ""brier"": 0.22346127610170305, ""selected"": true}]"
LONG,15,position_plus_topology,hold,1,ETHUSDT,isotonic,45862,3010,3095,0.5569134486115618,0.4031817325485625,0.24755508948720076,0.5552463956237541,0.38995304532195596,0.2260014214566636,0.4250000000000001,830,0.2681744749596123,0.39879518072289155,0.3122641509433962,0.34248788368336025,1.164406683337122,"[{""method"": ""raw"", ""brier"": 0.24686252392244162, ""selected"": false}, {""method"": ""platt"", ""brier"": 0.22512571221385122, ""selected"": false}, {""method"": ""isotonic"", ""brier"": 0.22346127610170305, ""selected"": true}]"
LONG,15,position_plus_topology,hold,1,SOLUSDT,isotonic,45862,2990,3045,0.5263948708783844,0.4386365210970605,0.2537677237344973,0.523143820927531,0.4279389312700629,0.2446718077719695,0.4000000000000001,1156,0.37963875205254516,0.435121107266436,0.4056451612903226,0.4072249589490969,1.068503041634111,"[{""method"": ""raw"", ""brier"": 0.24686252392244162, ""selected"": false}, {""method"": ""platt"", ""brier"": 0.22512571221385122, ""selected"": false}, {""method"": ""isotonic"", ""brier"": 0.22346127610170305, ""selected"": true}]"
LONG,15,position_plus_topology_compact_matrix,exit,1,ALL,isotonic,45862,9085,9205,0.5581415480087826,0.3797998854262554,0.24740038727613564,0.5577464599850116,0.37363078741815664,0.22834841876609963,0.37500000000000006,5422,0.5890277023356871,0.37901143489487277,0.6565495207667732,0.3400325909831613,1.1146326703537712,"[{""method"": ""raw"", ""brier"": 0.2428342022140457, ""selected"": false}, {""method"": ""platt"", ""brier"": 0.23156831526712177, ""selected"": false}, {""method"": ""isotonic"", ""brier"": 0.22946280212464265, ""selected"": true}]"
LONG,15,position_plus_topology_compact_matrix,exit,1,BTCUSDT,isotonic,45862,3085,3065,0.5458031088082902,0.3677256097988241,0.23481551797479364,0.5489282013323465,0.3620009769154666,0.21899031891723156,0.37500000000000006,1043,0.3402936378466558,0.3576222435282838,0.38652849740932643,0.31484502446982054,1.1358675403255853,"[{""method"": ""raw"", ""brier"": 0.2428342022140457, ""selected"": false}, {""method"": ""platt"", ""brier"": 0.23156831526712177, ""selected"": false}, {""method"": ""isotonic"", ""brier"": 0.22946280212464265, ""selected"": true}]"
LONG,15,position_plus_topology_compact_matrix,exit,1,ETHUSDT,isotonic,45862,3010,3095,0.5808791877222534,0.3920950133484435,0.2450786472192328,0.579423076923077,0.3840613147248166,0.22519507645444517,0.35000000000000003,1919,0.620032310177706,0.39291297550807713,0.725,0.3360258481421648,1.169293903074518,"[{""method"": ""raw"", ""brier"": 0.2428342022140457, ""selected"": false}, {""method"": ""platt"", ""brier"": 0.23156831526712177, ""selected"": false}, {""method"": ""isotonic"", ""brier"": 0.22946280212464265, ""selected"": true}]"
LONG,15,position_plus_topology_compact_matrix,exit,1,SOLUSDT,isotonic,45862,2990,3045,0.5148259259259259,0.37301620712028205,0.26242777968491304,0.5114104166666668,0.3710049530005144,0.2409731052985631,0.4000000000000001,2185,0.7175697865353038,0.3748283752860412,0.728,0.3694581280788177,1.0145354691075514,"[{""method"": ""raw"", ""brier"": 0.2428342022140457, ""selected"": false}, {""method"": ""platt"", ""brier"": 0.23156831526712177, ""selected"": false}, {""method"": ""isotonic"", ""brier"": 0.22946280212464265, ""selected"": true}]"
LONG,15,position_plus_topology_compact_matrix,hold,1,ALL,isotonic,45862,9085,9205,0.5696574565652651,0.41851945595389706,0.2476471243412016,0.5695245365885164,0.40678969165760803,0.22583028002707753,0.4250000000000001,765,0.08310700706137969,0.49411764705882355,0.1163076923076923,0.35306898424769145,1.3994932126696833,"[{""method"": ""raw"", ""brier"": 0.24735650835690012, ""selected"": false}, {""method"": ""platt"", ""brier"": 0.2254863022947331, ""selected"": false}, {""method"": ""isotonic"", ""brier"": 0.2238323557229271, ""selected"": true}]"
LONG,15,position_plus_topology_compact_matrix,hold,1,BTCUSDT,isotonic,45862,3085,3065,0.5725663804902327,0.3844334222002094,0.24328237017350354,0.57130521338808,0.3743498823250925,0.21172548647710987,0.37500000000000006,839,0.27373572593800977,0.4135876042908224,0.36526315789473685,0.3099510603588907,1.3343642180540745,"[{""method"": ""raw"", ""brier"": 0.24735650835690012, ""selected"": false}, {""method"": ""platt"", ""brier"": 0.2254863022947331, ""selected"": false}, {""method"": ""isotonic"", ""brier"": 0.2238323557229271, ""selected"": true}]"
LONG,15,position_plus_topology_compact_matrix,hold,1,ETHUSDT,isotonic,45862,3010,3095,0.5595401233137083,0.4069911601967653,0.24726829399161593,0.560413518149367,0.39165426317686547,0.22319426340374598,0.4250000000000001,248,0.0801292407108239,0.43951612903225806,0.10283018867924529,0.34248788368336025,1.283304169202678,"[{""method"": ""raw"", ""brier"": 0.24735650835690012, ""selected"": false}, {""method"": ""platt"", ""brier"": 0.2254863022947331, ""selected"": false}, {""method"": ""isotonic"", ""brier"": 0.2238323557229271, ""selected"": true}]"
LONG,15,position_plus_topology_compact_matrix,hold,1,SOLUSDT,isotonic,45862,2990,3045,0.5432101688857117,0.44800336804853025,0.25242559772575407,0.543591948887499,0.4419733078182538,0.24270701686775473,0.4500000000000001,212,0.06962233169129721,0.5047169811320755,0.08629032258064516,0.4072249589490969,1.2394058125380403,"[{""method"": ""raw"", ""brier"": 0.24735650835690012, ""selected"": false}, {""method"": ""platt"", ""brier"": 0.2254863022947331, ""selected"": false}, {""method"": ""isotonic"", ""brier"": 0.2238323557229271, ""selected"": true}]"
LONG,15,position_plus_topology,exit,2,ALL,isotonic,55072,9100,9205,0.5637511955569486,0.38708403909755007,0.24934447320728895,0.5598183021349901,0.37104054470956216,0.21756693529292717,0.4250000000000001,435,0.047256925583921784,0.42298850574712643,0.061028192371475956,0.32753938077131994,1.291412668458474,"[{""method"": ""raw"", ""brier"": 0.24940618406255757, ""selected"": false}, {""method"": ""platt"", ""brier"": 0.22201342410037306, ""selected"": false}, {""method"": ""isotonic"", ""brier"": 0.2199398145079639, ""selected"": true}]"
LONG,15,position_plus_topology,exit,2,BTCUSDT,isotonic,55072,3030,3100,0.5478224815724816,0.32517719100046294,0.24278618124576923,0.542717547092547,0.3180089718170021,0.20268886183283683,0.35000000000000003,610,0.1967741935483871,0.35081967213114756,0.2431818181818182,0.2838709677419355,1.2358420268256334,"[{""method"": ""raw"", ""brier"": 0.24940618406255757, ""selected"": false}, {""method"": ""platt"", ""brier"": 0.22201342410037306, ""selected"": false}, {""method"": ""isotonic"", ""brier"": 0.2199398145079639, ""selected"": true}]"
LONG,15,position_plus_topology,exit,2,ETHUSDT,isotonic,55072,3055,3050,0.5794099378881987,0.4013213754860062,0.24772730572893834,0.5793433895297249,0.38728117998994327,0.21400235203309667,0.4250000000000001,212,0.06950819672131148,0.5188679245283019,0.11224489795918367,0.32131147540983607,1.6148440508278783,"[{""method"": ""raw"", ""brier"": 0.24940618406255757, ""selected"": false}, {""method"": ""platt"", ""brier"": 0.22201342410037306, ""selected"": false}, {""method"": ""isotonic"", ""brier"": 0.2199398145079639, ""selected"": true}]"
LONG,15,position_plus_topology,exit,2,SOLUSDT,isotonic,55072,3015,3055,0.5107609933925724,0.41853537130355867,0.25761388921045764,0.5041877420824789,0.38857876090155996,0.23622291128924902,0.4500000000000001,45,0.014729950900163666,0.5333333333333333,0.02077922077922078,0.3780687397708674,1.4106782106782108,"[{""method"": ""raw"", ""brier"": 0.24940618406255757, ""selected"": false}, {""method"": ""platt"", ""brier"": 0.22201342410037306, ""selected"": false}, {""method"": ""isotonic"", ""brier"": 0.2199398145079639, ""selected"": true}]"
LONG,15,position_plus_topology,hold,2,ALL,isotonic,55072,9100,9205,0.5692964842466504,0.4018130792830847,0.247535407106401,0.568138517865618,0.3908358604193107,0.2248314786958565,0.4250000000000001,1001,0.10874524714828897,0.42357642357642356,0.13312401883830455,0.34600760456273766,1.2241824109955977,"[{""method"": ""raw"", ""brier"": 0.24637352270161145, ""selected"": false}, {""method"": ""platt"", ""brier"": 0.22433022634622038, ""selected"": false}, {""method"": ""isotonic"", ""brier"": 0.22181751880988265, ""selected"": true}]"
LONG,15,position_plus_topology,hold,2,BTCUSDT,isotonic,55072,3030,3100,0.5815053122087604,0.34334317766690914,0.24166022669330642,0.5851456974215595,0.33947913341060243,0.20998166278732505,0.4250000000000001,231,0.07451612903225806,0.3246753246753247,0.08108108108108109,0.29838709677419356,1.088101088101088,"[{""method"": ""raw"", ""brier"": 0.24637352270161145, ""selected"": false}, {""method"": ""platt"", ""brier"": 0.22433022634622038, ""selected"": false}, {""method"": ""isotonic"", ""brier"": 0.22181751880988265, ""selected"": true}]"
LONG,15,position_plus_topology,hold,2,ETHUSDT,isotonic,55072,3055,3050,0.5670158474348643,0.4320846643467392,0.24508548990358106,0.5610323605320627,0.40946449577833155,0.22858910319780326,0.4250000000000001,252,0.08262295081967214,0.47619047619047616,0.1095890410958904,0.3590163934426229,1.3263752989780386,"[{""method"": ""raw"", ""brier"": 0.24637352270161145, ""selected"": false}, {""method"": ""platt"", ""brier"": 0.22433022634622038, ""selected"": false}, {""method"": ""isotonic"", ""brier"": 0.22181751880988265, ""selected"": true}]"
LONG,15,position_plus_topology,hold,2,SOLUSDT,isotonic,55072,3015,3055,0.5436051502145922,0.4309518408783525,0.25594303615687375,0.5417741898857779,0.416800158380153,0.2361485571199187,0.325,1601,0.5240589198036006,0.41099312929419113,0.5648068669527897,0.381342062193126,1.0777545150160979,"[{""method"": ""raw"", ""brier"": 0.24637352270161145, ""selected"": false}, {""method"": ""platt"", ""brier"": 0.22433022634622038, ""selected"": false}, {""method"": ""isotonic"", ""brier"": 0.22181751880988265, ""selected"": true}]"
LONG,15,position_plus_topology_compact_matrix,exit,2,ALL,isotonic,55072,9100,9205,0.5601284369750601,0.3673002065870753,0.24438285827992112,0.5499932486195838,0.35518029864601597,0.21884615500832635,0.4250000000000001,593,0.06442151004888648,0.3608768971332209,0.07097844112769486,0.32753938077131994,1.101781704182852,"[{""method"": ""raw"", ""brier"": 0.24354480824071717, ""selected"": false}, {""method"": ""platt"", ""brier"": 0.2209627380958982, ""selected"": false}, {""method"": ""isotonic"", ""brier"": 0.2195079590240044, ""selected"": true}]"
LONG,15,position_plus_topology_compact_matrix,exit,2,BTCUSDT,isotonic,55072,3030,3100,0.5468837018837018,0.3076590469418998,0.23101080150938683,0.5445920352170353,0.3026356814953986,0.20439485801864576,0.35000000000000003,412,0.1329032258064516,0.3106796116504854,0.14545454545454545,0.2838709677419355,1.0944395410414827,"[{""method"": ""raw"", ""brier"": 0.24354480824071717, ""selected"": false}, {""method"": ""platt"", ""brier"": 0.2209627380958982, ""selected"": false}, {""method"": ""isotonic"", ""brier"": 0.2195079590240044, ""selected"": true}]"
LONG,15,position_plus_topology_compact_matrix,exit,2,ETHUSDT,isotonic,55072,3055,3050,0.5624751059844227,0.3684240896244647,0.24553912722375112,0.5489593808537907,0.3529332953779228,0.21681579464954912,0.4000000000000001,478,0.15672131147540982,0.38702928870292885,0.18877551020408162,0.32131147540983607,1.2045299291264622,"[{""method"": ""raw"", ""brier"": 0.24354480824071717, ""selected"": false}, {""method"": ""platt"", ""brier"": 0.2209627380958982, ""selected"": false}, {""method"": ""isotonic"", ""brier"": 0.2195079590240044, ""selected"": true}]"
LONG,15,position_plus_topology_compact_matrix,exit,2,SOLUSDT,isotonic,55072,3015,3055,0.5368001822738665,0.4045734269277269,0.25679750826681963,0.5245197083618137,0.3943507598804222,0.23553735623984207,0.4500000000000001,89,0.029132569558101472,0.4157303370786517,0.032034632034632034,0.3780687397708674,1.0996157400651783,"[{""method"": ""raw"", ""brier"": 0.24354480824071717, ""selected"": false}, {""method"": ""platt"", ""brier"": 0.2209627380958982, ""selected"": false}, {""method"": ""isotonic"", ""brier"": 0.2195079590240044, ""selected"": true}]"
LONG,15,position_plus_topology_compact_matrix,hold,2,ALL,isotonic,55072,9100,9205,0.5747880690737833,0.403860423255197,0.247302959108298,0.5665724664514413,0.39133616395027226,0.22417991486218214,0.37500000000000006,1656,0.17990222705051603,0.4359903381642512,0.22668759811616954,0.34600760456273766,1.2600599883208579,"[{""method"": ""raw"", ""brier"": 0.24649995369927738, ""selected"": false}, {""method"": ""platt"", ""brier"": 0.22446447388319565, ""selected"": false}, {""method"": ""isotonic"", ""brier"": 0.22262724636801182, ""selected"": true}]"
LONG,15,position_plus_topology_compact_matrix,hold,2,BTCUSDT,isotonic,55072,3030,3100,0.5647855855855856,0.3347625368147159,0.24366847808141173,0.5586435538987263,0.3295417900666977,0.21157336910257468,0.4500000000000001,138,0.044516129032258066,0.2753623188405797,0.04108108108108108,0.29838709677419356,0.9228358793576185,"[{""method"": ""raw"", ""brier"": 0.24649995369927738, ""selected"": false}, {""method"": ""platt"", ""brier"": 0.22446447388319565, ""selected"": false}, {""method"": ""isotonic"", ""brier"": 0.22262724636801182, ""selected"": true}]"
LONG,15,position_plus_topology_compact_matrix,hold,2,ETHUSDT,isotonic,55072,3055,3050,0.5765448621378272,0.4384266489415921,0.24441123505917686,0.5673243877658269,0.4173572356811956,0.2269061327867216,0.37500000000000006,411,0.13475409836065574,0.48418491484184917,0.1817351598173516,0.3590163934426229,1.3486429134864293,"[{""method"": ""raw"", ""brier"": 0.24649995369927738, ""selected"": false}, {""method"": ""platt"", ""brier"": 0.22446447388319565, ""selected"": false}, {""method"": ""isotonic"", ""brier"": 0.22262724636801182, ""selected"": true}]"
LONG,15,position_plus_topology_compact_matrix,hold,2,SOLUSDT,isotonic,55072,3015,3055,0.561413811113382,0.4324309991127403,0.2538779671387947,0.5502606898744237,0.4170359183893511,0.23425039839244,0.35000000000000003,1287,0.42127659574468085,0.4257964257964258,0.4703862660944206,0.381342062193126,1.1165734599210995,"[{""method"": ""raw"", ""brier"": 0.24649995369927738, ""selected"": false}, {""method"": ""platt"", ""brier"": 0.22446447388319565, ""selected"": false}, {""method"": ""isotonic"", ""brier"": 0.22262724636801182, ""selected"": true}]"
LONG,15,position_plus_topology,exit,3,ALL,isotonic,64292,9070,9205,0.5793421908658504,0.33920540632423074,0.2369353084416676,0.5759625843947433,0.32899906893608705,0.20227634292033445,0.4250000000000001,194,0.021075502444323737,0.41237113402061853,0.030418250950570342,0.2857142857142857,1.443298969072165,"[{""method"": ""raw"", ""brier"": 0.24701069436770293, ""selected"": false}, {""method"": ""platt"", ""brier"": 0.21744550094596854, ""selected"": false}, {""method"": ""isotonic"", ""brier"": 0.21497159677558592, ""selected"": true}]"
LONG,15,position_plus_topology,exit,3,BTCUSDT,isotonic,64292,3055,3035,0.6019693396226415,0.3365770041347649,0.2125320182735672,0.6128116576819408,0.32995514823990535,0.18740778681862347,0.35000000000000003,542,0.1785831960461285,0.3856088560885609,0.2628930817610063,0.26194398682042835,1.4721042493443801,"[{""method"": ""raw"", ""brier"": 0.24701069436770293, ""selected"": false}, {""method"": ""platt"", ""brier"": 0.21744550094596854, ""selected"": false}, {""method"": ""isotonic"", ""brier"": 0.21497159677558592, ""selected"": true}]"
LONG,15,position_plus_topology,exit,3,ETHUSDT,isotonic,64292,3005,3070,0.5999493207941484,0.34263287279193005,0.23571056097810622,0.5839942528735632,0.3253056349524644,0.20133277850668188,0.4000000000000001,303,0.0986970684039088,0.297029702970297,0.10344827586206896,0.28338762214983715,1.0481392966882894,"[{""method"": ""raw"", ""brier"": 0.24701069436770293, ""selected"": false}, {""method"": ""platt"", ""brier"": 0.21744550094596854, ""selected"": false}, {""method"": ""isotonic"", ""brier"": 0.21497159677558592, ""selected"": true}]"
LONG,15,position_plus_topology,exit,3,SOLUSDT,isotonic,64292,3010,3100,0.5183405127956219,0.3508368523376937,0.26203981178789926,0.5191933115724843,0.3371912582824233,0.21776757211988487,0.4000000000000001,409,0.13193548387096773,0.38875305623471884,0.16476683937823836,0.31129032258064515,1.2488440148472835,"[{""method"": ""raw"", ""brier"": 0.24701069436770293, ""selected"": false}, {""method"": ""platt"", ""brier"": 0.21744550094596854, ""selected"": false}, {""method"": ""isotonic"", ""brier"": 0.21497159677558592, ""selected"": true}]"
LONG,15,position_plus_topology,hold,3,ALL,isotonic,64292,9070,9205,0.5918229774096428,0.3760450179735403,0.2378313276795544,0.5867205532239711,0.3474359016865,0.20443794249704705,0.35000000000000003,1485,0.16132536664856056,0.3824915824915825,0.20920810313075505,0.2949483976099946,1.296808477655623,"[{""method"": ""raw"", ""brier"": 0.2471404484552771, ""selected"": false}, {""method"": ""platt"", ""brier"": 0.22150751159353696, ""selected"": false}, {""method"": ""isotonic"", ""brier"": 0.21907138652443403, ""selected"": true}]"
LONG,15,position_plus_topology,hold,3,BTCUSDT,isotonic,64292,3055,3035,0.5873913425749537,0.2947541310436058,0.227549322945782,0.5881342868028487,0.2888874205763022,0.18490165224077063,0.35000000000000003,257,0.08467874794069193,0.2801556420233463,0.09664429530201342,0.24546952224052718,1.1413051993836993,"[{""method"": ""raw"", ""brier"": 0.2471404484552771, ""selected"": false}, {""method"": ""platt"", ""brier"": 0.22150751159353696, ""selected"": false}, {""method"": ""isotonic"", ""brier"": 0.21907138652443403, ""selected"": true}]"
LONG,15,position_plus_topology,hold,3,ETHUSDT,isotonic,64292,3005,3070,0.5989844067295977,0.42358548957489545,0.23504604402621065,0.5904072465016675,0.3715003242171798,0.21034826261728143,0.35000000000000003,493,0.16058631921824104,0.4239350912778905,0.21658031088082902,0.31433224755700323,1.3486846945317346,"[{""method"": ""raw"", ""brier"": 0.2471404484552771, ""selected"": false}, {""method"": ""platt"", ""brier"": 0.22150751159353696, ""selected"": false}, {""method"": ""isotonic"", ""brier"": 0.21907138652443403, ""selected"": true}]"
LONG,15,position_plus_topology,hold,3,SOLUSDT,isotonic,64292,3010,3100,0.5759930656977642,0.39207414366051907,0.2506560712868977,0.5653161400634061,0.3656260698914605,0.21771147738694363,0.35000000000000003,735,0.23709677419354838,0.3904761904761905,0.2855721393034826,0.3241935483870968,1.2044539208718312,"[{""method"": ""raw"", ""brier"": 0.2471404484552771, ""selected"": false}, {""method"": ""platt"", ""brier"": 0.22150751159353696, ""selected"": false}, {""method"": ""isotonic"", ""brier"": 0.21907138652443403, ""selected"": true}]"
LONG,15,position_plus_topology_compact_matrix,exit,3,ALL,isotonic,64292,9070,9205,0.5874276048518845,0.35456098142338094,0.2381245328664662,0.5870406395928812,0.3449213340555098,0.19956185767233092,0.4000000000000001,630,0.06844106463878327,0.4126984126984127,0.09885931558935361,0.2857142857142857,1.4444444444444444,"[{""method"": ""raw"", ""brier"": 0.24865731595823706, ""selected"": false}, {""method"": ""platt"", ""brier"": 0.2177840220566575, ""selected"": false}, {""method"": ""isotonic"", ""brier"": 0.21635449841336923, ""selected"": true}]"
LONG,15,position_plus_topology_compact_matrix,exit,3,BTCUSDT,isotonic,64292,3055,3035,0.6148568059299191,0.3424590445321895,0.21754964390413248,0.6110630053908356,0.3318532800658238,0.18600664831540603,0.325,316,0.10411861614497529,0.37658227848101267,0.14968553459119496,0.26194398682042835,1.4376442958363187,"[{""method"": ""raw"", ""brier"": 0.24865731595823706, ""selected"": false}, {""method"": ""platt"", ""brier"": 0.2177840220566575, ""selected"": false}, {""method"": ""isotonic"", ""brier"": 0.21635449841336923, ""selected"": true}]"
LONG,15,position_plus_topology_compact_matrix,exit,3,ETHUSDT,isotonic,64292,3005,3070,0.5868547544409614,0.35771801587382074,0.23886704458847585,0.5885668756530826,0.3528596507135601,0.19928810397680208,0.37500000000000006,339,0.11042345276872964,0.37168141592920356,0.14482758620689656,0.28338762214983715,1.3115654562099481,"[{""method"": ""raw"", ""brier"": 0.24865731595823706, ""selected"": false}, {""method"": ""platt"", ""brier"": 0.2177840220566575, ""selected"": false}, {""method"": ""isotonic"", ""brier"": 0.21635449841336923, ""selected"": true}]"
LONG,15,position_plus_topology_compact_matrix,exit,3,SOLUSDT,isotonic,64292,3010,3100,0.5654963536421109,0.37405524497155723,0.2575326867419866,0.5648457123442259,0.35689211794553555,0.2131039493637956,0.37500000000000006,560,0.18064516129032257,0.3625,0.21036269430051813,0.31129032258064515,1.1645077720207253,"[{""method"": ""raw"", ""brier"": 0.24865731595823706, ""selected"": false}, {""method"": ""platt"", ""brier"": 0.2177840220566575, ""selected"": false}, {""method"": ""isotonic"", ""brier"": 0.21635449841336923, ""selected"": true}]"
LONG,15,position_plus_topology_compact_matrix,hold,3,ALL,isotonic,64292,9070,9205,0.5921401107242478,0.3697338999254842,0.23885652925901799,0.5902079130096735,0.34908231167485204,0.20493091798167826,0.37500000000000006,1367,0.14850624660510592,0.3584491587417703,0.18047882136279927,0.2949483976099946,1.2152944774283594,"[{""method"": ""raw"", ""brier"": 0.24783095168181643, ""selected"": false}, {""method"": ""platt"", ""brier"": 0.22211883602419952, ""selected"": false}, {""method"": ""isotonic"", ""brier"": 0.22034759944389254, ""selected"": true}]"
LONG,15,position_plus_topology_compact_matrix,hold,3,BTCUSDT,isotonic,64292,3055,3035,0.5862676943817591,0.28267409528924714,0.22946737802405276,0.5863031564139386,0.2817561532334853,0.18547268318391008,0.4500000000000001,181,0.059637561779242176,0.23756906077348067,0.05771812080536913,0.24546952224052718,0.9678148985872669,"[{""method"": ""raw"", ""brier"": 0.24783095168181643, ""selected"": false}, {""method"": ""platt"", ""brier"": 0.22211883602419952, ""selected"": false}, {""method"": ""isotonic"", ""brier"": 0.22034759944389254, ""selected"": true}]"
LONG,15,position_plus_topology_compact_matrix,hold,3,ETHUSDT,isotonic,64292,3005,3070,0.5967902723591745,0.41379305034890446,0.2357253848900202,0.5961062360774373,0.3780119807969528,0.2118912431389907,0.37500000000000006,427,0.13908794788273615,0.37236533957845436,0.16476683937823836,0.31433224755700323,1.1846234119231658,"[{""method"": ""raw"", ""brier"": 0.24783095168181643, ""selected"": false}, {""method"": ""platt"", ""brier"": 0.22211883602419952, ""selected"": false}, {""method"": ""isotonic"", ""brier"": 0.22034759944389254, ""selected"": true}]"
LONG,15,position_plus_topology_compact_matrix,hold,3,SOLUSDT,isotonic,64292,3010,3100,0.585000059369026,0.39801346687167305,0.2511496541657736,0.5781474489129531,0.37404358870068444,0.2170881903617678,0.4500000000000001,530,0.17096774193548386,0.3849056603773585,0.20298507462686566,0.3241935483870968,1.1872711912137426,"[{""method"": ""raw"", ""brier"": 0.24783095168181643, ""selected"": false}, {""method"": ""platt"", ""brier"": 0.22211883602419952, ""selected"": false}, {""method"": ""isotonic"", ""brier"": 0.22034759944389254, ""selected"": true}]"
LONG,30,position_plus_topology,exit,1,ALL,isotonic,91292,18075,18320,0.5523199617708943,0.40500199980817736,0.2501669388694563,0.5528937177837213,0.4024265731387145,0.23568738469404535,0.37500000000000006,12527,0.6837882096069869,0.39626406960964317,0.7316138540899042,0.3703602620087336,1.0699421894250056,"[{""method"": ""raw"", ""brier"": 0.24869473165992884, ""selected"": false}, {""method"": ""platt"", ""brier"": 0.23884804096455117, ""selected"": false}, {""method"": ""isotonic"", ""brier"": 0.2371657232146712, ""selected"": true}]"
LONG,30,position_plus_topology,exit,1,BTCUSDT,isotonic,91292,6025,6110,0.5780498753117207,0.39543361112439496,0.24851789424954496,0.5787012231326445,0.3871397709166751,0.2262874541371195,0.37500000000000006,3412,0.5584288052373159,0.39976553341148885,0.6495238095238095,0.3436988543371522,1.163127337687713,"[{""method"": ""raw"", ""brier"": 0.24869473165992884, ""selected"": false}, {""method"": ""platt"", ""brier"": 0.23884804096455117, ""selected"": false}, {""method"": ""isotonic"", ""brier"": 0.2371657232146712, ""selected"": true}]"
LONG,30,position_plus_topology,exit,1,ETHUSDT,isotonic,91292,6025,6105,0.5477519869164778,0.41197687972435026,0.24995259552813223,0.547750552319743,0.4066945465463472,0.23693264797007177,0.35000000000000003,5060,0.8288288288288288,0.38636363636363635,0.8593406593406593,0.3726453726453726,1.036813186813187,"[{""method"": ""raw"", ""brier"": 0.24869473165992884, ""selected"": false}, {""method"": ""platt"", ""brier"": 0.23884804096455117, ""selected"": false}, {""method"": ""isotonic"", ""brier"": 0.2371657232146712, ""selected"": true}]"
LONG,30,position_plus_topology,exit,1,SOLUSDT,isotonic,91292,6025,6105,0.5196449727398806,0.4128302955140454,0.2520316773995861,0.5210992200966879,0.4113985306924702,0.2438497505257695,0.325,6065,0.9934479934479934,0.3948887056883759,0.9937759336099585,0.39475839475839475,1.0003301029989773,"[{""method"": ""raw"", ""brier"": 0.24869473165992884, ""selected"": false}, {""method"": ""platt"", ""brier"": 0.23884804096455117, ""selected"": false}, {""method"": ""isotonic"", ""brier"": 0.2371657232146712, ""selected"": true}]"
LONG,30,position_plus_topology,hold,1,ALL,isotonic,91292,18075,18320,0.5601613027315288,0.42264164582269304,0.2510205723466003,0.560230442506692,0.41698849725650744,0.23131977723279668,0.4000000000000001,3273,0.17865720524017467,0.45951726245035135,0.2213392200147167,0.3709061135371179,1.2389045251052888,"[{""method"": ""raw"", ""brier"": 0.25414175521444043, ""selected"": false}, {""method"": ""platt"", ""brier"": 0.23543039825579098, ""selected"": false}, {""method"": ""isotonic"", ""brier"": 0.2341253876426086, ""selected"": true}]"
LONG,30,position_plus_topology,hold,1,BTCUSDT,isotonic,91292,6025,6110,0.5396662261203893,0.37519346393997527,0.24585868996594548,0.5385223477111619,0.3653581484126665,0.22378085241557172,0.4000000000000001,622,0.10180032733224223,0.40353697749196143,0.1224390243902439,0.3355155482815057,1.202737040232139,"[{""method"": ""raw"", ""brier"": 0.25414175521444043, ""selected"": false}, {""method"": ""platt"", ""brier"": 0.23543039825579098, ""selected"": false}, {""method"": ""isotonic"", ""brier"": 0.2341253876426086, ""selected"": true}]"
LONG,30,position_plus_topology,hold,1,ETHUSDT,isotonic,91292,6025,6105,0.5722630484302268,0.43923753691066636,0.24790560324863092,0.5698424692249882,0.42062838188289103,0.22724803564328358,0.4000000000000001,1031,0.16887796887796888,0.4713870029097963,0.2214123006833713,0.3595413595413595,1.3110786572958117,"[{""method"": ""raw"", ""brier"": 0.25414175521444043, ""selected"": false}, {""method"": ""platt"", ""brier"": 0.23543039825579098, ""selected"": false}, {""method"": ""isotonic"", ""brier"": 0.2341253876426086, ""selected"": true}]"
LONG,30,position_plus_topology,hold,1,SOLUSDT,isotonic,91292,6025,6105,0.5337666363310444,0.4400502965433686,0.2593016514111219,0.5395681310498883,0.44608345270832545,0.24293661802513422,0.4000000000000001,1620,0.26535626535626533,0.4734567901234568,0.3007843137254902,0.4176904176904177,1.1335112563543936,"[{""method"": ""raw"", ""brier"": 0.25414175521444043, ""selected"": false}, {""method"": ""platt"", ""brier"": 0.23543039825579098, ""selected"": false}, {""method"": ""isotonic"", ""brier"": 0.2341253876426086, ""selected"": true}]"
LONG,30,position_plus_topology_compact_matrix,exit,1,ALL,isotonic,91292,18075,18320,0.5491999262760896,0.40638254545549346,0.25032984040474715,0.5470468239464715,0.39974773582771195,0.2363380015467904,0.3,15777,0.8611899563318778,0.384356975343855,0.8937361827560796,0.3703602620087336,1.037792157450173,"[{""method"": ""raw"", ""brier"": 0.24801780699187392, ""selected"": false}, {""method"": ""platt"", ""brier"": 0.23864676909693278, ""selected"": false}, {""method"": ""isotonic"", ""brier"": 0.23646930339958985, ""selected"": true}]"
LONG,30,position_plus_topology_compact_matrix,exit,1,BTCUSDT,isotonic,91292,6025,6110,0.5704649091556823,0.3917978130670438,0.24719870903631924,0.5662747892174327,0.38559414789907787,0.22708455108312334,0.4000000000000001,2978,0.48739770867430443,0.3999328408327737,0.5671428571428572,0.3436988543371522,1.163614122613451,"[{""method"": ""raw"", ""brier"": 0.24801780699187392, ""selected"": false}, {""method"": ""platt"", ""brier"": 0.23864676909693278, ""selected"": false}, {""method"": ""isotonic"", ""brier"": 0.23646930339958985, ""selected"": true}]"
LONG,30,position_plus_topology_compact_matrix,exit,1,ETHUSDT,isotonic,91292,6025,6105,0.5434231199609789,0.4120699463649951,0.25010604376572354,0.5430637247869624,0.4051213717553906,0.23690754674233908,0.3,5000,0.819000819000819,0.3866,0.8496703296703296,0.3726453726453726,1.0374474725274725,"[{""method"": ""raw"", ""brier"": 0.24801780699187392, ""selected"": false}, {""method"": ""platt"", ""brier"": 0.23864676909693278, ""selected"": false}, {""method"": ""isotonic"", ""brier"": 0.23646930339958985, ""selected"": true}]"
LONG,30,position_plus_topology_compact_matrix,exit,1,SOLUSDT,isotonic,91292,6025,6105,0.5203664254150782,0.4141121146543144,0.25368733281135364,0.5149047439907017,0.4031413646324389,0.24502948539841704,0.3,5968,0.9775593775593776,0.3964477211796247,0.9817427385892116,0.39475839475839475,1.0042793932786758,"[{""method"": ""raw"", ""brier"": 0.24801780699187392, ""selected"": false}, {""method"": ""platt"", ""brier"": 0.23864676909693278, ""selected"": false}, {""method"": ""isotonic"", ""brier"": 0.23646930339958985, ""selected"": true}]"
LONG,30,position_plus_topology_compact_matrix,hold,1,ALL,isotonic,91292,18075,18320,0.5479481754958907,0.41142366762613203,0.24955269517836084,0.5456912078071952,0.404217488310162,0.23239460482786525,0.4000000000000001,4132,0.22554585152838427,0.43223620522749273,0.26284032376747607,0.3709061135371179,1.1653520647193034,"[{""method"": ""raw"", ""brier"": 0.24977231272601186, ""selected"": false}, {""method"": ""platt"", ""brier"": 0.23592919267028736, ""selected"": false}, {""method"": ""isotonic"", ""brier"": 0.23428332391560558, ""selected"": true}]"
LONG,30,position_plus_topology_compact_matrix,hold,1,BTCUSDT,isotonic,91292,6025,6110,0.5258603868797309,0.35432471187799564,0.24887292594427676,0.5159140334014177,0.34735626143397325,0.22562832398997612,0.4000000000000001,1017,0.16644844517184942,0.3667649950835792,0.18195121951219512,0.3355155482815057,1.0931385951027655,"[{""method"": ""raw"", ""brier"": 0.24977231272601186, ""selected"": false}, {""method"": ""platt"", ""brier"": 0.23592919267028736, ""selected"": false}, {""method"": ""isotonic"", ""brier"": 0.23428332391560558, ""selected"": true}]"
LONG,30,position_plus_topology_compact_matrix,hold,1,ETHUSDT,isotonic,91292,6025,6105,0.5644553711352819,0.420214870808256,0.24879154231691347,0.5685309556129077,0.4095417939431994,0.2280297104674785,0.4000000000000001,1376,0.2253890253890254,0.4433139534883721,0.27790432801822323,0.3595413595413595,1.2329984902262012,"[{""method"": ""raw"", ""brier"": 0.24977231272601186, ""selected"": false}, {""method"": ""platt"", ""brier"": 0.23592919267028736, ""selected"": false}, {""method"": ""isotonic"", ""brier"": 0.23428332391560558, ""selected"": true}]"
LONG,30,position_plus_topology_compact_matrix,hold,1,SOLUSDT,isotonic,91292,6025,6105,0.5233850693582637,0.4411604442419636,0.25099417400545176,0.5217815283638068,0.4390323959197763,0.24353132161568902,0.4000000000000001,1739,0.28484848484848485,0.46175963197239794,0.3149019607843137,0.4176904176904177,1.1055068836045057,"[{""method"": ""raw"", ""brier"": 0.24977231272601186, ""selected"": false}, {""method"": ""platt"", ""brier"": 0.23592919267028736, ""selected"": false}, {""method"": ""isotonic"", ""brier"": 0.23428332391560558, ""selected"": true}]"
LONG,30,position_plus_topology,exit,2,ALL,isotonic,109612,18080,18320,0.5417458072248669,0.4114541504735793,0.25427509930621217,0.5396354245640935,0.406433003336517,0.23618337677235673,0.4500000000000001,50,0.0027292576419213972,0.4,0.002851033499643621,0.38291484716157204,1.0446186742694228,"[{""method"": ""raw"", ""brier"": 0.2532205216074728, ""selected"": false}, {""method"": ""platt"", ""brier"": 0.2301549664565912, ""selected"": false}, {""method"": ""isotonic"", ""brier"": 0.22914444910959045, ""selected"": true}]"
LONG,30,position_plus_topology,exit,2,BTCUSDT,isotonic,109612,6030,6105,0.5271456296934267,0.36699305465426757,0.24764653088881614,0.523784118594376,0.3637969884457168,0.22869384558805175,0.4250000000000001,758,0.12416052416052416,0.370712401055409,0.13161592505854802,0.3497133497133497,1.0600464676549282,"[{""method"": ""raw"", ""brier"": 0.2532205216074728, ""selected"": false}, {""method"": ""platt"", ""brier"": 0.2301549664565912, ""selected"": false}, {""method"": ""isotonic"", ""brier"": 0.22914444910959045, ""selected"": true}]"
LONG,30,position_plus_topology,exit,2,ETHUSDT,isotonic,109612,6025,6110,0.5396981366565856,0.4082443022548422,0.2538450282417045,0.5383982714831781,0.4025758693024599,0.23510785757639063,0.4250000000000001,1168,0.1911620294599018,0.4366438356164384,0.22125813449023862,0.3772504091653028,1.1574376727186284,"[{""method"": ""raw"", ""brier"": 0.2532205216074728, ""selected"": false}, {""method"": ""platt"", ""brier"": 0.2301549664565912, ""selected"": false}, {""method"": ""isotonic"", ""brier"": 0.22914444910959045, ""selected"": true}]"
LONG,30,position_plus_topology,exit,2,SOLUSDT,isotonic,109612,6025,6105,0.5259256855249044,0.43792279053914906,0.26133409101667004,0.524607277427872,0.43477430519255356,0.24474930800373015,0.4500000000000001,28,0.004586404586404586,0.32142857142857145,0.003495145631067961,0.4217854217854218,0.7620665742024966,"[{""method"": ""raw"", ""brier"": 0.2532205216074728, ""selected"": false}, {""method"": ""platt"", ""brier"": 0.2301549664565912, ""selected"": false}, {""method"": ""isotonic"", ""brier"": 0.22914444910959045, ""selected"": true}]"
LONG,30,position_plus_topology,hold,2,ALL,isotonic,109612,18080,18320,0.555804749887869,0.4201337104666085,0.24970480262761968,0.5489176455189873,0.407094843340428,0.23147801815692648,0.4250000000000001,1552,0.08471615720524017,0.48131443298969073,0.10993377483443709,0.3709061135371179,1.297671878200314,"[{""method"": ""raw"", ""brier"": 0.24999211849369085, ""selected"": false}, {""method"": ""platt"", ""brier"": 0.2318073755614682, ""selected"": false}, {""method"": ""isotonic"", ""brier"": 0.23091568399596524, ""selected"": true}]"
LONG,30,position_plus_topology,hold,2,BTCUSDT,isotonic,109612,6030,6105,0.5602465103380274,0.3739201917378529,0.24245661111357314,0.5576175392105507,0.3612070254594687,0.21661175935660198,0.47500000000000014,78,0.012776412776412777,0.5384615384615384,0.021483375959079284,0.3202293202293202,1.6814873106433208,"[{""method"": ""raw"", ""brier"": 0.24999211849369085, ""selected"": false}, {""method"": ""platt"", ""brier"": 0.2318073755614682, ""selected"": false}, {""method"": ""isotonic"", ""brier"": 0.23091568399596524, ""selected"": true}]"
LONG,30,position_plus_topology,hold,2,ETHUSDT,isotonic,109612,6025,6110,0.559304804290768,0.43149808923623234,0.24886487515429132,0.5500998516489787,0.4163807962242465,0.23317164524148576,0.4250000000000001,514,0.08412438625204582,0.5116731517509727,0.11434782608695652,0.37643207855973815,1.3592708509558449,"[{""method"": ""raw"", ""brier"": 0.24999211849369085, ""selected"": false}, {""method"": ""platt"", ""brier"": 0.2318073755614682, ""selected"": false}, {""method"": ""isotonic"", ""brier"": 0.23091568399596524, ""selected"": true}]"
LONG,30,position_plus_topology,hold,2,SOLUSDT,isotonic,109612,6025,6105,0.5067758500734393,0.43810116559027257,0.2577936095162832,0.5007440558359377,0.425598391897512,0.24464926279072235,0.4250000000000001,723,0.11842751842751843,0.4827109266943292,0.1374015748031496,0.41605241605241605,1.1602166171137323,"[{""method"": ""raw"", ""brier"": 0.24999211849369085, ""selected"": false}, {""method"": ""platt"", ""brier"": 0.2318073755614682, ""selected"": false}, {""method"": ""isotonic"", ""brier"": 0.23091568399596524, ""selected"": true}]"
LONG,30,position_plus_topology_compact_matrix,exit,2,ALL,isotonic,109612,18080,18320,0.5481504188125338,0.4187564619178947,0.25178529838723424,0.547499857353753,0.4149460751275999,0.23492500783693787,0.4500000000000001,2988,0.1631004366812227,0.42938420348058903,0.18289379900213829,0.38291484716157204,1.1213568934803124,"[{""method"": ""raw"", ""brier"": 0.2512836393106042, ""selected"": false}, {""method"": ""platt"", ""brier"": 0.23005063097703324, ""selected"": false}, {""method"": ""isotonic"", ""brier"": 0.2291812273316371, ""selected"": true}]"
LONG,30,position_plus_topology_compact_matrix,exit,2,BTCUSDT,isotonic,109612,6030,6105,0.525953079005893,0.3636909031331901,0.2468163030928717,0.5268511494286776,0.36519953812429223,0.227925702998805,0.4500000000000001,613,0.1004095004095004,0.3442088091353997,0.09882903981264637,0.3497133497133497,0.9842598500101242,"[{""method"": ""raw"", ""brier"": 0.2512836393106042, ""selected"": false}, {""method"": ""platt"", ""brier"": 0.23005063097703324, ""selected"": false}, {""method"": ""isotonic"", ""brier"": 0.2291812273316371, ""selected"": true}]"
LONG,30,position_plus_topology_compact_matrix,exit,2,ETHUSDT,isotonic,109612,6025,6110,0.5696660120118238,0.42892039670172866,0.24986315597853576,0.5683790309017989,0.42361517492783896,0.23102736855383088,0.4500000000000001,1043,0.1707037643207856,0.46021093000958774,0.20824295010845986,0.3772504091653028,1.2199083654484082,"[{""method"": ""raw"", ""brier"": 0.2512836393106042, ""selected"": false}, {""method"": ""platt"", ""brier"": 0.23005063097703324, ""selected"": false}, {""method"": ""isotonic"", ""brier"": 0.2291812273316371, ""selected"": true}]"
LONG,30,position_plus_topology_compact_matrix,exit,2,SOLUSDT,isotonic,109612,6025,6105,0.5235999889985973,0.44876422340716804,0.25867801032650223,0.5221646359910889,0.442171036672718,0.24582514412794265,0.4000000000000001,2144,0.3511875511875512,0.4449626865671642,0.3704854368932039,0.4217854217854218,1.054950369511665,"[{""method"": ""raw"", ""brier"": 0.2512836393106042, ""selected"": false}, {""method"": ""platt"", ""brier"": 0.23005063097703324, ""selected"": false}, {""method"": ""isotonic"", ""brier"": 0.2291812273316371, ""selected"": true}]"
LONG,30,position_plus_topology_compact_matrix,hold,2,ALL,isotonic,109612,18080,18320,0.5557801688430468,0.4207498924307266,0.2491968515699835,0.5546170065714391,0.413278786252527,0.23109692762480125,0.4000000000000001,2484,0.13558951965065502,0.46578099838969406,0.17027225901398088,0.3709061135371179,1.2557921840322583,"[{""method"": ""raw"", ""brier"": 0.2503523622609866, ""selected"": false}, {""method"": ""platt"", ""brier"": 0.23195694171874137, ""selected"": false}, {""method"": ""isotonic"", ""brier"": 0.23091277374500696, ""selected"": true}]"
LONG,30,position_plus_topology_compact_matrix,hold,2,BTCUSDT,isotonic,109612,6030,6105,0.5588406618802575,0.3785595503124262,0.24122683793334887,0.5559851477521338,0.36097401077404817,0.21668494014792003,0.4250000000000001,366,0.05995085995085995,0.4426229508196721,0.08286445012787724,0.3202293202293202,1.3822061968051655,"[{""method"": ""raw"", ""brier"": 0.2503523622609866, ""selected"": false}, {""method"": ""platt"", ""brier"": 0.23195694171874137, ""selected"": false}, {""method"": ""isotonic"", ""brier"": 0.23091277374500696, ""selected"": true}]"
LONG,30,position_plus_topology_compact_matrix,hold,2,ETHUSDT,isotonic,109612,6025,6110,0.5495042793563848,0.4236167452525049,0.2494472520801513,0.5473223211229032,0.4194752674763507,0.23300226728200044,0.4000000000000001,817,0.1337152209492635,0.4883720930232558,0.17347826086956522,0.37643207855973815,1.2973710819009099,"[{""method"": ""raw"", ""brier"": 0.2503523622609866, ""selected"": false}, {""method"": ""platt"", ""brier"": 0.23195694171874137, ""selected"": false}, {""method"": ""isotonic"", ""brier"": 0.23091277374500696, ""selected"": true}]"
LONG,30,position_plus_topology_compact_matrix,hold,2,SOLUSDT,isotonic,109612,6025,6105,0.5197914987134322,0.44445556990678226,0.2569162596182273,0.5223549160141797,0.43769619845395613,0.24360201496974337,0.4000000000000001,1185,0.1941031941031941,0.45907172995780593,0.2141732283464567,0.41605241605241605,1.103398784012758,"[{""method"": ""raw"", ""brier"": 0.2503523622609866, ""selected"": false}, {""method"": ""platt"", ""brier"": 0.23195694171874137, ""selected"": false}, {""method"": ""isotonic"", ""brier"": 0.23091277374500696, ""selected"": true}]"
LONG,30,position_plus_topology,exit,3,ALL,isotonic,127937,18075,18320,0.5928657966401994,0.38127454333373,0.23995080951835818,0.5865853375112103,0.36859931473195057,0.2145436795193556,0.4500000000000001,392,0.021397379912663755,0.3673469387755102,0.024489795918367346,0.32096069868995636,1.1445231153685964,"[{""method"": ""raw"", ""brier"": 0.250672724699772, ""selected"": false}, {""method"": ""platt"", ""brier"": 0.2343302754394977, ""selected"": false}, {""method"": ""isotonic"", ""brier"": 0.23333523629795114, ""selected"": true}]"
LONG,30,position_plus_topology,exit,3,BTCUSDT,isotonic,127937,6025,6105,0.6045787597241453,0.3435207692340847,0.2247882714117472,0.6028125271740947,0.3348927593881288,0.19698399630858257,0.4500000000000001,82,0.013431613431613431,0.3170731707317073,0.015339233038348082,0.27764127764127766,1.1420246060867687,"[{""method"": ""raw"", ""brier"": 0.250672724699772, ""selected"": false}, {""method"": ""platt"", ""brier"": 0.2343302754394977, ""selected"": false}, {""method"": ""isotonic"", ""brier"": 0.23333523629795114, ""selected"": true}]"
LONG,30,position_plus_topology,exit,3,ETHUSDT,isotonic,127937,6025,6105,0.5983048142887364,0.39881660192730495,0.23952433670437667,0.5910547311795461,0.3832979829198667,0.21777169577976635,0.4500000000000001,199,0.032596232596232594,0.36180904522613067,0.035467980295566505,0.3325143325143325,1.0881006015298167,"[{""method"": ""raw"", ""brier"": 0.250672724699772, ""selected"": false}, {""method"": ""platt"", ""brier"": 0.2343302754394977, ""selected"": false}, {""method"": ""isotonic"", ""brier"": 0.23333523629795114, ""selected"": true}]"
LONG,30,position_plus_topology,exit,3,SOLUSDT,isotonic,127937,6025,6110,0.5530650209286022,0.39028574160081475,0.25552706347420384,0.5419487799226215,0.3746837502542281,0.22886361842802366,0.4500000000000001,111,0.018166939443535188,0.4144144144144144,0.02134570765661253,0.3527004909983633,1.1749754394765997,"[{""method"": ""raw"", ""brier"": 0.250672724699772, ""selected"": false}, {""method"": ""platt"", ""brier"": 0.2343302754394977, ""selected"": false}, {""method"": ""isotonic"", ""brier"": 0.23333523629795114, ""selected"": true}]"
LONG,30,position_plus_topology,hold,3,ALL,isotonic,127937,18075,18320,0.5843269911193072,0.41299458769137365,0.24386823977295874,0.5821608402471034,0.4030937121813356,0.22093722007946856,0.4000000000000001,2385,0.13018558951965065,0.48343815513626837,0.18507223113964688,0.3400655021834061,1.4216030500957364,"[{""method"": ""raw"", ""brier"": 0.24867565636678893, ""selected"": false}, {""method"": ""platt"", ""brier"": 0.2304288376715902, ""selected"": false}, {""method"": ""isotonic"", ""brier"": 0.2293714971626219, ""selected"": true}]"
LONG,30,position_plus_topology,hold,3,BTCUSDT,isotonic,127937,6025,6105,0.6052994494943029,0.3864834531154345,0.23667008757702035,0.6017314684419409,0.3722906001318749,0.20502806574285962,0.4250000000000001,191,0.03128583128583129,0.4712041884816754,0.049315068493150684,0.2989352989352989,1.5762748332496594,"[{""method"": ""raw"", ""brier"": 0.24867565636678893, ""selected"": false}, {""method"": ""platt"", ""brier"": 0.2304288376715902, ""selected"": false}, {""method"": ""isotonic"", ""brier"": 0.2293714971626219, ""selected"": true}]"
LONG,30,position_plus_topology,hold,3,ETHUSDT,isotonic,127937,6025,6105,0.5767783919744962,0.42624582966517616,0.24343159245616575,0.5778241642537509,0.4214696186533229,0.22609927247206008,0.4000000000000001,859,0.1407043407043407,0.4912689173457509,0.19402298850574712,0.35626535626535627,1.3789410300670386,"[{""method"": ""raw"", ""brier"": 0.24867565636678893, ""selected"": false}, {""method"": ""platt"", ""brier"": 0.2304288376715902, ""selected"": false}, {""method"": ""isotonic"", ""brier"": 0.2293714971626219, ""selected"": true}]"
LONG,30,position_plus_topology,hold,3,SOLUSDT,isotonic,127937,6025,6110,0.5599623803800102,0.4245717237486079,0.25149679149558146,0.5552200545513384,0.4104048770242396,0.23167552734104416,0.4000000000000001,1087,0.1779050736497545,0.48574057037718493,0.2367713004484305,0.3649754500818331,1.3308855986567711,"[{""method"": ""raw"", ""brier"": 0.24867565636678893, ""selected"": false}, {""method"": ""platt"", ""brier"": 0.2304288376715902, ""selected"": false}, {""method"": ""isotonic"", ""brier"": 0.2293714971626219, ""selected"": true}]"
LONG,30,position_plus_topology_compact_matrix,exit,3,ALL,isotonic,127937,18075,18320,0.5863699362381609,0.37193684985701325,0.23922244221901806,0.5858706553360895,0.37175559616603915,0.2146985682923495,0.4250000000000001,2991,0.163264192139738,0.3918421932464059,0.19931972789115646,0.32096069868995636,1.2208416633119312,"[{""method"": ""raw"", ""brier"": 0.2503671005708253, ""selected"": false}, {""method"": ""platt"", ""brier"": 0.23404502582880035, ""selected"": false}, {""method"": ""isotonic"", ""brier"": 0.23308477335327846, ""selected"": true}]"
LONG,30,position_plus_topology_compact_matrix,exit,3,BTCUSDT,isotonic,127937,6025,6105,0.6076742988247413,0.3404627012525697,0.22064323037448652,0.6073122228242329,0.3385472603302016,0.1972743126991117,0.4250000000000001,443,0.07256347256347256,0.3476297968397291,0.09085545722713864,0.27764127764127766,1.2520825425997322,"[{""method"": ""raw"", ""brier"": 0.2503671005708253, ""selected"": false}, {""method"": ""platt"", ""brier"": 0.23404502582880035, ""selected"": false}, {""method"": ""isotonic"", ""brier"": 0.23308477335327846, ""selected"": true}]"
LONG,30,position_plus_topology_compact_matrix,exit,3,ETHUSDT,isotonic,127937,6025,6105,0.5882771918160113,0.39236593746867376,0.2385958069810747,0.5854710628909909,0.3864668117447457,0.21756696308847845,0.4250000000000001,759,0.12432432432432433,0.4176548089591568,0.15615763546798028,0.3325143325143325,1.2560505461554938,"[{""method"": ""raw"", ""brier"": 0.2503671005708253, ""selected"": false}, {""method"": ""platt"", ""brier"": 0.23404502582880035, ""selected"": false}, {""method"": ""isotonic"", ""brier"": 0.23308477335327846, ""selected"": true}]"
LONG,30,position_plus_topology_compact_matrix,exit,3,SOLUSDT,isotonic,127937,6025,6110,0.542691943294781,0.3756869896408671,0.2584125725690196,0.5427414562317956,0.3786147184903157,0.22924251758307782,0.4000000000000001,3000,0.4909983633387889,0.37866666666666665,0.5271461716937355,0.3527004909983633,1.0736210363495746,"[{""method"": ""raw"", ""brier"": 0.2503671005708253, ""selected"": false}, {""method"": ""platt"", ""brier"": 0.23404502582880035, ""selected"": false}, {""method"": ""isotonic"", ""brier"": 0.23308477335327846, ""selected"": true}]"
LONG,30,position_plus_topology_compact_matrix,hold,3,ALL,isotonic,127937,18075,18320,0.5840750816176695,0.41054922142098355,0.24148826234449552,0.5838513980884404,0.4034517913910729,0.22090272702701672,0.4250000000000001,2048,0.11179039301310044,0.48486328125,0.1593900481540931,0.3400655021834061,1.425793790128411,"[{""method"": ""raw"", ""brier"": 0.24867428255792046, ""selected"": false}, {""method"": ""platt"", ""brier"": 0.23038151415823924, ""selected"": false}, {""method"": ""isotonic"", ""brier"": 0.22922964565426127, ""selected"": true}]"
LONG,30,position_plus_topology_compact_matrix,hold,3,BTCUSDT,isotonic,127937,6025,6105,0.6048303674305466,0.38217922224024514,0.23089316213149538,0.6025917936243759,0.37380857176835564,0.2052055089168658,0.4500000000000001,106,0.017362817362817362,0.5,0.02904109589041096,0.2989352989352989,1.6726027397260275,"[{""method"": ""raw"", ""brier"": 0.24867428255792046, ""selected"": false}, {""method"": ""platt"", ""brier"": 0.23038151415823924, ""selected"": false}, {""method"": ""isotonic"", ""brier"": 0.22922964565426127, ""selected"": true}]"
LONG,30,position_plus_topology_compact_matrix,hold,3,ETHUSDT,isotonic,127937,6025,6105,0.579208797636805,0.4262569919423631,0.24118837968881746,0.5830007311865696,0.4205448356599326,0.2264380590780274,0.4000000000000001,1168,0.19131859131859133,0.4657534246575342,0.2501149425287356,0.35626535626535627,1.307321681624941,"[{""method"": ""raw"", ""brier"": 0.24867428255792046, ""selected"": false}, {""method"": ""platt"", ""brier"": 0.23038151415823924, ""selected"": false}, {""method"": ""isotonic"", ""brier"": 0.22922964565426127, ""selected"": true}]"
LONG,30,position_plus_topology_compact_matrix,hold,3,SOLUSDT,isotonic,127937,6025,6110,0.5535947251629606,0.42073909427464184,0.2523743295152453,0.5482940571402154,0.40737409341317066,0.23105629730378446,0.4000000000000001,1610,0.2635024549918167,0.4391304347826087,0.3170403587443946,0.3649754500818331,1.2031780074088516,"[{""method"": ""raw"", ""brier"": 0.24867428255792046, ""selected"": false}, {""method"": ""platt"", ""brier"": 0.23038151415823924, ""selected"": false}, {""method"": ""isotonic"", ""brier"": 0.22922964565426127, ""selected"": true}]"
LONG,60,position_plus_topology,exit,1,ALL,isotonic,91347,18085,18330,0.5354378405619075,0.4831084419593067,0.24889871173351022,0.5356772721750517,0.47864907464223866,0.24839874909929258,0.3,17707,0.966012002182215,0.4588580787259276,0.9724715739078397,0.455810147299509,1.0066868441707064,"[{""method"": ""raw"", ""brier"": 0.2471544117956036, ""selected"": false}, {""method"": ""platt"", ""brier"": 0.24522376208306973, ""selected"": false}, {""method"": ""isotonic"", ""brier"": 0.2440875418800446, ""selected"": true}]"
LONG,60,position_plus_topology,exit,1,BTCUSDT,isotonic,91347,6030,6110,0.5559529705658738,0.49527347727608373,0.2476426740117471,0.5570953622243945,0.4831215774609836,0.24607132374672097,0.3,5789,0.9474631751227496,0.44740024183796856,0.9592592592592593,0.44189852700491,1.0124501768999954,"[{""method"": ""raw"", ""brier"": 0.2471544117956036, ""selected"": false}, {""method"": ""platt"", ""brier"": 0.24522376208306973, ""selected"": false}, {""method"": ""isotonic"", ""brier"": 0.2440875418800446, ""selected"": true}]"
LONG,60,position_plus_topology,exit,1,ETHUSDT,isotonic,91347,6030,6110,0.5442154642510515,0.5007896997883264,0.24838046154557045,0.5422048959344333,0.4888661398370352,0.24850281934451818,0.3,5824,0.9531914893617022,0.46256868131868134,0.9587188612099644,0.45990180032733224,1.0057988052872395,"[{""method"": ""raw"", ""brier"": 0.2471544117956036, ""selected"": false}, {""method"": ""platt"", ""brier"": 0.24522376208306973, ""selected"": false}, {""method"": ""isotonic"", ""brier"": 0.2440875418800446, ""selected"": true}]"
LONG,60,position_plus_topology,exit,1,SOLUSDT,isotonic,91347,6025,6110,0.5023441356238747,0.46105354499350837,0.2506729996432131,0.5034983057781175,0.4651621700290905,0.25062210420663855,0.35000000000000003,6088,0.9963993453355156,0.46599868593955324,0.9971880492091388,0.4656301145662848,1.0007915539861758,"[{""method"": ""raw"", ""brier"": 0.2471544117956036, ""selected"": false}, {""method"": ""platt"", ""brier"": 0.24522376208306973, ""selected"": false}, {""method"": ""isotonic"", ""brier"": 0.2440875418800446, ""selected"": true}]"
LONG,60,position_plus_topology,hold,1,ALL,isotonic,91347,18085,18330,0.5236536097109104,0.46777003072239637,0.2552482421437553,0.5155540584435114,0.4608270876775426,0.24698578047665493,0.4500000000000001,3697,0.2016912165848336,0.48038950500405736,0.2157958687727825,0.44899072558647024,1.0699319109021108,"[{""method"": ""raw"", ""brier"": 0.2586295090699474, ""selected"": false}, {""method"": ""platt"", ""brier"": 0.2472621482429914, ""selected"": false}, {""method"": ""isotonic"", ""brier"": 0.2466403255233065, ""selected"": true}]"
LONG,60,position_plus_topology,hold,1,BTCUSDT,isotonic,91347,6030,6110,0.5393662340495147,0.4747603651339208,0.2502914563077983,0.5218814483585996,0.45035781621770093,0.24484524205434238,0.4500000000000001,609,0.09967266775777414,0.5057471264367817,0.11622641509433962,0.4337152209492635,1.1660811103882023,"[{""method"": ""raw"", ""brier"": 0.2586295090699474, ""selected"": false}, {""method"": ""platt"", ""brier"": 0.2472621482429914, ""selected"": false}, {""method"": ""isotonic"", ""brier"": 0.2466403255233065, ""selected"": true}]"
LONG,60,position_plus_topology,hold,1,ETHUSDT,isotonic,91347,6030,6110,0.5406675232318403,0.4812588109495427,0.2503530828655017,0.520550555907176,0.45807276215848497,0.2457143776525408,0.4500000000000001,756,0.1237315875613748,0.4933862433862434,0.13840445269016696,0.4410801963993453,1.1185862512393125,"[{""method"": ""raw"", ""brier"": 0.2586295090699474, ""selected"": false}, {""method"": ""platt"", ""brier"": 0.2472621482429914, ""selected"": false}, {""method"": ""isotonic"", ""brier"": 0.2466403255233065, ""selected"": true}]"
LONG,60,position_plus_topology,hold,1,SOLUSDT,isotonic,91347,6025,6110,0.47847562237179747,0.46151620405693144,0.265100187257966,0.49095266884312067,0.4715686689785431,0.25039772172308156,0.3,6110,1.0,0.47217675941080195,1.0,0.47217675941080195,1.0,"[{""method"": ""raw"", ""brier"": 0.2586295090699474, ""selected"": false}, {""method"": ""platt"", ""brier"": 0.2472621482429914, ""selected"": false}, {""method"": ""isotonic"", ""brier"": 0.2466403255233065, ""selected"": true}]"
LONG,60,position_plus_topology_compact_matrix,exit,1,ALL,isotonic,91347,18085,18330,0.5366946630490049,0.49005688117762747,0.24901693040495182,0.5364807110535165,0.4807157348933658,0.24688999402604975,0.3,18315,0.9991816693944353,0.4561834561834562,1.0,0.455810147299509,1.0008190008190008,"[{""method"": ""raw"", ""brier"": 0.2489742887700502, ""selected"": false}, {""method"": ""platt"", ""brier"": 0.247586234606149, ""selected"": false}, {""method"": ""isotonic"", ""brier"": 0.2460544951063126, ""selected"": true}]"
LONG,60,position_plus_topology_compact_matrix,exit,1,BTCUSDT,isotonic,91347,6030,6110,0.5677852177690886,0.5019550088968541,0.248097431761537,0.5633683067231454,0.4836308307670618,0.24355225899054417,0.3,6105,0.9991816693944353,0.44226044226044225,1.0,0.44189852700491,1.0008190008190008,"[{""method"": ""raw"", ""brier"": 0.2489742887700502, ""selected"": false}, {""method"": ""platt"", ""brier"": 0.247586234606149, ""selected"": false}, {""method"": ""isotonic"", ""brier"": 0.2460544951063126, ""selected"": true}]"
LONG,60,position_plus_topology_compact_matrix,exit,1,ETHUSDT,isotonic,91347,6030,6110,0.545996171681225,0.5039770700639756,0.2487823031613932,0.5459540601747008,0.4926628006672479,0.24691223546959082,0.3,6100,0.9983633387888707,0.460655737704918,1.0,0.45990180032733224,1.001639344262295,"[{""method"": ""raw"", ""brier"": 0.2489742887700502, ""selected"": false}, {""method"": ""platt"", ""brier"": 0.247586234606149, ""selected"": false}, {""method"": ""isotonic"", ""brier"": 0.2460544951063126, ""selected"": true}]"
LONG,60,position_plus_topology_compact_matrix,exit,1,SOLUSDT,isotonic,91347,6025,6110,0.4932061567942469,0.47284707018718686,0.2501710562919253,0.4964520114006734,0.4687359278105098,0.25020548761801437,0.3,6110,1.0,0.4656301145662848,1.0,0.4656301145662848,1.0,"[{""method"": ""raw"", ""brier"": 0.2489742887700502, ""selected"": false}, {""method"": ""platt"", ""brier"": 0.247586234606149, ""selected"": false}, {""method"": ""isotonic"", ""brier"": 0.2460544951063126, ""selected"": true}]"
LONG,60,position_plus_topology_compact_matrix,hold,1,ALL,isotonic,91347,18085,18330,0.5198507031748132,0.47677371546466296,0.25316468884580656,0.5160827328176316,0.4577444725786993,0.24741427415891373,0.4000000000000001,17426,0.9506819421713039,0.45036152875014346,0.953584447144593,0.44899072558647024,1.0030530767910244,"[{""method"": ""raw"", ""brier"": 0.2566069796914024, ""selected"": false}, {""method"": ""platt"", ""brier"": 0.24731009336612142, ""selected"": false}, {""method"": ""isotonic"", ""brier"": 0.24692455906893443, ""selected"": true}]"
LONG,60,position_plus_topology_compact_matrix,hold,1,BTCUSDT,isotonic,91347,6030,6110,0.5211607590795071,0.4600338454013747,0.25184328818794643,0.5136034463954631,0.44146064905785093,0.24589652663658856,0.4250000000000001,5606,0.9175122749590835,0.434356047092401,0.9188679245283019,0.4337152209492635,1.0014775274470076,"[{""method"": ""raw"", ""brier"": 0.2566069796914024, ""selected"": false}, {""method"": ""platt"", ""brier"": 0.24731009336612142, ""selected"": false}, {""method"": ""isotonic"", ""brier"": 0.24692455906893443, ""selected"": true}]"
LONG,60,position_plus_topology_compact_matrix,hold,1,ETHUSDT,isotonic,91347,6030,6110,0.5331522775488473,0.4820755710467547,0.2510144770642218,0.5248826931278302,0.45502356508480346,0.2462251254582476,0.4500000000000001,4613,0.7549918166939443,0.456752655538695,0.7818181818181819,0.4410801963993453,1.0355319945608261,"[{""method"": ""raw"", ""brier"": 0.2566069796914024, ""selected"": false}, {""method"": ""platt"", ""brier"": 0.24731009336612142, ""selected"": false}, {""method"": ""isotonic"", ""brier"": 0.24692455906893443, ""selected"": true}]"
LONG,60,position_plus_topology_compact_matrix,hold,1,SOLUSDT,isotonic,91347,6025,6110,0.4903910899735333,0.4860804513590722,0.25663630128525144,0.5005109024223127,0.47250661838022223,0.2501211703819052,0.3,6110,1.0,0.47217675941080195,1.0,0.47217675941080195,1.0,"[{""method"": ""raw"", ""brier"": 0.2566069796914024, ""selected"": false}, {""method"": ""platt"", ""brier"": 0.24731009336612142, ""selected"": false}, {""method"": ""isotonic"", ""brier"": 0.24692455906893443, ""selected"": true}]"
LONG,60,position_plus_topology,exit,2,ALL,isotonic,109677,18085,18330,0.5217862336366452,0.43940564745045374,0.25320637116708894,0.5200615238118982,0.4382433130792594,0.2454080310923695,0.3,18330,1.0,0.42744135297326785,1.0,0.42744135297326785,1.0,"[{""method"": ""raw"", ""brier"": 0.25070664687083277, ""selected"": false}, {""method"": ""platt"", ""brier"": 0.24625805504176618, ""selected"": false}, {""method"": ""isotonic"", ""brier"": 0.24521523308996224, ""selected"": true}]"
LONG,60,position_plus_topology,exit,2,BTCUSDT,isotonic,109677,6030,6110,0.513947841551693,0.4003473921678227,0.25150195107296164,0.50800978144582,0.40385427571135685,0.24383509200269118,0.37500000000000006,5097,0.8342062193126023,0.4114184814596822,0.8472727272727273,0.40507364975450083,1.0156634027146094,"[{""method"": ""raw"", ""brier"": 0.25070664687083277, ""selected"": false}, {""method"": ""platt"", ""brier"": 0.24625805504176618, ""selected"": false}, {""method"": ""isotonic"", ""brier"": 0.24521523308996224, ""selected"": true}]"
LONG,60,position_plus_topology,exit,2,ETHUSDT,isotonic,109677,6030,6110,0.5336659522476895,0.4665782091419715,0.25271033423091566,0.5313376926542257,0.45471074184858606,0.24502413173544083,0.35000000000000003,6110,1.0,0.43126022913256956,1.0,0.43126022913256956,1.0,"[{""method"": ""raw"", ""brier"": 0.25070664687083277, ""selected"": false}, {""method"": ""platt"", ""brier"": 0.24625805504176618, ""selected"": false}, {""method"": ""isotonic"", ""brier"": 0.24521523308996224, ""selected"": true}]"
LONG,60,position_plus_topology,exit,2,SOLUSDT,isotonic,109677,6025,6110,0.510327104196875,0.4487805159442735,0.25540682819738936,0.5128766143130107,0.4524940484668676,0.24736486953897657,0.3,6110,1.0,0.4459901800327332,1.0,0.4459901800327332,1.0,"[{""method"": ""raw"", ""brier"": 0.25070664687083277, ""selected"": false}, {""method"": ""platt"", ""brier"": 0.24625805504176618, ""selected"": false}, {""method"": ""isotonic"", ""brier"": 0.24521523308996224, ""selected"": true}]"
LONG,60,position_plus_topology,hold,2,ALL,isotonic,109677,18085,18330,0.5470393938859676,0.5224927079622121,0.24808308621093883,0.5401357863731323,0.5033252200400549,0.24769011258310183,0.3,18330,1.0,0.4683578832515003,1.0,0.4683578832515003,1.0,"[{""method"": ""raw"", ""brier"": 0.2503584609486567, ""selected"": false}, {""method"": ""platt"", ""brier"": 0.24700486609806305, ""selected"": false}, {""method"": ""isotonic"", ""brier"": 0.24634043249537832, ""selected"": true}]"
LONG,60,position_plus_topology,hold,2,BTCUSDT,isotonic,109677,6030,6110,0.5708361471861473,0.5136466833187567,0.245774573314044,0.5575569805194805,0.4912160703330467,0.24490770288656968,0.4250000000000001,3212,0.5256955810147299,0.48443337484433374,0.5658181818181818,0.4500818330605565,1.0763228801086833,"[{""method"": ""raw"", ""brier"": 0.2503584609486567, ""selected"": false}, {""method"": ""platt"", ""brier"": 0.24700486609806305, ""selected"": false}, {""method"": ""isotonic"", ""brier"": 0.24634043249537832, ""selected"": true}]"
LONG,60,position_plus_topology,hold,2,ETHUSDT,isotonic,109677,6030,6110,0.5455206876089157,0.5286264616250104,0.2479622087543888,0.5357794538976051,0.5075222770075292,0.2490653153915033,0.4250000000000001,3249,0.5317512274959083,0.4989227454601416,0.5580034423407917,0.47545008183306053,1.0493693544789897,"[{""method"": ""raw"", ""brier"": 0.2503584609486567, ""selected"": false}, {""method"": ""platt"", ""brier"": 0.24700486609806305, ""selected"": false}, {""method"": ""isotonic"", ""brier"": 0.24634043249537832, ""selected"": true}]"
LONG,60,position_plus_topology,hold,2,SOLUSDT,isotonic,109677,6025,6110,0.527452508210445,0.530789889857116,0.2505124765643838,0.5273367570352244,0.5109175727467362,0.24909731947123245,0.3,6110,1.0,0.4795417348608838,1.0,0.4795417348608838,1.0,"[{""method"": ""raw"", ""brier"": 0.2503584609486567, ""selected"": false}, {""method"": ""platt"", ""brier"": 0.24700486609806305, ""selected"": false}, {""method"": ""isotonic"", ""brier"": 0.24634043249537832, ""selected"": true}]"
LONG,60,position_plus_topology_compact_matrix,exit,2,ALL,isotonic,109677,18085,18330,0.5267627426437301,0.44333909652867015,0.25009791015810984,0.5249908106482771,0.4444044802844185,0.24734694692362774,0.3,18215,0.9937261320240044,0.42629700796047215,0.9910657306955967,0.42744135297326785,0.9973228022865929,"[{""method"": ""raw"", ""brier"": 0.24964801601949443, ""selected"": false}, {""method"": ""platt"", ""brier"": 0.24709988194081567, ""selected"": false}, {""method"": ""isotonic"", ""brier"": 0.24461038697240695, ""selected"": true}]"
LONG,60,position_plus_topology_compact_matrix,exit,2,BTCUSDT,isotonic,109677,6030,6110,0.5206298473038501,0.41247978064811797,0.2501929971049735,0.5160910341378016,0.4179030592289099,0.24670561264339455,0.35000000000000003,5794,0.9482815057283143,0.40869865377977216,0.9567676767676768,0.40507364975450083,1.0089489998361243,"[{""method"": ""raw"", ""brier"": 0.24964801601949443, ""selected"": false}, {""method"": ""platt"", ""brier"": 0.24709988194081567, ""selected"": false}, {""method"": ""isotonic"", ""brier"": 0.24461038697240695, ""selected"": true}]"
LONG,60,position_plus_topology_compact_matrix,exit,2,ETHUSDT,isotonic,109677,6030,6110,0.5439296138042128,0.46546828055973233,0.24977532949115464,0.5387756405880988,0.46069457519104984,0.24709724347738596,0.3,6066,0.9927986906710311,0.4291130893504781,0.9878557874762809,0.43126022913256956,0.995021243237731,"[{""method"": ""raw"", ""brier"": 0.24964801601949443, ""selected"": false}, {""method"": ""platt"", ""brier"": 0.24709988194081567, ""selected"": false}, {""method"": ""isotonic"", ""brier"": 0.24461038697240695, ""selected"": true}]"
LONG,60,position_plus_topology_compact_matrix,exit,2,SOLUSDT,isotonic,109677,6025,6110,0.5099295055086525,0.45472018068979037,0.25032540387820124,0.5106422018348623,0.4519480776968303,0.24823798465010272,0.3,6110,1.0,0.4459901800327332,1.0,0.4459901800327332,1.0,"[{""method"": ""raw"", ""brier"": 0.24964801601949443, ""selected"": false}, {""method"": ""platt"", ""brier"": 0.24709988194081567, ""selected"": false}, {""method"": ""isotonic"", ""brier"": 0.24461038697240695, ""selected"": true}]"
LONG,60,position_plus_topology_compact_matrix,hold,2,ALL,isotonic,109677,18085,18330,0.558558560712257,0.534846787150324,0.24952487824555683,0.556636753223507,0.5139504051710779,0.2483187513221225,0.3,17280,0.9427168576104746,0.47332175925925923,0.9527082119976703,0.4683578832515003,1.0105984679350286,"[{""method"": ""raw"", ""brier"": 0.24985142668857555, ""selected"": false}, {""method"": ""platt"", ""brier"": 0.24713273487304757, ""selected"": false}, {""method"": ""isotonic"", ""brier"": 0.24605933257695944, ""selected"": true}]"
LONG,60,position_plus_topology_compact_matrix,hold,2,BTCUSDT,isotonic,109677,6030,6110,0.5946651515151515,0.542597037840597,0.2493955421028568,0.5901352813852813,0.5212614607214969,0.2448414341041741,0.4500000000000001,3706,0.6065466448445171,0.5067458175930922,0.6829090909090909,0.4500818330605565,1.1258970710886522,"[{""method"": ""raw"", ""brier"": 0.24985142668857555, ""selected"": false}, {""method"": ""platt"", ""brier"": 0.24713273487304757, ""selected"": false}, {""method"": ""isotonic"", ""brier"": 0.24605933257695944, ""selected"": true}]"
LONG,60,position_plus_topology_compact_matrix,hold,2,ETHUSDT,isotonic,109677,6030,6110,0.5397285867338308,0.5216057184473093,0.2494096659327647,0.5412971878599757,0.5064746675729754,0.24922648513254514,0.37500000000000006,5437,0.8898527004909984,0.4866654405002759,0.9108433734939759,0.47545008183306053,1.0235889299334546,"[{""method"": ""raw"", ""brier"": 0.24985142668857555, ""selected"": false}, {""method"": ""platt"", ""brier"": 0.24713273487304757, ""selected"": false}, {""method"": ""isotonic"", ""brier"": 0.24605933257695944, ""selected"": true}]"
LONG,60,position_plus_topology_compact_matrix,hold,2,SOLUSDT,isotonic,109677,6025,6110,0.5406304870457423,0.5431894615020669,0.24976942670104885,0.5380590615407732,0.5167993131711083,0.25088833472964833,0.3,5939,0.972013093289689,0.47785822529045296,0.9686006825938567,0.4795417348608838,0.9964893366978388,"[{""method"": ""raw"", ""brier"": 0.24985142668857555, ""selected"": false}, {""method"": ""platt"", ""brier"": 0.24713273487304757, ""selected"": false}, {""method"": ""isotonic"", ""brier"": 0.24605933257695944, ""selected"": true}]"
LONG,60,position_plus_topology,exit,3,ALL,isotonic,128007,18085,18330,0.5885252263425524,0.4608163990807032,0.2424578342739411,0.5777407044524371,0.44826934311399336,0.23576224131279327,0.4500000000000001,765,0.041734860883797055,0.4928104575163399,0.05143246930422919,0.39989088925259136,1.2323623037209428,"[{""method"": ""raw"", ""brier"": 0.2516461165805825, ""selected"": false}, {""method"": ""platt"", ""brier"": 0.24369005220612236, ""selected"": false}, {""method"": ""isotonic"", ""brier"": 0.24253620746920082, ""selected"": true}]"
LONG,60,position_plus_topology,exit,3,BTCUSDT,isotonic,128007,6030,6110,0.6009097294185377,0.43571735929634187,0.23459635719732072,0.5906315486470927,0.4240429197907855,0.22661282557058193,0.4250000000000001,2843,0.4653027823240589,0.4340485402743581,0.5484444444444444,0.36824877250409166,1.1786829249228123,"[{""method"": ""raw"", ""brier"": 0.2516461165805825, ""selected"": false}, {""method"": ""platt"", ""brier"": 0.24369005220612236, ""selected"": false}, {""method"": ""isotonic"", ""brier"": 0.24253620746920082, ""selected"": true}]"
LONG,60,position_plus_topology,exit,3,ETHUSDT,isotonic,128007,6030,6110,0.5863325207756234,0.46824279416742104,0.24404032813289336,0.5830881440443212,0.46517699646437566,0.238208005286587,0.4250000000000001,3904,0.6389525368248773,0.4649077868852459,0.726,0.40916530278232405,1.136234631147541,"[{""method"": ""raw"", ""brier"": 0.2516461165805825, ""selected"": false}, {""method"": ""platt"", ""brier"": 0.24369005220612236, ""selected"": false}, {""method"": ""isotonic"", ""brier"": 0.24253620746920082, ""selected"": true}]"
LONG,60,position_plus_topology,exit,3,SOLUSDT,isotonic,128007,6025,6110,0.5695336759118959,0.4751466055964709,0.24873681749160909,0.5495960976788107,0.45105255742551165,0.2424658930812109,0.4250000000000001,4642,0.7597381342062193,0.44614390348987504,0.8027131782945737,0.42225859247135844,1.0565656009004405,"[{""method"": ""raw"", ""brier"": 0.2516461165805825, ""selected"": false}, {""method"": ""platt"", ""brier"": 0.24369005220612236, ""selected"": false}, {""method"": ""isotonic"", ""brier"": 0.24253620746920082, ""selected"": true}]"
LONG,60,position_plus_topology,hold,3,ALL,isotonic,128007,18085,18330,0.547367355110433,0.4880822469676773,0.24894877321096015,0.5449888883625174,0.4800162539910538,0.24650156704086243,0.3,18221,0.9940534642662302,0.4421820975797157,0.9953057442865967,0.44162575013638844,1.0012597712953908,"[{""method"": ""raw"", ""brier"": 0.2490435166439104, ""selected"": false}, {""method"": ""platt"", ""brier"": 0.24554382631516372, ""selected"": false}, {""method"": ""isotonic"", ""brier"": 0.24380912851197664, ""selected"": true}]"
LONG,60,position_plus_topology,hold,3,BTCUSDT,isotonic,128007,6030,6110,0.5631696952908588,0.4751955138765801,0.248006758693258,0.5607295844875346,0.4653778814966666,0.2416466616545969,0.3,6030,0.9869067103109657,0.4091210613598673,0.9868,0.40916530278232405,0.9998918739635158,"[{""method"": ""raw"", ""brier"": 0.2490435166439104, ""selected"": false}, {""method"": ""platt"", ""brier"": 0.24554382631516372, ""selected"": false}, {""method"": ""isotonic"", ""brier"": 0.24380912851197664, ""selected"": true}]"
LONG,60,position_plus_topology,hold,3,ETHUSDT,isotonic,128007,6030,6110,0.5448737800717866,0.5076620469236328,0.2488209474323943,0.5430958332996244,0.49964301432574004,0.2464980561722051,0.3,6081,0.995253682487725,0.4604505837855616,0.9982174688057041,0.4590834697217676,1.0029779204740752,"[{""method"": ""raw"", ""brier"": 0.2490435166439104, ""selected"": false}, {""method"": ""platt"", ""brier"": 0.24554382631516372, ""selected"": false}, {""method"": ""isotonic"", ""brier"": 0.24380912851197664, ""selected"": true}]"
LONG,60,position_plus_topology,hold,3,SOLUSDT,isotonic,128007,6025,6110,0.5253308934663384,0.47928110324107676,0.25001861350722815,0.5214283477998015,0.47228605526112155,0.25135998329578535,0.3,6110,1.0,0.45662847790507366,1.0,0.45662847790507366,1.0,"[{""method"": ""raw"", ""brier"": 0.2490435166439104, ""selected"": false}, {""method"": ""platt"", ""brier"": 0.24554382631516372, ""selected"": false}, {""method"": ""isotonic"", ""brier"": 0.24380912851197664, ""selected"": true}]"
LONG,60,position_plus_topology_compact_matrix,exit,3,ALL,isotonic,128007,18085,18330,0.5840859357559222,0.45849778091346155,0.2424468485723605,0.5817222435817934,0.44998378901896696,0.23503435438901926,0.4500000000000001,4282,0.23360611020185487,0.48155067725361983,0.28130968622100955,0.39989088925259136,1.204205172450048,"[{""method"": ""raw"", ""brier"": 0.24924835162077846, ""selected"": false}, {""method"": ""platt"", ""brier"": 0.24258053424304998, ""selected"": false}, {""method"": ""isotonic"", ""brier"": 0.24164974211848558, ""selected"": true}]"
LONG,60,position_plus_topology_compact_matrix,exit,3,BTCUSDT,isotonic,128007,6030,6110,0.6056999424294761,0.43692748702250567,0.23429207771093147,0.6069310305123776,0.4337313003409266,0.22524787455109496,0.4500000000000001,941,0.1540098199672668,0.49309245483528164,0.20622222222222222,0.36824877250409166,1.3390199551304758,"[{""method"": ""raw"", ""brier"": 0.24924835162077846, ""selected"": false}, {""method"": ""platt"", ""brier"": 0.24258053424304998, ""selected"": false}, {""method"": ""isotonic"", ""brier"": 0.24164974211848558, ""selected"": true}]"
LONG,60,position_plus_topology_compact_matrix,exit,3,ETHUSDT,isotonic,128007,6030,6110,0.597093296398892,0.4944884942432292,0.241163316379132,0.5933922991689752,0.47619509056116627,0.23558226984007694,0.37500000000000006,4568,0.7476268412438625,0.4433012259194396,0.81,0.40916530278232405,1.0834281961471104,"[{""method"": ""raw"", ""brier"": 0.24924835162077846, ""selected"": false}, {""method"": ""platt"", ""brier"": 0.24258053424304998, ""selected"": false}, {""method"": ""isotonic"", ""brier"": 0.24164974211848558, ""selected"": true}]"
LONG,60,position_plus_topology_compact_matrix,exit,3,SOLUSDT,isotonic,128007,6025,6110,0.5384308364626568,0.44796078488940494,0.2518851516270181,0.5334510947141886,0.4414104511863361,0.24427291877588586,0.4000000000000001,5246,0.8585924713584288,0.43252001524971406,0.8794573643410852,0.42225859247135844,1.0243012764247104,"[{""method"": ""raw"", ""brier"": 0.24924835162077846, ""selected"": false}, {""method"": ""platt"", ""brier"": 0.24258053424304998, ""selected"": false}, {""method"": ""isotonic"", ""brier"": 0.24164974211848558, ""selected"": true}]"
LONG,60,position_plus_topology_compact_matrix,hold,3,ALL,isotonic,128007,18085,18330,0.5605102150120711,0.49384143209015413,0.24741987401531693,0.5564411318571929,0.48288290631590197,0.24498055253272077,0.3,16591,0.9051282051282051,0.4577783135434874,0.9382334774552192,0.44162575013638844,1.0365752300496756,"[{""method"": ""raw"", ""brier"": 0.24780985035566053, ""selected"": false}, {""method"": ""platt"", ""brier"": 0.2449901994119047, ""selected"": false}, {""method"": ""isotonic"", ""brier"": 0.24270953607303103, ""selected"": true}]"
LONG,60,position_plus_topology_compact_matrix,hold,3,BTCUSDT,isotonic,128007,6030,6110,0.5786249307479224,0.4715982952080719,0.24523381518200862,0.5759961772853186,0.4626222744882798,0.2386027736783834,0.3,5171,0.8463175122749591,0.4366660220460259,0.9032,0.40916530278232405,1.0672117578804874,"[{""method"": ""raw"", ""brier"": 0.24780985035566053, ""selected"": false}, {""method"": ""platt"", ""brier"": 0.2449901994119047, ""selected"": false}, {""method"": ""isotonic"", ""brier"": 0.24270953607303103, ""selected"": true}]"
LONG,60,position_plus_topology_compact_matrix,hold,3,ETHUSDT,isotonic,128007,6030,6110,0.5574276537736536,0.5118292188922536,0.24724128765913939,0.5554335380142981,0.5019643131048939,0.24736060888103395,0.3,5310,0.8690671031096563,0.47966101694915253,0.9080213903743316,0.4590834697217676,1.044823106438261,"[{""method"": ""raw"", ""brier"": 0.24780985035566053, ""selected"": false}, {""method"": ""platt"", ""brier"": 0.2449901994119047, ""selected"": false}, {""method"": ""isotonic"", ""brier"": 0.24270953607303103, ""selected"": true}]"
LONG,60,position_plus_topology_compact_matrix,hold,3,SOLUSDT,isotonic,128007,6025,6110,0.5472711815001944,0.4979924430863201,0.24978451920480269,0.5340611910005615,0.4825755616402523,0.24897827503874506,0.325,6109,0.999836333878887,0.4565395318382714,0.9996415770609319,0.45662847790507366,0.999805211301734,"[{""method"": ""raw"", ""brier"": 0.24780985035566053, ""selected"": false}, {""method"": ""platt"", ""brier"": 0.2449901994119047, ""selected"": false}, {""method"": ""isotonic"", ""brier"": 0.24270953607303103, ""selected"": true}]"
SHORT,15,position_plus_topology,exit,1,ALL,isotonic,45862,9085,9205,0.5617206484531421,0.40260600534106794,0.2480252875914245,0.5595976490344248,0.394316359534878,0.22625621977494512,0.4500000000000001,70,0.0076045627376425855,0.2857142857142857,0.006153846153846154,0.35306898424769145,0.8092307692307692,"[{""method"": ""raw"", ""brier"": 0.24903646931542744, ""selected"": false}, {""method"": ""platt"", ""brier"": 0.22664348079362676, ""selected"": false}, {""method"": ""isotonic"", ""brier"": 0.2250297474765534, ""selected"": true}]"
SHORT,15,position_plus_topology,exit,1,BTCUSDT,isotonic,45862,3085,3065,0.5782764713201443,0.3851962372106469,0.23823969794977617,0.5788346397909669,0.37269947423214245,0.21035236801532922,0.35000000000000003,832,0.2714518760195759,0.4050480769230769,0.3547368421052632,0.3099510603588907,1.3068130060728744,"[{""method"": ""raw"", ""brier"": 0.24903646931542744, ""selected"": false}, {""method"": ""platt"", ""brier"": 0.22664348079362676, ""selected"": false}, {""method"": ""isotonic"", ""brier"": 0.2250297474765534, ""selected"": true}]"
SHORT,15,position_plus_topology,exit,1,ETHUSDT,isotonic,45862,3010,3095,0.5519164619164618,0.3951080218422277,0.24835968141258338,0.549634926521719,0.38191394014044616,0.22333470458401222,0.4000000000000001,1024,0.3308562197092084,0.41015625,0.39622641509433965,0.34248788368336025,1.1975788620283019,"[{""method"": ""raw"", ""brier"": 0.24903646931542744, ""selected"": false}, {""method"": ""platt"", ""brier"": 0.22664348079362676, ""selected"": false}, {""method"": ""isotonic"", ""brier"": 0.2250297474765534, ""selected"": true}]"
SHORT,15,position_plus_topology,exit,1,SOLUSDT,isotonic,45862,2990,3045,0.5215579483513537,0.4252826977432964,0.2575352657113474,0.5184308819587169,0.42108165871401676,0.24523401785677107,0.35000000000000003,1443,0.47389162561576353,0.4164934164934165,0.4846774193548387,0.4072249589490969,1.0227600429213333,"[{""method"": ""raw"", ""brier"": 0.24903646931542744, ""selected"": false}, {""method"": ""platt"", ""brier"": 0.22664348079362676, ""selected"": false}, {""method"": ""isotonic"", ""brier"": 0.2250297474765534, ""selected"": true}]"
SHORT,15,position_plus_topology,hold,1,ALL,isotonic,45862,9085,9205,0.5428625146268029,0.3787168925332118,0.24931165220097914,0.5461722084171499,0.37591536850879725,0.2283802003057775,0.37500000000000006,4798,0.5212384573601304,0.36160900375156313,0.5543130990415336,0.3400325909831613,1.0634539551224085,"[{""method"": ""raw"", ""brier"": 0.24489105384993906, ""selected"": false}, {""method"": ""platt"", ""brier"": 0.2318403745928849, ""selected"": false}, {""method"": ""isotonic"", ""brier"": 0.22970944041512242, ""selected"": true}]"
SHORT,15,position_plus_topology,hold,1,BTCUSDT,isotonic,45862,3085,3065,0.528493461633358,0.36430789341022896,0.23906700081318408,0.5340717986676535,0.3591103336440202,0.21781200959063968,0.4000000000000001,460,0.1500815660685155,0.36086956521739133,0.17202072538860103,0.31484502446982054,1.1461815724262223,"[{""method"": ""raw"", ""brier"": 0.24489105384993906, ""selected"": false}, {""method"": ""platt"", ""brier"": 0.2318403745928849, ""selected"": false}, {""method"": ""isotonic"", ""brier"": 0.22970944041512242, ""selected"": true}]"
SHORT,15,position_plus_topology,hold,1,ETHUSDT,isotonic,45862,3010,3095,0.5504000561482313,0.383484835764672,0.24745391432201677,0.5558366086468277,0.38355808222088983,0.22585895650200002,0.35000000000000003,2094,0.6765751211631664,0.3667621776504298,0.7384615384615385,0.3360258481421648,1.091470134450077,"[{""method"": ""raw"", ""brier"": 0.24489105384993906, ""selected"": false}, {""method"": ""platt"", ""brier"": 0.2318403745928849, ""selected"": false}, {""method"": ""isotonic"", ""brier"": 0.22970944041512242, ""selected"": true}]"
SHORT,15,position_plus_topology,hold,1,SOLUSDT,isotonic,45862,2990,3045,0.5108078703703705,0.3797205825154304,0.2615118345454719,0.5129761574074074,0.3781315411718163,0.24158044796245698,0.37500000000000006,2558,0.8400656814449918,0.364347146207975,0.8284444444444444,0.3694581280788177,0.9861662757362523,"[{""method"": ""raw"", ""brier"": 0.24489105384993906, ""selected"": false}, {""method"": ""platt"", ""brier"": 0.2318403745928849, ""selected"": false}, {""method"": ""isotonic"", ""brier"": 0.22970944041512242, ""selected"": true}]"
SHORT,15,position_plus_topology_compact_matrix,exit,1,ALL,isotonic,45862,9085,9205,0.5691014402893496,0.4183776033597225,0.24725044050629208,0.5632449525285798,0.4011698425562264,0.2263143581564781,0.4500000000000001,328,0.0356328082563824,0.4725609756097561,0.047692307692307694,0.35306898424769145,1.33843808630394,"[{""method"": ""raw"", ""brier"": 0.2477801752473621, ""selected"": false}, {""method"": ""platt"", ""brier"": 0.22611378254503037, ""selected"": false}, {""method"": ""isotonic"", ""brier"": 0.224425477003483, ""selected"": true}]"
SHORT,15,position_plus_topology_compact_matrix,exit,1,BTCUSDT,isotonic,45862,3085,3065,0.5736672887893493,0.3998719512996944,0.23916027310548518,0.5648015428642528,0.37257693804716513,0.21270453618995375,0.37500000000000006,836,0.27275693311582383,0.4043062200956938,0.35578947368421054,0.3099510603588907,1.3044195416771593,"[{""method"": ""raw"", ""brier"": 0.2477801752473621, ""selected"": false}, {""method"": ""platt"", ""brier"": 0.22611378254503037, ""selected"": false}, {""method"": ""isotonic"", ""brier"": 0.224425477003483, ""selected"": true}]"
SHORT,15,position_plus_topology_compact_matrix,exit,1,ETHUSDT,isotonic,45862,3010,3095,0.5680469148393676,0.4160640739731473,0.24663748449774048,0.5636173566362246,0.393233576943264,0.22316047767038386,0.5000000000000002,49,0.015831987075928918,0.5918367346938775,0.027358490566037737,0.34248788368336025,1.7280515979976896,"[{""method"": ""raw"", ""brier"": 0.2477801752473621, ""selected"": false}, {""method"": ""platt"", ""brier"": 0.22611378254503037, ""selected"": false}, {""method"": ""isotonic"", ""brier"": 0.224425477003483, ""selected"": true}]"
SHORT,15,position_plus_topology_compact_matrix,exit,1,SOLUSDT,isotonic,45862,2990,3045,0.5318394245375748,0.44274448485534856,0.2560167662632512,0.5280671968546152,0.4284816512032447,0.2432192397432953,0.4500000000000001,174,0.05714285714285714,0.4885057471264368,0.06854838709677419,0.4072249589490969,1.1995967741935485,"[{""method"": ""raw"", ""brier"": 0.2477801752473621, ""selected"": false}, {""method"": ""platt"", ""brier"": 0.22611378254503037, ""selected"": false}, {""method"": ""isotonic"", ""brier"": 0.224425477003483, ""selected"": true}]"
SHORT,15,position_plus_topology_compact_matrix,hold,1,ALL,isotonic,45862,9085,9205,0.5540487779224024,0.3825677036236391,0.2483918786580221,0.5534919733364888,0.37501448481699357,0.22846213492595294,0.4000000000000001,5398,0.5864204236827811,0.37273064097814007,0.642811501597444,0.3400325909831613,1.0961615176369903,"[{""method"": ""raw"", ""brier"": 0.24316728398238333, ""selected"": false}, {""method"": ""platt"", ""brier"": 0.23138508739168892, ""selected"": false}, {""method"": ""isotonic"", ""brier"": 0.22923572215122762, ""selected"": true}]"
SHORT,15,position_plus_topology_compact_matrix,hold,1,BTCUSDT,isotonic,45862,3085,3065,0.5409597828768813,0.35960177374016,0.23600480900463502,0.5375025906735751,0.3434240975542806,0.2195711688258573,0.35000000000000003,1322,0.43132137030995105,0.3237518910741301,0.44352331606217615,0.31484502446982054,1.0282896851214598,"[{""method"": ""raw"", ""brier"": 0.24316728398238333, ""selected"": false}, {""method"": ""platt"", ""brier"": 0.23138508739168892, ""selected"": false}, {""method"": ""isotonic"", ""brier"": 0.22923572215122762, ""selected"": true}]"
SHORT,15,position_plus_topology_compact_matrix,hold,1,ETHUSDT,isotonic,45862,3010,3095,0.5853434400149728,0.40691303232967724,0.24697526106877357,0.5811592270260154,0.3908676828199221,0.22686681777812306,0.4000000000000001,1830,0.5912762520193862,0.3912568306010929,0.6884615384615385,0.3360258481421648,1.1643652795292139,"[{""method"": ""raw"", ""brier"": 0.24316728398238333, ""selected"": false}, {""method"": ""platt"", ""brier"": 0.23138508739168892, ""selected"": false}, {""method"": ""isotonic"", ""brier"": 0.22923572215122762, ""selected"": true}]"
SHORT,15,position_plus_topology_compact_matrix,hold,1,SOLUSDT,isotonic,45862,2990,3045,0.4992467592592593,0.37152986976048236,0.26230018733662797,0.508932175925926,0.37618975664869764,0.2390330110078336,0.4250000000000001,1164,0.38226600985221676,0.3788659793814433,0.392,0.3694581280788177,1.0254639175257731,"[{""method"": ""raw"", ""brier"": 0.24316728398238333, ""selected"": false}, {""method"": ""platt"", ""brier"": 0.23138508739168892, ""selected"": false}, {""method"": ""isotonic"", ""brier"": 0.22923572215122762, ""selected"": true}]"
SHORT,15,position_plus_topology,exit,2,ALL,isotonic,55072,9100,9205,0.5669142106114105,0.40090109414081154,0.24814397999171675,0.5670753167098682,0.3961493733820728,0.22380444956842221,0.4000000000000001,1500,0.16295491580662683,0.454,0.21381475667189953,0.34600760456273766,1.31210989010989,"[{""method"": ""raw"", ""brier"": 0.24745426439317, ""selected"": false}, {""method"": ""platt"", ""brier"": 0.22477237011331533, ""selected"": false}, {""method"": ""isotonic"", ""brier"": 0.22267344621298868, ""selected"": true}]"
SHORT,15,position_plus_topology,exit,2,BTCUSDT,isotonic,55072,3030,3100,0.5713207828518173,0.3377038734192084,0.2455871249533362,0.5685805529667599,0.3340765687007814,0.21108158730732934,0.37500000000000006,705,0.22741935483870968,0.35319148936170214,0.2691891891891892,0.29838709677419356,1.183668775158137,"[{""method"": ""raw"", ""brier"": 0.24745426439317, ""selected"": false}, {""method"": ""platt"", ""brier"": 0.22477237011331533, ""selected"": false}, {""method"": ""isotonic"", ""brier"": 0.22267344621298868, ""selected"": true}]"
SHORT,15,position_plus_topology,exit,2,ETHUSDT,isotonic,55072,3055,3050,0.5583963376893342,0.4290249429709676,0.2468760060064525,0.5598140816779361,0.4203387114448324,0.22691394534637163,0.5000000000000002,125,0.040983606557377046,0.472,0.053881278538812784,0.3590163934426229,1.314703196347032,"[{""method"": ""raw"", ""brier"": 0.24745426439317, ""selected"": false}, {""method"": ""platt"", ""brier"": 0.22477237011331533, ""selected"": false}, {""method"": ""isotonic"", ""brier"": 0.22267344621298868, ""selected"": true}]"
SHORT,15,position_plus_topology,exit,2,SOLUSDT,isotonic,55072,3015,3055,0.5582805368213093,0.436454244175418,0.2520043961206973,0.5588482412516748,0.4274813724983806,0.23361031237910707,0.37500000000000006,1268,0.41505728314238954,0.44242902208201895,0.4815450643776824,0.381342062193126,1.1601894098373975,"[{""method"": ""raw"", ""brier"": 0.24745426439317, ""selected"": false}, {""method"": ""platt"", ""brier"": 0.22477237011331533, ""selected"": false}, {""method"": ""isotonic"", ""brier"": 0.22267344621298868, ""selected"": true}]"
SHORT,15,position_plus_topology,hold,2,ALL,isotonic,55072,9100,9205,0.5706242883589592,0.38882505234629494,0.2495461942734417,0.5656729009770748,0.3700662703298478,0.21759408561977087,0.4250000000000001,302,0.03280825638240087,0.39072847682119205,0.03913764510779436,0.32753938077131994,1.192920606679626,"[{""method"": ""raw"", ""brier"": 0.24896627722128858, ""selected"": false}, {""method"": ""platt"", ""brier"": 0.2219080419830453, ""selected"": false}, {""method"": ""isotonic"", ""brier"": 0.21946037114500408, ""selected"": true}]"
SHORT,15,position_plus_topology,hold,2,BTCUSDT,isotonic,55072,3030,3100,0.5391738329238329,0.30311460588409767,0.2453791606318607,0.5211724508599509,0.2967245190922766,0.2059894995150817,0.37500000000000006,412,0.1329032258064516,0.32038834951456313,0.15,0.2838709677419355,1.1286407766990292,"[{""method"": ""raw"", ""brier"": 0.24896627722128858, ""selected"": false}, {""method"": ""platt"", ""brier"": 0.2219080419830453, ""selected"": false}, {""method"": ""isotonic"", ""brier"": 0.21946037114500408, ""selected"": true}]"
SHORT,15,position_plus_topology,hold,2,ETHUSDT,isotonic,55072,3055,3050,0.5956147096519767,0.41562156692669405,0.2483562509877246,0.5900707384403037,0.3919925639330548,0.21294052115859433,0.4250000000000001,145,0.047540983606557376,0.4413793103448276,0.0653061224489796,0.32131147540983607,1.3736805066854327,"[{""method"": ""raw"", ""brier"": 0.24896627722128858, ""selected"": false}, {""method"": ""platt"", ""brier"": 0.2219080419830453, ""selected"": false}, {""method"": ""isotonic"", ""brier"": 0.21946037114500408, ""selected"": true}]"
SHORT,15,position_plus_topology,hold,2,SOLUSDT,isotonic,55072,3015,3055,0.536436318067897,0.4310931317376492,0.25496260386766056,0.5374344953292322,0.40067256547367797,0.23401555486072825,0.4250000000000001,54,0.0176759410801964,0.4074074074074074,0.01904761904761905,0.3780687397708674,1.0776014109347443,"[{""method"": ""raw"", ""brier"": 0.24896627722128858, ""selected"": false}, {""method"": ""platt"", ""brier"": 0.2219080419830453, ""selected"": false}, {""method"": ""isotonic"", ""brier"": 0.21946037114500408, ""selected"": true}]"
SHORT,15,position_plus_topology_compact_matrix,exit,2,ALL,isotonic,55072,9100,9205,0.5659939135378148,0.4022683894804408,0.24832288099751781,0.5662152323234431,0.39225366853094634,0.22360590806547653,0.37500000000000006,2363,0.25670831070070615,0.4240372407955988,0.31459968602825744,0.34600760456273766,1.225514223398269,"[{""method"": ""raw"", ""brier"": 0.247368011190365, ""selected"": false}, {""method"": ""platt"", ""brier"": 0.2244047127874918, ""selected"": false}, {""method"": ""isotonic"", ""brier"": 0.2216195365481788, ""selected"": true}]"
SHORT,15,position_plus_topology_compact_matrix,exit,2,BTCUSDT,isotonic,55072,3030,3100,0.5671763901832867,0.3407522837763528,0.24605831694285135,0.5604781609195403,0.3277631410081387,0.2107077339888959,0.37500000000000006,601,0.1938709677419355,0.33277870216306155,0.21621621621621623,0.29838709677419356,1.1152583531951252,"[{""method"": ""raw"", ""brier"": 0.247368011190365, ""selected"": false}, {""method"": ""platt"", ""brier"": 0.2244047127874918, ""selected"": false}, {""method"": ""isotonic"", ""brier"": 0.2216195365481788, ""selected"": true}]"
SHORT,15,position_plus_topology_compact_matrix,exit,2,ETHUSDT,isotonic,55072,3055,3050,0.5612332270609256,0.4312793427464166,0.24687489815079983,0.5696189375094888,0.41787690590946736,0.2260525827840749,0.4500000000000001,429,0.14065573770491804,0.48951048951048953,0.1917808219178082,0.3590163934426229,1.3634767059424595,"[{""method"": ""raw"", ""brier"": 0.247368011190365, ""selected"": false}, {""method"": ""platt"", ""brier"": 0.2244047127874918, ""selected"": false}, {""method"": ""isotonic"", ""brier"": 0.2216195365481788, ""selected"": true}]"
SHORT,15,position_plus_topology_compact_matrix,exit,2,SOLUSDT,isotonic,55072,3015,3055,0.5546470013851988,0.4321933387078868,0.2520664149588782,0.5517008424733747,0.42357766236823,0.23425140127191665,0.35000000000000003,1755,0.574468085106383,0.40854700854700854,0.615450643776824,0.381342062193126,1.0713400095374346,"[{""method"": ""raw"", ""brier"": 0.247368011190365, ""selected"": false}, {""method"": ""platt"", ""brier"": 0.2244047127874918, ""selected"": false}, {""method"": ""isotonic"", ""brier"": 0.2216195365481788, ""selected"": true}]"
SHORT,15,position_plus_topology_compact_matrix,hold,2,ALL,isotonic,55072,9100,9205,0.5734479460532556,0.38536395733676576,0.24846149434660408,0.5671349499138664,0.3673483144191238,0.21768817906664695,0.4000000000000001,118,0.012819120043454644,0.4491525423728814,0.017578772802653398,0.32753938077131994,1.371293251257835,"[{""method"": ""raw"", ""brier"": 0.24910366798110117, ""selected"": false}, {""method"": ""platt"", ""brier"": 0.2219618903230443, ""selected"": false}, {""method"": ""isotonic"", ""brier"": 0.2190809651057719, ""selected"": true}]"
SHORT,15,position_plus_topology_compact_matrix,hold,2,BTCUSDT,isotonic,55072,3030,3100,0.5544441031941032,0.31552579449279816,0.24138902635819293,0.5456846334971336,0.31154194288675996,0.2036593027514248,0.4000000000000001,46,0.014838709677419355,0.30434782608695654,0.015909090909090907,0.2838709677419355,1.0721343873517788,"[{""method"": ""raw"", ""brier"": 0.24910366798110117, ""selected"": false}, {""method"": ""platt"", ""brier"": 0.2219618903230443, ""selected"": false}, {""method"": ""isotonic"", ""brier"": 0.2190809651057719, ""selected"": true}]"
SHORT,15,position_plus_topology_compact_matrix,hold,2,ETHUSDT,isotonic,55072,3055,3050,0.5998397909888593,0.4075649379047545,0.24732971738264256,0.5999070787735384,0.3849198092047069,0.2134360983596566,0.4000000000000001,67,0.021967213114754098,0.5074626865671642,0.03469387755102041,0.32131147540983607,1.5793481571733172,"[{""method"": ""raw"", ""brier"": 0.24910366798110117, ""selected"": false}, {""method"": ""platt"", ""brier"": 0.2219618903230443, ""selected"": false}, {""method"": ""isotonic"", ""brier"": 0.2190809651057719, ""selected"": true}]"
SHORT,15,position_plus_topology_compact_matrix,hold,2,SOLUSDT,isotonic,55072,3015,3055,0.5231428571428571,0.42880716837393823,0.2567680640697324,0.5095880610617451,0.38751927469231084,0.23616882153260743,0.37500000000000006,1875,0.613747954173486,0.3834666666666667,0.6225108225108225,0.3780687397708674,1.0142776334776336,"[{""method"": ""raw"", ""brier"": 0.24910366798110117, ""selected"": false}, {""method"": ""platt"", ""brier"": 0.2219618903230443, ""selected"": false}, {""method"": ""isotonic"", ""brier"": 0.2190809651057719, ""selected"": true}]"
SHORT,15,position_plus_topology,exit,3,ALL,isotonic,64292,9070,9205,0.5862867082662944,0.36952850632819123,0.23924471507074385,0.585004213877704,0.34730115323289107,0.20491604526308885,0.37500000000000006,1273,0.1382944052145573,0.38884524744697563,0.18232044198895028,0.2949483976099946,1.3183500930937055,"[{""method"": ""raw"", ""brier"": 0.24764497006176894, ""selected"": false}, {""method"": ""platt"", ""brier"": 0.22172101356231916, ""selected"": false}, {""method"": ""isotonic"", ""brier"": 0.21990779181794648, ""selected"": true}]"
SHORT,15,position_plus_topology,exit,3,BTCUSDT,isotonic,64292,3055,3035,0.5935558746812813,0.2929892013213137,0.22861640992659804,0.5959837050496761,0.2961470694452668,0.1849072960736633,0.4500000000000001,90,0.029654036243822075,0.25555555555555554,0.03087248322147651,0.24546952224052718,1.0410887397464579,"[{""method"": ""raw"", ""brier"": 0.24764497006176894, ""selected"": false}, {""method"": ""platt"", ""brier"": 0.22172101356231916, ""selected"": false}, {""method"": ""isotonic"", ""brier"": 0.21990779181794648, ""selected"": true}]"
SHORT,15,position_plus_topology,exit,3,ETHUSDT,isotonic,64292,3005,3070,0.5897899154492757,0.41051537223227064,0.23576084129152794,0.586061314659151,0.3691626497025972,0.21081597282648032,0.37500000000000006,390,0.1270358306188925,0.4358974358974359,0.17616580310880828,0.31433224755700323,1.3867410654975423,"[{""method"": ""raw"", ""brier"": 0.24764497006176894, ""selected"": false}, {""method"": ""platt"", ""brier"": 0.22172101356231916, ""selected"": false}, {""method"": ""isotonic"", ""brier"": 0.21990779181794648, ""selected"": true}]"
SHORT,15,position_plus_topology,exit,3,SOLUSDT,isotonic,64292,3010,3100,0.5609123831914413,0.3843501167835315,0.2531003275270907,0.5591951934836558,0.3629385429996609,0.21866242467286126,0.37500000000000006,675,0.21774193548387097,0.39555555555555555,0.2656716417910448,0.3241935483870968,1.2201216141514648,"[{""method"": ""raw"", ""brier"": 0.24764497006176894, ""selected"": false}, {""method"": ""platt"", ""brier"": 0.22172101356231916, ""selected"": false}, {""method"": ""isotonic"", ""brier"": 0.21990779181794648, ""selected"": true}]"
SHORT,15,position_plus_topology,hold,3,ALL,isotonic,64292,9070,9205,0.5891584669432838,0.34936794563188234,0.2401323107747555,0.5862351053217482,0.3439495771887353,0.2009920434598792,0.4000000000000001,868,0.09429657794676806,0.39285714285714285,0.12965779467680608,0.2857142857142857,1.375,"[{""method"": ""raw"", ""brier"": 0.2482517567971486, ""selected"": false}, {""method"": ""platt"", ""brier"": 0.21680904903187434, ""selected"": false}, {""method"": ""isotonic"", ""brier"": 0.21458448816305958, ""selected"": true}]"
SHORT,15,position_plus_topology,hold,3,BTCUSDT,isotonic,64292,3055,3035,0.6175393081761006,0.34206603360858245,0.22446882662921178,0.6066326931716083,0.32707013259247575,0.1889010204974625,0.4250000000000001,140,0.04612850082372323,0.39285714285714285,0.06918238993710692,0.26194398682042835,1.4997753818508535,"[{""method"": ""raw"", ""brier"": 0.2482517567971486, ""selected"": false}, {""method"": ""platt"", ""brier"": 0.21680904903187434, ""selected"": false}, {""method"": ""isotonic"", ""brier"": 0.21458448816305958, ""selected"": true}]"
SHORT,15,position_plus_topology,hold,3,ETHUSDT,isotonic,64292,3005,3070,0.595146290491118,0.3513197877607357,0.23988789655139336,0.594244514106583,0.3460049090035513,0.20140980818538642,0.4000000000000001,331,0.10781758957654723,0.35347432024169184,0.13448275862068965,0.28338762214983715,1.2473174288988436,"[{""method"": ""raw"", ""brier"": 0.2482517567971486, ""selected"": false}, {""method"": ""platt"", ""brier"": 0.21680904903187434, ""selected"": false}, {""method"": ""isotonic"", ""brier"": 0.21458448816305958, ""selected"": true}]"
SHORT,15,position_plus_topology,hold,3,SOLUSDT,isotonic,64292,3010,3100,0.568917498877577,0.3765513897372288,0.25570941595135127,0.5648228998556017,0.3642316634649934,0.21241582313201704,0.4000000000000001,361,0.11645161290322581,0.42382271468144045,0.15854922279792746,0.31129032258064515,1.361503021256441,"[{""method"": ""raw"", ""brier"": 0.2482517567971486, ""selected"": false}, {""method"": ""platt"", ""brier"": 0.21680904903187434, ""selected"": false}, {""method"": ""isotonic"", ""brier"": 0.21458448816305958, ""selected"": true}]"
SHORT,15,position_plus_topology_compact_matrix,exit,3,ALL,isotonic,64292,9070,9205,0.6019991657373435,0.3867913768092768,0.23273589809076178,0.5965176344397245,0.3629258701824994,0.2038993895113874,0.35000000000000003,1549,0.16827810972297663,0.3976759199483538,0.22688766114180478,0.2949483976099946,1.3482898133055603,"[{""method"": ""raw"", ""brier"": 0.2448467903657201, ""selected"": false}, {""method"": ""platt"", ""brier"": 0.2208677365667629, ""selected"": false}, {""method"": ""isotonic"", ""brier"": 0.21862162661905082, ""selected"": true}]"
SHORT,15,position_plus_topology_compact_matrix,exit,3,BTCUSDT,isotonic,64292,3055,3035,0.6001992907593564,0.3024300916662285,0.21809777522300144,0.5956548752967381,0.29252981210239615,0.18560198483070395,0.37500000000000006,212,0.06985172981878089,0.28773584905660377,0.08187919463087248,0.24546952224052718,1.1721856401164998,"[{""method"": ""raw"", ""brier"": 0.2448467903657201, ""selected"": false}, {""method"": ""platt"", ""brier"": 0.2208677365667629, ""selected"": false}, {""method"": ""isotonic"", ""brier"": 0.21862162661905082, ""selected"": true}]"
SHORT,15,position_plus_topology_compact_matrix,exit,3,ETHUSDT,isotonic,64292,3005,3070,0.5963870872460094,0.4038087786607867,0.23161434170096334,0.5908877210687606,0.37575812249135165,0.21097963732615013,0.35000000000000003,469,0.1527687296416938,0.39445628997867804,0.19170984455958548,0.31433224755700323,1.2549023940254318,"[{""method"": ""raw"", ""brier"": 0.2448467903657201, ""selected"": false}, {""method"": ""platt"", ""brier"": 0.2208677365667629, ""selected"": false}, {""method"": ""isotonic"", ""brier"": 0.21862162661905082, ""selected"": true}]"
SHORT,15,position_plus_topology_compact_matrix,exit,3,SOLUSDT,isotonic,64292,3010,3100,0.5953293199871763,0.4270028077041876,0.2481777951940953,0.5894755340243887,0.40059405959847716,0.21480140964511402,0.35000000000000003,802,0.25870967741935486,0.42643391521197005,0.3402985074626866,0.3241935483870968,1.3153682956787134,"[{""method"": ""raw"", ""brier"": 0.2448467903657201, ""selected"": false}, {""method"": ""platt"", ""brier"": 0.2208677365667629, ""selected"": false}, {""method"": ""isotonic"", ""brier"": 0.21862162661905082, ""selected"": true}]"
SHORT,15,position_plus_topology_compact_matrix,hold,3,ALL,isotonic,64292,9070,9205,0.5822942647717908,0.34017449093788843,0.23606527086088983,0.5802624007864794,0.3316218487160449,0.2020753996845328,0.4000000000000001,750,0.08147745790331341,0.344,0.09809885931558936,0.2857142857142857,1.204,"[{""method"": ""raw"", ""brier"": 0.24600050050850936, ""selected"": false}, {""method"": ""platt"", ""brier"": 0.21658326685737397, ""selected"": false}, {""method"": ""isotonic"", ""brier"": 0.2142650686619596, ""selected"": true}]"
SHORT,15,position_plus_topology_compact_matrix,hold,3,BTCUSDT,isotonic,64292,3055,3035,0.611891846361186,0.3333340492360781,0.211634466986207,0.6087112533692722,0.31920166920463067,0.1889258686774265,0.35000000000000003,256,0.0843492586490939,0.359375,0.11572327044025157,0.26194398682042835,1.3719536163522013,"[{""method"": ""raw"", ""brier"": 0.24600050050850936, ""selected"": false}, {""method"": ""platt"", ""brier"": 0.21658326685737397, ""selected"": false}, {""method"": ""isotonic"", ""brier"": 0.2142650686619596, ""selected"": true}]"
SHORT,15,position_plus_topology_compact_matrix,hold,3,ETHUSDT,isotonic,64292,3005,3070,0.5927711598746082,0.34952137630061475,0.23604252115083973,0.5895773249738766,0.3405617761283727,0.20218648236759343,0.4000000000000001,288,0.09381107491856677,0.3506944444444444,0.11609195402298851,0.28338762214983715,1.237507982120051,"[{""method"": ""raw"", ""brier"": 0.24600050050850936, ""selected"": false}, {""method"": ""platt"", ""brier"": 0.21658326685737397, ""selected"": false}, {""method"": ""isotonic"", ""brier"": 0.2142650686619596, ""selected"": true}]"
SHORT,15,position_plus_topology_compact_matrix,hold,3,SOLUSDT,isotonic,64292,3010,3100,0.5402050697115677,0.3480610767755252,0.26000634549621765,0.539745179648348,0.335246511737662,0.21483920702955586,0.4000000000000001,283,0.09129032258064516,0.36395759717314485,0.10673575129533679,0.31129032258064515,1.1691902085354913,"[{""method"": ""raw"", ""brier"": 0.24600050050850936, ""selected"": false}, {""method"": ""platt"", ""brier"": 0.21658326685737397, ""selected"": false}, {""method"": ""isotonic"", ""brier"": 0.2142650686619596, ""selected"": true}]"
SHORT,30,position_plus_topology,exit,1,ALL,isotonic,91292,18075,18320,0.563208046066052,0.41289167552397543,0.24932495022105275,0.5590257314018643,0.40110522702131424,0.22924066867537346,0.4500000000000001,827,0.045141921397379915,0.4619105199516324,0.05770392749244713,0.361353711790393,1.278278055213581,"[{""method"": ""raw"", ""brier"": 0.2520802766173032, ""selected"": false}, {""method"": ""platt"", ""brier"": 0.234417202753827, ""selected"": false}, {""method"": ""isotonic"", ""brier"": 0.23323552528731417, ""selected"": true}]"
SHORT,30,position_plus_topology,exit,1,BTCUSDT,isotonic,91292,6025,6110,0.5553638437402231,0.3824534409172995,0.2445162730239812,0.552908107320007,0.36942742874067563,0.22099739256601206,0.4000000000000001,1059,0.17332242225859248,0.40793201133144474,0.21546134663341646,0.3281505728314239,1.2431244834090411,"[{""method"": ""raw"", ""brier"": 0.2520802766173032, ""selected"": false}, {""method"": ""platt"", ""brier"": 0.234417202753827, ""selected"": false}, {""method"": ""isotonic"", ""brier"": 0.23323552528731417, ""selected"": true}]"
SHORT,30,position_plus_topology,exit,1,ETHUSDT,isotonic,91292,6025,6105,0.5678367592003956,0.4198636310459545,0.2474092156459553,0.5618701584610675,0.39896592016780996,0.22566244231626534,0.4250000000000001,1429,0.23407043407043407,0.4289713086074178,0.2857808857808858,0.35135135135135137,1.2209183398826506,"[{""method"": ""raw"", ""brier"": 0.2520802766173032, ""selected"": false}, {""method"": ""platt"", ""brier"": 0.234417202753827, ""selected"": false}, {""method"": ""isotonic"", ""brier"": 0.23323552528731417, ""selected"": true}]"
SHORT,30,position_plus_topology,exit,1,SOLUSDT,isotonic,91292,6025,6105,0.5346470715992182,0.42603694570172473,0.2560533003037845,0.5301893422584076,0.4212261805894349,0.24106892239372776,0.4500000000000001,382,0.06257166257166258,0.4031413612565445,0.062348178137651825,0.4045864045864046,0.9964283443203255,"[{""method"": ""raw"", ""brier"": 0.2520802766173032, ""selected"": false}, {""method"": ""platt"", ""brier"": 0.234417202753827, ""selected"": false}, {""method"": ""isotonic"", ""brier"": 0.23323552528731417, ""selected"": true}]"
SHORT,30,position_plus_topology,hold,1,ALL,isotonic,91292,18075,18320,0.5482741639658885,0.40664551196662474,0.2498015660331323,0.54890134966694,0.40898235303105057,0.23881261653587857,0.325,16515,0.9014737991266376,0.3884347562821677,0.9223580158159598,0.3796397379912664,1.0231667483953002,"[{""method"": ""raw"", ""brier"": 0.24880925438822116, ""selected"": false}, {""method"": ""platt"", ""brier"": 0.239870735112908, ""selected"": false}, {""method"": ""isotonic"", ""brier"": 0.23821074111036025, ""selected"": true}]"
SHORT,30,position_plus_topology,hold,1,BTCUSDT,isotonic,91292,6025,6110,0.5673918347310528,0.3889568307939022,0.24868631409332667,0.5692098989703025,0.3913114298298963,0.23158338629423858,0.4000000000000001,2885,0.47217675941080195,0.41421143847487,0.5571095571095571,0.35106382978723405,1.1798750065647812,"[{""method"": ""raw"", ""brier"": 0.24880925438822116, ""selected"": false}, {""method"": ""platt"", ""brier"": 0.239870735112908, ""selected"": false}, {""method"": ""isotonic"", ""brier"": 0.23821074111036025, ""selected"": true}]"
SHORT,30,position_plus_topology,hold,1,ETHUSDT,isotonic,91292,6025,6105,0.538689765033851,0.4086591897571648,0.24983142119718418,0.5408289241622575,0.4117586313155359,0.24000462719489715,0.325,5175,0.8476658476658476,0.3893719806763285,0.8666666666666667,0.3808353808353808,1.022415458937198,"[{""method"": ""raw"", ""brier"": 0.24880925438822116, ""selected"": false}, {""method"": ""platt"", ""brier"": 0.239870735112908, ""selected"": false}, {""method"": ""isotonic"", ""brier"": 0.23821074111036025, ""selected"": true}]"
SHORT,30,position_plus_topology,hold,1,SOLUSDT,isotonic,91292,6025,6105,0.5251356203519459,0.4186698093244561,0.2508878762011381,0.5221883788921373,0.4178364656497303,0.24485575686398867,0.3,6085,0.9967239967239967,0.4075595727198028,0.9979879275653923,0.407043407043407,1.0012680850923124,"[{""method"": ""raw"", ""brier"": 0.24880925438822116, ""selected"": false}, {""method"": ""platt"", ""brier"": 0.239870735112908, ""selected"": false}, {""method"": ""isotonic"", ""brier"": 0.23821074111036025, ""selected"": true}]"
SHORT,30,position_plus_topology_compact_matrix,exit,1,ALL,isotonic,91292,18075,18320,0.5608663077439513,0.4054494499618631,0.25107551559035557,0.5555472022103441,0.3977610624500613,0.22985400003789325,0.4000000000000001,4485,0.24481441048034935,0.4238573021181717,0.28716012084592146,0.361353711790393,1.1729706608466626,"[{""method"": ""raw"", ""brier"": 0.2545903899140797, ""selected"": false}, {""method"": ""platt"", ""brier"": 0.234123111525728, ""selected"": false}, {""method"": ""isotonic"", ""brier"": 0.23297568877856356, ""selected"": true}]"
SHORT,30,position_plus_topology_compact_matrix,exit,1,BTCUSDT,isotonic,91292,6025,6110,0.5484650128636994,0.3675244683074367,0.2455060804601223,0.5387364718532536,0.35525205062328835,0.22263844345350814,0.4500000000000001,301,0.049263502454991816,0.40863787375415284,0.06134663341645885,0.3281505728314239,1.2452755155301116,"[{""method"": ""raw"", ""brier"": 0.2545903899140797, ""selected"": false}, {""method"": ""platt"", ""brier"": 0.234123111525728, ""selected"": false}, {""method"": ""isotonic"", ""brier"": 0.23297568877856356, ""selected"": true}]"
SHORT,30,position_plus_topology_compact_matrix,exit,1,ETHUSDT,isotonic,91292,6025,6105,0.5668343104706741,0.41717497708509577,0.2482661424350846,0.5618808127899036,0.4020743945726077,0.2251715104351978,0.37500000000000006,1545,0.25307125307125306,0.4355987055016181,0.31375291375291375,0.35135135135135137,1.239780931043067,"[{""method"": ""raw"", ""brier"": 0.2545903899140797, ""selected"": false}, {""method"": ""platt"", ""brier"": 0.234123111525728, ""selected"": false}, {""method"": ""isotonic"", ""brier"": 0.23297568877856356, ""selected"": true}]"
SHORT,30,position_plus_topology_compact_matrix,exit,1,SOLUSDT,isotonic,91292,6025,6105,0.5369941359588793,0.4235501606958079,0.25945888524779276,0.5377861434880186,0.4224851438358761,0.24175795577172585,0.37500000000000006,2172,0.35577395577395576,0.4360036832412523,0.3834008097165992,0.4045864045864046,1.0776528284161317,"[{""method"": ""raw"", ""brier"": 0.2545903899140797, ""selected"": false}, {""method"": ""platt"", ""brier"": 0.234123111525728, ""selected"": false}, {""method"": ""isotonic"", ""brier"": 0.23297568877856356, ""selected"": true}]"
SHORT,30,position_plus_topology_compact_matrix,hold,1,ALL,isotonic,91292,18075,18320,0.5506077944981613,0.4118818569624782,0.2500514141406888,0.5485142404047388,0.40853456848424924,0.23855354855408417,0.3,16920,0.9235807860262009,0.3871158392434988,0.9417685118619699,0.3796397379912664,1.0196926204084684,"[{""method"": ""raw"", ""brier"": 0.24827910386179416, ""selected"": false}, {""method"": ""platt"", ""brier"": 0.23988752321110784, ""selected"": false}, {""method"": ""isotonic"", ""brier"": 0.23833271249644297, ""selected"": true}]"
SHORT,30,position_plus_topology_compact_matrix,hold,1,BTCUSDT,isotonic,91292,6025,6110,0.5704463002319244,0.3995994649193041,0.24770963231410265,0.5679759668662568,0.39602020432170304,0.23068275592322823,0.4000000000000001,3036,0.4968903436988543,0.40250329380764166,0.5696969696969697,0.35106382978723405,1.1465245338763126,"[{""method"": ""raw"", ""brier"": 0.24827910386179416, ""selected"": false}, {""method"": ""platt"", ""brier"": 0.23988752321110784, ""selected"": false}, {""method"": ""isotonic"", ""brier"": 0.23833271249644297, ""selected"": true}]"
SHORT,30,position_plus_topology_compact_matrix,hold,1,ETHUSDT,isotonic,91292,6025,6105,0.5354653240029584,0.40659148289070335,0.25008037227473773,0.5336254764749389,0.4032682089388243,0.24014482321151304,0.3,5428,0.8891072891072891,0.3907516580692704,0.912258064516129,0.3808353808353808,1.0260382247367295,"[{""method"": ""raw"", ""brier"": 0.24827910386179416, ""selected"": false}, {""method"": ""platt"", ""brier"": 0.23988752321110784, ""selected"": false}, {""method"": ""isotonic"", ""brier"": 0.23833271249644297, ""selected"": true}]"
SHORT,30,position_plus_topology_compact_matrix,hold,1,SOLUSDT,isotonic,91292,6025,6105,0.5316690752248296,0.4263479954427913,0.25236615575446003,0.5265336772013296,0.4198911928497096,0.24483951271312213,0.3,6105,1.0,0.407043407043407,1.0,0.407043407043407,1.0,"[{""method"": ""raw"", ""brier"": 0.24827910386179416, ""selected"": false}, {""method"": ""platt"", ""brier"": 0.23988752321110784, ""selected"": false}, {""method"": ""isotonic"", ""brier"": 0.23833271249644297, ""selected"": true}]"
SHORT,30,position_plus_topology,exit,2,ALL,isotonic,109612,18080,18320,0.5710775485112249,0.42104225628115205,0.24852188015911084,0.568276468969278,0.40864831438565835,0.22910843834532219,0.37500000000000006,3894,0.21255458515283843,0.44119157678479715,0.257185628742515,0.3646288209606987,1.2099745039966292,"[{""method"": ""raw"", ""brier"": 0.2487776520821115, ""selected"": false}, {""method"": ""platt"", ""brier"": 0.22911935237099587, ""selected"": false}, {""method"": ""isotonic"", ""brier"": 0.22800437933617781, ""selected"": true}]"
SHORT,30,position_plus_topology,exit,2,BTCUSDT,isotonic,109612,6030,6105,0.5737398247685329,0.37620642127983506,0.24554523860771457,0.5752472503572983,0.36501722122085656,0.2144142263539131,0.4000000000000001,629,0.10303030303030303,0.40222575516693165,0.13142857142857142,0.3153153153153153,1.2756302521008405,"[{""method"": ""raw"", ""brier"": 0.2487776520821115, ""selected"": false}, {""method"": ""platt"", ""brier"": 0.22911935237099587, ""selected"": false}, {""method"": ""isotonic"", ""brier"": 0.22800437933617781, ""selected"": true}]"
SHORT,30,position_plus_topology,exit,2,ETHUSDT,isotonic,109612,6025,6110,0.5685944718997816,0.43416857394096314,0.24758690598436334,0.5663698425468336,0.4165246270784299,0.23020958494088117,0.37500000000000006,1154,0.18887070376432077,0.48180242634315423,0.24601769911504426,0.3698854337152209,1.3025720464410055,"[{""method"": ""raw"", ""brier"": 0.2487776520821115, ""selected"": false}, {""method"": ""platt"", ""brier"": 0.22911935237099587, ""selected"": false}, {""method"": ""isotonic"", ""brier"": 0.22800437933617781, ""selected"": true}]"
SHORT,30,position_plus_topology,exit,2,SOLUSDT,isotonic,109612,6025,6105,0.5369758908398514,0.4387086125323595,0.2524342616298694,0.5271781790728269,0.42701845376215986,0.2427006019012087,0.37500000000000006,1900,0.31122031122031124,0.4342105263157895,0.3306613226452906,0.4086814086814087,1.0624670393418416,"[{""method"": ""raw"", ""brier"": 0.2487776520821115, ""selected"": false}, {""method"": ""platt"", ""brier"": 0.22911935237099587, ""selected"": false}, {""method"": ""isotonic"", ""brier"": 0.22800437933617781, ""selected"": true}]"
SHORT,30,position_plus_topology,hold,2,ALL,isotonic,109612,18080,18320,0.5386636860671907,0.42317153595893986,0.25477494582699783,0.5381275666084726,0.4181382273059985,0.23739891541072886,0.4500000000000001,843,0.04601528384279476,0.45907473309608543,0.054239663629992996,0.3894650655021834,1.17873148007292,"[{""method"": ""raw"", ""brier"": 0.2527094404965201, ""selected"": false}, {""method"": ""platt"", ""brier"": 0.2321519377167363, ""selected"": false}, {""method"": ""isotonic"", ""brier"": 0.2309525220706483, ""selected"": true}]"
SHORT,30,position_plus_topology,hold,2,BTCUSDT,isotonic,109612,6030,6105,0.5128737132170884,0.3632449064234442,0.24946182102491296,0.5137338405700004,0.36518252210171104,0.23234930659862454,0.4250000000000001,1054,0.17264537264537264,0.3633776091081594,0.1744874715261959,0.3595413595413595,1.0106698421892089,"[{""method"": ""raw"", ""brier"": 0.2527094404965201, ""selected"": false}, {""method"": ""platt"", ""brier"": 0.2321519377167363, ""selected"": false}, {""method"": ""isotonic"", ""brier"": 0.2309525220706483, ""selected"": true}]"
SHORT,30,position_plus_topology,hold,2,ETHUSDT,isotonic,109612,6025,6110,0.5522398286937902,0.42283403580173023,0.25466557017566666,0.5531206943006651,0.42087749563110116,0.2346157675443131,0.4000000000000001,2172,0.35548281505728313,0.4429097605893186,0.4119914346895075,0.3821603927986907,1.1589630137904652,"[{""method"": ""raw"", ""brier"": 0.2527094404965201, ""selected"": false}, {""method"": ""platt"", ""brier"": 0.2321519377167363, ""selected"": false}, {""method"": ""isotonic"", ""brier"": 0.2309525220706483, ""selected"": true}]"
SHORT,30,position_plus_topology,hold,2,SOLUSDT,isotonic,109612,6025,6105,0.5287270633397313,0.4624667390213907,0.26019753585916194,0.5256726076227036,0.45375777162165193,0.24523395148963087,0.4500000000000001,433,0.07092547092547093,0.5057736720554272,0.08406909788867563,0.4266994266994267,1.1853160337421818,"[{""method"": ""raw"", ""brier"": 0.2527094404965201, ""selected"": false}, {""method"": ""platt"", ""brier"": 0.2321519377167363, ""selected"": false}, {""method"": ""isotonic"", ""brier"": 0.2309525220706483, ""selected"": true}]"
SHORT,30,position_plus_topology_compact_matrix,exit,2,ALL,isotonic,109612,18080,18320,0.5583595823816285,0.41616322205523215,0.24884914402448,0.5571351690948001,0.4064813805310928,0.22915244067208204,0.37500000000000006,2450,0.13373362445414846,0.46244897959183673,0.16961077844311379,0.3646288209606987,1.2682732494195281,"[{""method"": ""raw"", ""brier"": 0.24911688696976075, ""selected"": false}, {""method"": ""platt"", ""brier"": 0.22898315178038237, ""selected"": false}, {""method"": ""isotonic"", ""brier"": 0.22778492843251474, ""selected"": true}]"
SHORT,30,position_plus_topology_compact_matrix,exit,2,BTCUSDT,isotonic,109612,6030,6105,0.5576321381967315,0.368533270016522,0.24307541538257482,0.5594396942770148,0.3588494744483916,0.21445222359514268,0.37500000000000006,526,0.08615888615888616,0.41825095057034223,0.11428571428571428,0.3153153153153153,1.3264530146659426,"[{""method"": ""raw"", ""brier"": 0.24911688696976075, ""selected"": false}, {""method"": ""platt"", ""brier"": 0.22898315178038237, ""selected"": false}, {""method"": ""isotonic"", ""brier"": 0.22778492843251474, ""selected"": true}]"
SHORT,30,position_plus_topology_compact_matrix,exit,2,ETHUSDT,isotonic,109612,6025,6110,0.5542243420296518,0.4151959945540787,0.24815305147327776,0.5504835651074589,0.4059297104080677,0.2312314994133586,0.37500000000000006,717,0.11734860883797053,0.47280334728033474,0.15,0.3698854337152209,1.278242677824268,"[{""method"": ""raw"", ""brier"": 0.24911688696976075, ""selected"": false}, {""method"": ""platt"", ""brier"": 0.22898315178038237, ""selected"": false}, {""method"": ""isotonic"", ""brier"": 0.22778492843251474, ""selected"": true}]"
SHORT,30,position_plus_topology_compact_matrix,exit,2,SOLUSDT,isotonic,109612,6025,6105,0.5269289826189776,0.44529440872601456,0.2553195353179568,0.5267648316022627,0.4351316994671368,0.24177189625693307,0.37500000000000006,1207,0.1977067977067977,0.4755592377796189,0.23006012024048098,0.4086814086814087,1.1636429445469232,"[{""method"": ""raw"", ""brier"": 0.24911688696976075, ""selected"": false}, {""method"": ""platt"", ""brier"": 0.22898315178038237, ""selected"": false}, {""method"": ""isotonic"", ""brier"": 0.22778492843251474, ""selected"": true}]"
SHORT,30,position_plus_topology_compact_matrix,hold,2,ALL,isotonic,109612,18080,18320,0.5475762381981825,0.42284984241369605,0.25181569497796435,0.5458525674621162,0.41740923996146123,0.23668591477977122,0.4000000000000001,3949,0.21555676855895198,0.43530007596859965,0.2409250175192712,0.3894650655021834,1.1176870906439729,"[{""method"": ""raw"", ""brier"": 0.25199304778213577, ""selected"": false}, {""method"": ""platt"", ""brier"": 0.23249360336135874, ""selected"": false}, {""method"": ""isotonic"", ""brier"": 0.23164855172266535, ""selected"": true}]"
SHORT,30,position_plus_topology_compact_matrix,hold,2,BTCUSDT,isotonic,109612,6030,6105,0.5314744624204044,0.37379116554811537,0.2466351449383624,0.529673111990166,0.37277900013366694,0.23084477580782095,0.4000000000000001,858,0.14054054054054055,0.36363636363636365,0.14214123006833712,0.3595413595413595,1.0113895216400912,"[{""method"": ""raw"", ""brier"": 0.25199304778213577, ""selected"": false}, {""method"": ""platt"", ""brier"": 0.23249360336135874, ""selected"": false}, {""method"": ""isotonic"", ""brier"": 0.23164855172266535, ""selected"": true}]"
SHORT,30,position_plus_topology_compact_matrix,hold,2,ETHUSDT,isotonic,109612,6025,6110,0.5649475729256774,0.43417752919404434,0.2512868675284226,0.5612234780265751,0.4227872029494878,0.23359452951557624,0.4000000000000001,1344,0.2199672667757774,0.45907738095238093,0.26423982869379015,0.3821603927986907,1.2012688640766798,"[{""method"": ""raw"", ""brier"": 0.25199304778213577, ""selected"": false}, {""method"": ""platt"", ""brier"": 0.23249360336135874, ""selected"": false}, {""method"": ""isotonic"", ""brier"": 0.23164855172266535, ""selected"": true}]"
SHORT,30,position_plus_topology_compact_matrix,hold,2,SOLUSDT,isotonic,109612,6025,6105,0.5285237181244858,0.44908649948357005,0.2575255055772222,0.5284405264601042,0.44388402248298015,0.24562097086297968,0.47500000000000014,109,0.017854217854217855,0.5229357798165137,0.021880998080614205,0.4266994266994267,1.2255366356160524,"[{""method"": ""raw"", ""brier"": 0.25199304778213577, ""selected"": false}, {""method"": ""platt"", ""brier"": 0.23249360336135874, ""selected"": false}, {""method"": ""isotonic"", ""brier"": 0.23164855172266535, ""selected"": true}]"
SHORT,30,position_plus_topology,exit,3,ALL,isotonic,127937,18075,18320,0.577814992636309,0.40221228275087734,0.24485915145060608,0.5745454331677847,0.39246291950668266,0.2202439552237074,0.4250000000000001,2412,0.1316593886462882,0.46434494195688225,0.18421052631578946,0.3318777292576419,1.3991446277385005,"[{""method"": ""raw"", ""brier"": 0.24812820796185436, ""selected"": false}, {""method"": ""platt"", ""brier"": 0.2285383916030179, ""selected"": false}, {""method"": ""isotonic"", ""brier"": 0.22672609700988797, ""selected"": true}]"
SHORT,30,position_plus_topology,exit,3,BTCUSDT,isotonic,127937,6025,6105,0.5945376854445482,0.36745719784945274,0.2389436793974612,0.5867926522460835,0.3508295120239713,0.20432367822362726,0.4500000000000001,170,0.027846027846027847,0.4588235294117647,0.043697478991596636,0.29238329238329236,1.5692535837864559,"[{""method"": ""raw"", ""brier"": 0.24812820796185436, ""selected"": false}, {""method"": ""platt"", ""brier"": 0.2285383916030179, ""selected"": false}, {""method"": ""isotonic"", ""brier"": 0.22672609700988797, ""selected"": true}]"
SHORT,30,position_plus_topology,exit,3,ETHUSDT,isotonic,127937,6025,6105,0.569719807793716,0.42028110874018865,0.24419023389268793,0.5679744277952564,0.4088254910830308,0.22538690106716477,0.4000000000000001,1084,0.17755937755937756,0.45018450184501846,0.23073286052009456,0.3464373464373464,1.299468739368245,"[{""method"": ""raw"", ""brier"": 0.24812820796185436, ""selected"": false}, {""method"": ""platt"", ""brier"": 0.2285383916030179, ""selected"": false}, {""method"": ""isotonic"", ""brier"": 0.22672609700988797, ""selected"": true}]"
SHORT,30,position_plus_topology,exit,3,SOLUSDT,isotonic,127937,6025,6110,0.5576820855802227,0.41538566117297027,0.25143815285413146,0.5568407568223731,0.4054901993553133,0.23101246696039834,0.4000000000000001,1561,0.25548281505728315,0.4381806534272902,0.3137614678899083,0.3567921440261866,1.2281118313948363,"[{""method"": ""raw"", ""brier"": 0.24812820796185436, ""selected"": false}, {""method"": ""platt"", ""brier"": 0.2285383916030179, ""selected"": false}, {""method"": ""isotonic"", ""brier"": 0.22672609700988797, ""selected"": true}]"
SHORT,30,position_plus_topology,hold,3,ALL,isotonic,127937,18075,18320,0.5900576606260296,0.3943544332795107,0.24768323207812099,0.5882780822378373,0.3875707941937773,0.2185867454012667,0.4500000000000001,330,0.018013100436681223,0.42424242424242425,0.023064250411861616,0.33133187772925765,1.2804153561978933,"[{""method"": ""raw"", ""brier"": 0.24957899682323034, ""selected"": false}, {""method"": ""platt"", ""brier"": 0.23605428192414912, ""selected"": false}, {""method"": ""isotonic"", ""brier"": 0.2347975859898138, ""selected"": true}]"
SHORT,30,position_plus_topology,hold,3,BTCUSDT,isotonic,127937,6025,6105,0.5966886920936536,0.3508499506910286,0.2454177566187305,0.5971057415987331,0.3463469510267035,0.20480507290441727,0.4500000000000001,90,0.014742014742014743,0.2777777777777778,0.014124293785310734,0.28992628992628994,0.9580979284369114,"[{""method"": ""raw"", ""brier"": 0.24957899682323034, ""selected"": false}, {""method"": ""platt"", ""brier"": 0.23605428192414912, ""selected"": false}, {""method"": ""isotonic"", ""brier"": 0.2347975859898138, ""selected"": true}]"
SHORT,30,position_plus_topology,hold,3,ETHUSDT,isotonic,127937,6025,6105,0.6022664835164835,0.4218336228702445,0.24719596348252162,0.5916611920688009,0.40704622735122925,0.22027265400673712,0.4000000000000001,1490,0.24406224406224405,0.45302013422818793,0.3245192307692308,0.3407043407043407,1.329657653588023,"[{""method"": ""raw"", ""brier"": 0.24957899682323034, ""selected"": false}, {""method"": ""platt"", ""brier"": 0.23605428192414912, ""selected"": false}, {""method"": ""isotonic"", ""brier"": 0.2347975859898138, ""selected"": true}]"
SHORT,30,position_plus_topology,hold,3,SOLUSDT,isotonic,127937,6025,6110,0.5525269807082147,0.4068982303605559,0.2504337234784015,0.5566508024734246,0.39699780026865383,0.23067261095885583,0.4250000000000001,1690,0.2765957446808511,0.4319526627218935,0.32882882882882886,0.36333878887070375,1.1888426888426888,"[{""method"": ""raw"", ""brier"": 0.24957899682323034, ""selected"": false}, {""method"": ""platt"", ""brier"": 0.23605428192414912, ""selected"": false}, {""method"": ""isotonic"", ""brier"": 0.2347975859898138, ""selected"": true}]"
SHORT,30,position_plus_topology_compact_matrix,exit,3,ALL,isotonic,127937,18075,18320,0.5797347727468181,0.4038033582353535,0.2450944172062675,0.5740013128332474,0.38804831559142094,0.2190597153007383,0.4000000000000001,2675,0.14601528384279475,0.45607476635514016,0.20065789473684212,0.3318777292576419,1.3742252828332513,"[{""method"": ""raw"", ""brier"": 0.24805000907386857, ""selected"": false}, {""method"": ""platt"", ""brier"": 0.22809593958543958, ""selected"": false}, {""method"": ""isotonic"", ""brier"": 0.22669671475529132, ""selected"": true}]"
SHORT,30,position_plus_topology_compact_matrix,exit,3,BTCUSDT,isotonic,127937,6025,6105,0.5962212107065048,0.36792693494819795,0.23984312292562115,0.5877243489988588,0.35002075003152233,0.2043393308325515,0.4500000000000001,206,0.033742833742833746,0.46116504854368934,0.05322128851540616,0.29238329238329236,1.5772619727502653,"[{""method"": ""raw"", ""brier"": 0.24805000907386857, ""selected"": false}, {""method"": ""platt"", ""brier"": 0.22809593958543958, ""selected"": false}, {""method"": ""isotonic"", ""brier"": 0.22669671475529132, ""selected"": true}]"
SHORT,30,position_plus_topology_compact_matrix,exit,3,ETHUSDT,isotonic,127937,6025,6105,0.5739521380282858,0.42261742231182164,0.24399589088127757,0.575169246994555,0.41059686223468156,0.22350686799242012,0.4000000000000001,920,0.1506961506961507,0.49130434782608695,0.21371158392434988,0.3464373464373464,1.4181621954979957,"[{""method"": ""raw"", ""brier"": 0.24805000907386857, ""selected"": false}, {""method"": ""platt"", ""brier"": 0.22809593958543958, ""selected"": false}, {""method"": ""isotonic"", ""brier"": 0.22669671475529132, ""selected"": true}]"
SHORT,30,position_plus_topology_compact_matrix,exit,3,SOLUSDT,isotonic,127937,6025,6110,0.5586682657515699,0.41859679215540685,0.25143904155936236,0.5431625697411117,0.3945243879285238,0.22932454017726248,0.4000000000000001,1211,0.1981996726677578,0.45251857968620973,0.25137614678899084,0.3567921440261866,1.268297487102175,"[{""method"": ""raw"", ""brier"": 0.24805000907386857, ""selected"": false}, {""method"": ""platt"", ""brier"": 0.22809593958543958, ""selected"": false}, {""method"": ""isotonic"", ""brier"": 0.22669671475529132, ""selected"": true}]"
SHORT,30,position_plus_topology_compact_matrix,hold,3,ALL,isotonic,127937,18075,18320,0.5903865514574859,0.3920405165633966,0.23901748212693275,0.5880462966076052,0.3873431173465519,0.21775836701900184,0.4250000000000001,2445,0.13346069868995633,0.42167689161554195,0.16985172981878088,0.33133187772925765,1.2726722659632173,"[{""method"": ""raw"", ""brier"": 0.2502130568358986, ""selected"": false}, {""method"": ""platt"", ""brier"": 0.23570960041053032, ""selected"": false}, {""method"": ""isotonic"", ""brier"": 0.234859658440234, ""selected"": true}]"
SHORT,30,position_plus_topology_compact_matrix,hold,3,BTCUSDT,isotonic,127937,6025,6105,0.6063679549586535,0.3606901471370392,0.22247318364087137,0.604327279599111,0.35672546041328373,0.2012511766407607,0.4250000000000001,345,0.056511056511056514,0.4144927536231884,0.0807909604519774,0.28992628992628994,1.4296487349545566,"[{""method"": ""raw"", ""brier"": 0.2502130568358986, ""selected"": false}, {""method"": ""platt"", ""brier"": 0.23570960041053032, ""selected"": false}, {""method"": ""isotonic"", ""brier"": 0.234859658440234, ""selected"": true}]"
SHORT,30,position_plus_topology_compact_matrix,hold,3,ETHUSDT,isotonic,127937,6025,6105,0.5953133062589585,0.4143122401215628,0.23873397467736976,0.5922077759197325,0.4036211255817719,0.2202336769107794,0.4250000000000001,672,0.11007371007371007,0.44642857142857145,0.14423076923076922,0.3407043407043407,1.310310782967033,"[{""method"": ""raw"", ""brier"": 0.2502130568358986, ""selected"": false}, {""method"": ""platt"", ""brier"": 0.23570960041053032, ""selected"": false}, {""method"": ""isotonic"", ""brier"": 0.234859658440234, ""selected"": true}]"
SHORT,30,position_plus_topology_compact_matrix,hold,3,SOLUSDT,isotonic,127937,6025,6110,0.5451995182843512,0.39403079899351356,0.25583151735393544,0.5430210866393386,0.3906909947418613,0.23177876478820972,0.4250000000000001,1428,0.2337152209492635,0.4117647058823529,0.2648648648648649,0.36333878887070375,1.133280339162692,"[{""method"": ""raw"", ""brier"": 0.2502130568358986, ""selected"": false}, {""method"": ""platt"", ""brier"": 0.23570960041053032, ""selected"": false}, {""method"": ""isotonic"", ""brier"": 0.234859658440234, ""selected"": true}]"
SHORT,60,position_plus_topology,exit,1,ALL,isotonic,91347,18085,18330,0.5319626588821991,0.45594827731813736,0.25049008031603665,0.527560439092623,0.44845922220029527,0.24421905350679196,0.4250000000000001,8603,0.46933987997817783,0.4472858305242357,0.4914431673052363,0.42716857610474634,1.0470944155184214,"[{""method"": ""raw"", ""brier"": 0.25153596297362996, ""selected"": false}, {""method"": ""platt"", ""brier"": 0.24502560441313656, ""selected"": false}, {""method"": ""isotonic"", ""brier"": 0.24424523423491037, ""selected"": true}]"
SHORT,60,position_plus_topology,exit,1,BTCUSDT,isotonic,91347,6030,6110,0.5265822841126485,0.4373129686792233,0.24996813646376823,0.5193660185967878,0.4254880746972136,0.2408812638584098,0.4500000000000001,260,0.0425531914893617,0.5384615384615384,0.05668016194331984,0.40425531914893614,1.3319838056680162,"[{""method"": ""raw"", ""brier"": 0.25153596297362996, ""selected"": false}, {""method"": ""platt"", ""brier"": 0.24502560441313656, ""selected"": false}, {""method"": ""isotonic"", ""brier"": 0.24424523423491037, ""selected"": true}]"
SHORT,60,position_plus_topology,exit,1,ETHUSDT,isotonic,91347,6030,6110,0.5369746258767119,0.45211182359313895,0.24953859460513975,0.5334023980182394,0.4449859767357123,0.2433097459181664,0.4250000000000001,2609,0.4270049099836334,0.44423150632426217,0.45185185185185184,0.4198036006546645,1.0581888903084764,"[{""method"": ""raw"", ""brier"": 0.25153596297362996, ""selected"": false}, {""method"": ""platt"", ""brier"": 0.24502560441313656, ""selected"": false}, {""method"": ""isotonic"", ""brier"": 0.24424523423491037, ""selected"": true}]"
SHORT,60,position_plus_topology,exit,1,SOLUSDT,isotonic,91347,6025,6110,0.5136965654570622,0.47249902931527027,0.25196350987920196,0.5108561129144104,0.46654394119943765,0.24846615074379977,0.3,6110,1.0,0.4574468085106383,1.0,0.4574468085106383,1.0,"[{""method"": ""raw"", ""brier"": 0.25153596297362996, ""selected"": false}, {""method"": ""platt"", ""brier"": 0.24502560441313656, ""selected"": false}, {""method"": ""isotonic"", ""brier"": 0.24424523423491037, ""selected"": true}]"
SHORT,60,position_plus_topology,hold,1,ALL,isotonic,91347,18085,18330,0.5309315244059609,0.49470536912985613,0.2494090088084576,0.5314097389951217,0.4955677840141594,0.2520582412633746,0.3,17681,0.9645935624659029,0.4772920083705673,0.9677752293577981,0.4757228587015821,1.0032984533752864,"[{""method"": ""raw"", ""brier"": 0.24746773963782412, ""selected"": false}, {""method"": ""platt"", ""brier"": 0.24661178085232682, ""selected"": false}, {""method"": ""isotonic"", ""brier"": 0.24484743711883927, ""selected"": true}]"
SHORT,60,position_plus_topology,hold,1,BTCUSDT,isotonic,91347,6030,6110,0.5410060180136516,0.5054238161594763,0.24876982886969182,0.5391029255354955,0.4962001202606652,0.2531944935277866,0.3,5774,0.9450081833060556,0.46363006581226185,0.944268077601411,0.46399345335515546,0.9992168261421235,"[{""method"": ""raw"", ""brier"": 0.24746773963782412, ""selected"": false}, {""method"": ""platt"", ""brier"": 0.24661178085232682, ""selected"": false}, {""method"": ""isotonic"", ""brier"": 0.24484743711883927, ""selected"": true}]"
SHORT,60,position_plus_topology,hold,1,ETHUSDT,isotonic,91347,6030,6110,0.5386123981123981,0.514991810129572,0.24873924067131783,0.5417787430287431,0.5126546584199482,0.2510160147769113,0.3,5818,0.9522094926350245,0.4898590580955655,0.9628378378378378,0.4844517184942717,1.0111617719472652,"[{""method"": ""raw"", ""brier"": 0.24746773963782412, ""selected"": false}, {""method"": ""platt"", ""brier"": 0.24661178085232682, ""selected"": false}, {""method"": ""isotonic"", ""brier"": 0.24484743711883927, ""selected"": true}]"
SHORT,60,position_plus_topology,hold,1,SOLUSDT,isotonic,91347,6025,6110,0.5099085725019791,0.4737753726810383,0.25071795688436316,0.509835956473319,0.48077279042806026,0.2519642154854261,0.325,6064,0.9924713584288052,0.4780672823218997,0.9911111111111112,0.4787234042553192,0.9986294341835238,"[{""method"": ""raw"", ""brier"": 0.24746773963782412, ""selected"": false}, {""method"": ""platt"", ""brier"": 0.24661178085232682, ""selected"": false}, {""method"": ""isotonic"", ""brier"": 0.24484743711883927, ""selected"": true}]"
SHORT,60,position_plus_topology_compact_matrix,exit,1,ALL,isotonic,91347,18085,18330,0.5205154168947272,0.4476815620446908,0.25111177302850823,0.5167141519187496,0.4376106803849074,0.244600901378705,0.4500000000000001,4263,0.232569558101473,0.44991789819376027,0.2449553001277139,0.42716857610474634,1.053256075848228,"[{""method"": ""raw"", ""brier"": 0.25145937834419874, ""selected"": false}, {""method"": ""platt"", ""brier"": 0.2451309559888829, ""selected"": false}, {""method"": ""isotonic"", ""brier"": 0.24437443956665234, ""selected"": true}]"
SHORT,60,position_plus_topology_compact_matrix,exit,1,BTCUSDT,isotonic,91347,6030,6110,0.5195092205365485,0.4269341923166359,0.2508227163650399,0.5156397650932063,0.4153776241014049,0.24197017336424903,0.47500000000000014,40,0.006546644844517185,0.575,0.00931174089068826,0.40425531914893614,1.4223684210526315,"[{""method"": ""raw"", ""brier"": 0.25145937834419874, ""selected"": false}, {""method"": ""platt"", ""brier"": 0.2451309559888829, ""selected"": false}, {""method"": ""isotonic"", ""brier"": 0.24437443956665234, ""selected"": true}]"
SHORT,60,position_plus_topology_compact_matrix,exit,1,ETHUSDT,isotonic,91347,6030,6110,0.5336946032217356,0.45284718794803747,0.24988288012842508,0.5315844461490664,0.4392430245164422,0.24286082062015554,0.4500000000000001,1360,0.2225859247135843,0.46176470588235297,0.24483430799220274,0.4198036006546645,1.0999541337002638,"[{""method"": ""raw"", ""brier"": 0.25145937834419874, ""selected"": false}, {""method"": ""platt"", ""brier"": 0.2451309559888829, ""selected"": false}, {""method"": ""isotonic"", ""brier"": 0.24437443956665234, ""selected"": true}]"
SHORT,60,position_plus_topology_compact_matrix,exit,1,SOLUSDT,isotonic,91347,6025,6110,0.4920010145244282,0.45892579515923804,0.2526297225920598,0.48909861123477877,0.4530120095061287,0.24897171015171027,0.3,6110,1.0,0.4574468085106383,1.0,0.4574468085106383,1.0,"[{""method"": ""raw"", ""brier"": 0.25145937834419874, ""selected"": false}, {""method"": ""platt"", ""brier"": 0.2451309559888829, ""selected"": false}, {""method"": ""isotonic"", ""brier"": 0.24437443956665234, ""selected"": true}]"
SHORT,60,position_plus_topology_compact_matrix,hold,1,ALL,isotonic,91347,18085,18330,0.5297918894213788,0.49831048248606846,0.24921957342058826,0.5286097420977766,0.49296713828764444,0.2514330389077786,0.3,17690,0.9650845608292417,0.4767100056529113,0.9670871559633027,0.4757228587015821,1.0020750462864523,"[{""method"": ""raw"", ""brier"": 0.2487481243127393, ""selected"": false}, {""method"": ""platt"", ""brier"": 0.2485537321242819, ""selected"": false}, {""method"": ""isotonic"", ""brier"": 0.24679078597726034, ""selected"": true}]"
SHORT,60,position_plus_topology_compact_matrix,hold,1,BTCUSDT,isotonic,91347,6030,6110,0.5474515125812836,0.49960281485493535,0.24854260467531566,0.5410262665428061,0.48980229489201427,0.2531164858477175,0.3,5799,0.9490998363338788,0.4607690981203656,0.9425044091710758,0.46399345335515546,0.9930508604992713,"[{""method"": ""raw"", ""brier"": 0.2487481243127393, ""selected"": false}, {""method"": ""platt"", ""brier"": 0.2485537321242819, ""selected"": false}, {""method"": ""isotonic"", ""brier"": 0.24679078597726034, ""selected"": true}]"
SHORT,60,position_plus_topology_compact_matrix,hold,1,ETHUSDT,isotonic,91347,6030,6110,0.5393403582153582,0.5110071235397124,0.24863918438282354,0.5322061347061346,0.5029407116872154,0.2506800635967022,0.3,5786,0.9469721767594108,0.49101278949187693,0.9597972972972973,0.4844517184942717,1.0135432918227594,"[{""method"": ""raw"", ""brier"": 0.2487481243127393, ""selected"": false}, {""method"": ""platt"", ""brier"": 0.2485537321242819, ""selected"": false}, {""method"": ""isotonic"", ""brier"": 0.24679078597726034, ""selected"": true}]"
SHORT,60,position_plus_topology_compact_matrix,hold,1,SOLUSDT,isotonic,91347,6025,6110,0.502781252935099,0.4919113590995956,0.2504769312036255,0.5116961719599081,0.4869858602320391,0.2505025672789161,0.3,6105,0.9991816693944353,0.4782964782964783,0.9982905982905983,0.4787234042553192,0.999108199108199,"[{""method"": ""raw"", ""brier"": 0.2487481243127393, ""selected"": false}, {""method"": ""platt"", ""brier"": 0.2485537321242819, ""selected"": false}, {""method"": ""isotonic"", ""brier"": 0.24679078597726034, ""selected"": true}]"
SHORT,60,position_plus_topology,exit,2,ALL,isotonic,109677,18085,18330,0.5487396193667361,0.5081802159745191,0.24839847849467586,0.5477978051514458,0.49305551578740214,0.2451776196941123,0.4250000000000001,9476,0.5169667212220403,0.4717180244829042,0.5484662576687117,0.44462629569012546,1.0609314587449858,"[{""method"": ""raw"", ""brier"": 0.24967145839260244, ""selected"": false}, {""method"": ""platt"", ""brier"": 0.2441432673144831, ""selected"": false}, {""method"": ""isotonic"", ""brier"": 0.24340285671208983, ""selected"": true}]"
SHORT,60,position_plus_topology,exit,2,BTCUSDT,isotonic,109677,6030,6110,0.5749063145247542,0.49557106901387127,0.24591586232371881,0.5738778775806465,0.4803230859996395,0.2402022171677769,0.4500000000000001,664,0.10867430441898528,0.5331325301204819,0.13801169590643275,0.4198036006546645,1.269957021066723,"[{""method"": ""raw"", ""brier"": 0.24967145839260244, ""selected"": false}, {""method"": ""platt"", ""brier"": 0.2441432673144831, ""selected"": false}, {""method"": ""isotonic"", ""brier"": 0.24340285671208983, ""selected"": true}]"
SHORT,60,position_plus_topology,exit,2,ETHUSDT,isotonic,109677,6030,6110,0.5292765486427019,0.5095821016129506,0.24878102577055428,0.5278721939498656,0.49612291489243904,0.24823841562581095,0.4250000000000001,2495,0.4083469721767594,0.4745490981963928,0.4251346499102334,0.455810147299509,1.0411113069945996,"[{""method"": ""raw"", ""brier"": 0.24967145839260244, ""selected"": false}, {""method"": ""platt"", ""brier"": 0.2441432673144831, ""selected"": false}, {""method"": ""isotonic"", ""brier"": 0.24340285671208983, ""selected"": true}]"
SHORT,60,position_plus_topology,exit,2,SOLUSDT,isotonic,109677,6025,6110,0.539539059128183,0.5199028221301227,0.25049854738975447,0.5396787332757875,0.5009661663261598,0.24709222628874894,0.3,6110,1.0,0.4582651391162029,1.0,0.4582651391162029,1.0,"[{""method"": ""raw"", ""brier"": 0.24967145839260244, ""selected"": false}, {""method"": ""platt"", ""brier"": 0.2441432673144831, ""selected"": false}, {""method"": ""isotonic"", ""brier"": 0.24340285671208983, ""selected"": true}]"
SHORT,60,position_plus_topology,hold,2,ALL,isotonic,109677,18085,18330,0.5174556309577583,0.46859399523717316,0.24983210134612355,0.5137979118788972,0.45990746515541064,0.2490015866018959,0.3,18258,0.9960720130932897,0.450816080622193,0.9958862673926194,0.4509001636661211,0.9998135218154626,"[{""method"": ""raw"", ""brier"": 0.24925477429951043, ""selected"": false}, {""method"": ""platt"", ""brier"": 0.24802360564877254, ""selected"": false}, {""method"": ""isotonic"", ""brier"": 0.246858679309026, ""selected"": true}]"
SHORT,60,position_plus_topology,hold,2,BTCUSDT,isotonic,109677,6030,6110,0.5311787621226981,0.4699427702951189,0.24921243871536422,0.5322476299444263,0.4589937897204529,0.2469903612879849,0.3,6064,0.9924713584288052,0.4346965699208443,0.9909774436090225,0.4353518821603928,0.9984947527129169,"[{""method"": ""raw"", ""brier"": 0.24925477429951043, ""selected"": false}, {""method"": ""platt"", ""brier"": 0.24802360564877254, ""selected"": false}, {""method"": ""isotonic"", ""brier"": 0.246858679309026, ""selected"": true}]"
SHORT,60,position_plus_topology,hold,2,ETHUSDT,isotonic,109677,6030,6110,0.514648492533108,0.45871443545053364,0.249779405240912,0.5078783839434726,0.4518619757015077,0.24919071735759787,0.3,6084,0.9957446808510638,0.4470742932281394,0.9963369963369964,0.44680851063829785,1.000594846748693,"[{""method"": ""raw"", ""brier"": 0.24925477429951043, ""selected"": false}, {""method"": ""platt"", ""brier"": 0.24802360564877254, ""selected"": false}, {""method"": ""isotonic"", ""brier"": 0.246858679309026, ""selected"": true}]"
SHORT,60,position_plus_topology,hold,2,SOLUSDT,isotonic,109677,6025,6110,0.49872056985417645,0.4799967136806075,0.25050446008209437,0.49264463409717085,0.4667627594127473,0.250823681160105,0.3,6110,1.0,0.4705400981996727,1.0,0.4705400981996727,1.0,"[{""method"": ""raw"", ""brier"": 0.24925477429951043, ""selected"": false}, {""method"": ""platt"", ""brier"": 0.24802360564877254, ""selected"": false}, {""method"": ""isotonic"", ""brier"": 0.246858679309026, ""selected"": true}]"
SHORT,60,position_plus_topology_compact_matrix,exit,2,ALL,isotonic,109677,18085,18330,0.546733797775019,0.504276948038366,0.24806419717947567,0.5383217182735306,0.47113467433355116,0.24609561031032753,0.4000000000000001,10185,0.5556464811783961,0.46990672557682867,0.587239263803681,0.44462629569012546,1.0568577030458,"[{""method"": ""raw"", ""brier"": 0.2502323901540804, ""selected"": false}, {""method"": ""platt"", ""brier"": 0.24433044544168186, ""selected"": false}, {""method"": ""isotonic"", ""brier"": 0.24327827253147163, ""selected"": true}]"
SHORT,60,position_plus_topology_compact_matrix,exit,2,BTCUSDT,isotonic,109677,6030,6110,0.5591173357308017,0.4862152904525623,0.24591168836426963,0.5509149146176836,0.45477405460753073,0.24262902946882914,0.4250000000000001,2551,0.4175122749590835,0.4649157193257546,0.46237816764132555,0.4198036006546645,1.107460056561544,"[{""method"": ""raw"", ""brier"": 0.2502323901540804, ""selected"": false}, {""method"": ""platt"", ""brier"": 0.24433044544168186, ""selected"": false}, {""method"": ""isotonic"", ""brier"": 0.24327827253147163, ""selected"": true}]"
SHORT,60,position_plus_topology_compact_matrix,exit,2,ETHUSDT,isotonic,109677,6030,6110,0.543043965389236,0.5155526156650396,0.2473961257080838,0.5405034489275253,0.48522597741854906,0.2476660744948944,0.4000000000000001,2749,0.44991816693944353,0.49108766824299743,0.48473967684021546,0.455810147299509,1.077395207527725,"[{""method"": ""raw"", ""brier"": 0.2502323901540804, ""selected"": false}, {""method"": ""platt"", ""brier"": 0.24433044544168186, ""selected"": false}, {""method"": ""isotonic"", ""brier"": 0.24327827253147163, ""selected"": true}]"
SHORT,60,position_plus_topology_compact_matrix,exit,2,SOLUSDT,isotonic,109677,6025,6110,0.5306310962451446,0.515389591420809,0.2508847774660736,0.5138634009495038,0.4717237964791347,0.24799172696725902,0.3,6110,1.0,0.4582651391162029,1.0,0.4582651391162029,1.0,"[{""method"": ""raw"", ""brier"": 0.2502323901540804, ""selected"": false}, {""method"": ""platt"", ""brier"": 0.24433044544168186, ""selected"": false}, {""method"": ""isotonic"", ""brier"": 0.24327827253147163, ""selected"": true}]"
SHORT,60,position_plus_topology_compact_matrix,hold,2,ALL,isotonic,109677,18085,18330,0.5396241730626307,0.4882347563072505,0.24934709189778084,0.5375485839322084,0.47928988721316673,0.24745716801447765,0.3,18259,0.996126568466994,0.45254395092830935,0.9997580157289776,0.4509001636661211,1.0036455681204972,"[{""method"": ""raw"", ""brier"": 0.2485452573134685, ""selected"": false}, {""method"": ""platt"", ""brier"": 0.2476315582794231, ""selected"": false}, {""method"": ""isotonic"", ""brier"": 0.24654623069216203, ""selected"": true}]"
SHORT,60,position_plus_topology_compact_matrix,hold,2,BTCUSDT,isotonic,109677,6030,6110,0.5443090334531983,0.48857041577249827,0.24834041992167516,0.5499072681704261,0.47972367467602683,0.24476787675423428,0.3,6064,0.9924713584288052,0.4383245382585752,0.9992481203007518,0.4353518821603928,1.0068281687067273,"[{""method"": ""raw"", ""brier"": 0.2485452573134685, ""selected"": false}, {""method"": ""platt"", ""brier"": 0.2476315582794231, ""selected"": false}, {""method"": ""isotonic"", ""brier"": 0.24654623069216203, ""selected"": true}]"
SHORT,60,position_plus_topology_compact_matrix,hold,2,ETHUSDT,isotonic,109677,6030,6110,0.5518196891865531,0.4974578011253187,0.24843411979884739,0.5507049114593493,0.4868846149073876,0.24609315604180645,0.35000000000000003,6084,0.9957446808510638,0.44871794871794873,1.0,0.44680851063829785,1.0042735042735043,"[{""method"": ""raw"", ""brier"": 0.2485452573134685, ""selected"": false}, {""method"": ""platt"", ""brier"": 0.2476315582794231, ""selected"": false}, {""method"": ""isotonic"", ""brier"": 0.24654623069216203, ""selected"": true}]"
SHORT,60,position_plus_topology_compact_matrix,hold,2,SOLUSDT,isotonic,109677,6025,6110,0.5166699012163161,0.4823981698627783,0.25126673597282007,0.5054015724749681,0.4729651616874028,0.25151047124739206,0.3,6110,1.0,0.4705400981996727,1.0,0.4705400981996727,1.0,"[{""method"": ""raw"", ""brier"": 0.2485452573134685, ""selected"": false}, {""method"": ""platt"", ""brier"": 0.2476315582794231, ""selected"": false}, {""method"": ""isotonic"", ""brier"": 0.24654623069216203, ""selected"": true}]"
SHORT,60,position_plus_topology,exit,3,ALL,isotonic,128007,18085,18330,0.560526272904909,0.4581627353154877,0.24735160151821498,0.5558373830252697,0.4484347523924862,0.2407955028224063,0.35000000000000003,15826,0.8633933442444081,0.4310628080374068,0.906578073089701,0.4105291871249318,1.0500174446944408,"[{""method"": ""raw"", ""brier"": 0.2485264163189415, ""selected"": false}, {""method"": ""platt"", ""brier"": 0.24419644327816115, ""selected"": false}, {""method"": ""isotonic"", ""brier"": 0.24269716140774372, ""selected"": true}]"
SHORT,60,position_plus_topology,exit,3,BTCUSDT,isotonic,128007,6030,6110,0.5851007798184685,0.4458388102110342,0.24421317394576042,0.5773740145736567,0.43390348707858956,0.23243766403361082,0.4000000000000001,2867,0.46923076923076923,0.4314614579700035,0.5320430107526881,0.38052373158756136,1.133862154063106,"[{""method"": ""raw"", ""brier"": 0.2485264163189415, ""selected"": false}, {""method"": ""platt"", ""brier"": 0.24419644327816115, ""selected"": false}, {""method"": ""isotonic"", ""brier"": 0.24269716140774372, ""selected"": true}]"
SHORT,60,position_plus_topology,exit,3,ETHUSDT,isotonic,128007,6030,6110,0.556836060898561,0.479622867916636,0.24670468239201,0.5515693554756055,0.465252446598945,0.24190389476381732,0.3,6081,0.995253682487725,0.42476566354218054,0.9972972972972973,0.4238952536824877,1.002053360711476,"[{""method"": ""raw"", ""brier"": 0.2485264163189415, ""selected"": false}, {""method"": ""platt"", ""brier"": 0.24419644327816115, ""selected"": false}, {""method"": ""isotonic"", ""brier"": 0.24269716140774372, ""selected"": true}]"
SHORT,60,position_plus_topology,exit,3,SOLUSDT,isotonic,128007,6025,6110,0.541623645320197,0.453834584619358,0.25113694821687443,0.5349414887794198,0.4461912112161996,0.24804494966979077,0.3,6110,1.0,0.42716857610474634,1.0,0.42716857610474634,1.0,"[{""method"": ""raw"", ""brier"": 0.2485264163189415, ""selected"": false}, {""method"": ""platt"", ""brier"": 0.24419644327816115, ""selected"": false}, {""method"": ""isotonic"", ""brier"": 0.24269716140774372, ""selected"": true}]"
SHORT,60,position_plus_topology,hold,3,ALL,isotonic,128007,18085,18330,0.5911340172273054,0.4988036382540878,0.2447999415523286,0.5810461262929617,0.4791496770128372,0.23934904174909594,0.3,17134,0.9347517730496454,0.43860161083226334,0.9659383033419023,0.42444080741953083,1.0333634352898955,"[{""method"": ""raw"", ""brier"": 0.2493236425574259, ""selected"": false}, {""method"": ""platt"", ""brier"": 0.24650337864461666, ""selected"": false}, {""method"": ""isotonic"", ""brier"": 0.24519686619303815, ""selected"": true}]"
SHORT,60,position_plus_topology,hold,3,BTCUSDT,isotonic,128007,6030,6110,0.6006495263870095,0.46801452793678955,0.24149172139443184,0.5952350694940562,0.4556988132077339,0.23263757239573837,0.47500000000000014,559,0.09148936170212765,0.49731663685152055,0.11511387163561076,0.395253682487725,1.2582213876450479,"[{""method"": ""raw"", ""brier"": 0.2493236425574259, ""selected"": false}, {""method"": ""platt"", ""brier"": 0.24650337864461666, ""selected"": false}, {""method"": ""isotonic"", ""brier"": 0.24519686619303815, ""selected"": true}]"
SHORT,60,position_plus_topology,hold,3,ETHUSDT,isotonic,128007,6030,6110,0.5867128626163108,0.4979754499677065,0.24464105393835464,0.5838146141215106,0.4868241191202176,0.2394437114286449,0.3,5636,0.9224222585924714,0.4423349893541519,0.9551724137931035,0.42716857610474634,1.0355045153079954,"[{""method"": ""raw"", ""brier"": 0.2493236425574259, ""selected"": false}, {""method"": ""platt"", ""brier"": 0.24650337864461666, ""selected"": false}, {""method"": ""isotonic"", ""brier"": 0.24519686619303815, ""selected"": true}]"
SHORT,60,position_plus_topology,hold,3,SOLUSDT,isotonic,128007,6025,6110,0.5801662334571204,0.5267354494558025,0.24826704932419938,0.5566723556411456,0.4921171150250054,0.2459658414229046,0.3,6102,0.9986906710310965,0.450671910848902,0.9981851179673321,0.4509001636661211,0.9994937841331366,"[{""method"": ""raw"", ""brier"": 0.2493236425574259, ""selected"": false}, {""method"": ""platt"", ""brier"": 0.24650337864461666, ""selected"": false}, {""method"": ""isotonic"", ""brier"": 0.24519686619303815, ""selected"": true}]"
SHORT,60,position_plus_topology_compact_matrix,exit,3,ALL,isotonic,128007,18085,18330,0.5492957025863197,0.4500118342819301,0.24814713022311843,0.5488464642768743,0.44407977700833606,0.24121984887870557,0.37500000000000006,15309,0.8351882160392798,0.4311842706904435,0.8772093023255814,0.4105291871249318,1.0503133131901434,"[{""method"": ""raw"", ""brier"": 0.2486602490837838, ""selected"": false}, {""method"": ""platt"", ""brier"": 0.24344916445566378, ""selected"": false}, {""method"": ""isotonic"", ""brier"": 0.24203760026843263, ""selected"": true}]"
SHORT,60,position_plus_topology_compact_matrix,exit,3,BTCUSDT,isotonic,128007,6030,6110,0.575858411102115,0.438645654253935,0.24587776958012275,0.5763581767304442,0.43242559344868364,0.23213875379929158,0.4000000000000001,2755,0.4509001636661211,0.42686025408348455,0.5058064516129033,0.38052373158756136,1.1217703881505767,"[{""method"": ""raw"", ""brier"": 0.2486602490837838, ""selected"": false}, {""method"": ""platt"", ""brier"": 0.24344916445566378, ""selected"": false}, {""method"": ""isotonic"", ""brier"": 0.24203760026843263, ""selected"": true}]"
SHORT,60,position_plus_topology_compact_matrix,exit,3,ETHUSDT,isotonic,128007,6030,6110,0.5401345318532819,0.47020195620202365,0.24793841955306853,0.5400346612846613,0.4633781168053064,0.24285518470567902,0.3,5394,0.8828150572831424,0.4375231738969225,0.9111969111969112,0.4238952536824877,1.0321492635174505,"[{""method"": ""raw"", ""brier"": 0.2486602490837838, ""selected"": false}, {""method"": ""platt"", ""brier"": 0.24344916445566378, ""selected"": false}, {""method"": ""isotonic"", ""brier"": 0.24203760026843263, ""selected"": true}]"
SHORT,60,position_plus_topology_compact_matrix,exit,3,SOLUSDT,isotonic,128007,6025,6110,0.5287985221674877,0.4439377498109464,0.2506252015361642,0.5271804597701149,0.4398977812986164,0.24866560813114613,0.3,6110,1.0,0.42716857610474634,1.0,0.42716857610474634,1.0,"[{""method"": ""raw"", ""brier"": 0.2486602490837838, ""selected"": false}, {""method"": ""platt"", ""brier"": 0.24344916445566378, ""selected"": false}, {""method"": ""isotonic"", ""brier"": 0.24203760026843263, ""selected"": true}]"
SHORT,60,position_plus_topology_compact_matrix,hold,3,ALL,isotonic,128007,18085,18330,0.5819100866238623,0.4791759331225975,0.24349407990315522,0.5795170871964815,0.4705428504696813,0.2398926975799851,0.3,16960,0.9252591380250955,0.44015330188679247,0.9595115681233933,0.42444080741953083,1.0370192832371343,"[{""method"": ""raw"", ""brier"": 0.2485813266370841, ""selected"": false}, {""method"": ""platt"", ""brier"": 0.24513046933592356, ""selected"": false}, {""method"": ""isotonic"", ""brier"": 0.24402139367663178, ""selected"": true}]"
SHORT,60,position_plus_topology_compact_matrix,hold,3,BTCUSDT,isotonic,128007,6030,6110,0.6012004359312708,0.46704273707956934,0.23636839917803873,0.6027145406612372,0.4597373356217493,0.23246519074853492,0.4000000000000001,4043,0.6617021276595745,0.4533762057877814,0.7590062111801242,0.395253682487725,1.1470511873140141,"[{""method"": ""raw"", ""brier"": 0.2485813266370841, ""selected"": false}, {""method"": ""platt"", ""brier"": 0.24513046933592356, ""selected"": false}, {""method"": ""isotonic"", ""brier"": 0.24402139367663178, ""selected"": true}]"
SHORT,60,position_plus_topology_compact_matrix,hold,3,ETHUSDT,isotonic,128007,6030,6110,0.5793293924466338,0.4842242764567932,0.24404326131519494,0.5764313081554461,0.4724563530578403,0.24080759045744943,0.37500000000000006,5546,0.9076923076923077,0.4426613775694194,0.9406130268199234,0.42716857610474634,1.036268588869407,"[{""method"": ""raw"", ""brier"": 0.2485813266370841, ""selected"": false}, {""method"": ""platt"", ""brier"": 0.24513046933592356, ""selected"": false}, {""method"": ""isotonic"", ""brier"": 0.24402139367663178, ""selected"": true}]"
SHORT,60,position_plus_topology_compact_matrix,hold,3,SOLUSDT,isotonic,128007,6025,6110,0.5545776409779266,0.4847186531639818,0.2500705792162319,0.548984883195707,0.47589348313173613,0.24640531153397105,0.3,6075,0.9942716857610474,0.4516872427983539,0.9960072595281306,0.4509001636661211,1.0017455729575109,"[{""method"": ""raw"", ""brier"": 0.2485813266370841, ""selected"": false}, {""method"": ""platt"", ""brier"": 0.24513046933592356, ""selected"": false}, {""method"": ""isotonic"", ""brier"": 0.24402139367663178, ""selected"": true}]"
