symbol,timeframe,open_time,close_time,available_at,open,high,low,close,volume,matrix_source,matrix_vwma,matrix_upper,matrix_lower,matrix_trend,matrix_flip,matrix_long_flip,matrix_short_flip,matrix_distance_to_vwma_pct,matrix_channel_width_pct,flip_type,ret_1h_bps,mfe_long_1h_bps,mae_long_1h_bps,long_stop_hit_1h,long_take_hit_1h,short_stop_hit_1h,short_take_hit_1h,ret_2h_bps,mfe_long_2h_bps,mae_long_2h_bps,long_stop_hit_2h,long_take_hit_2h,short_stop_hit_2h,short_take_hit_2h,ret_4h_bps,mfe_long_4h_bps,mae_long_4h_bps,long_stop_hit_4h,long_take_hit_4h,short_stop_hit_4h,short_take_hit_4h
BTCUSDT,1h,2026-03-31 17:00:00+00:00,2026-03-31 17:59:59.999000+00:00,2026-03-31 17:59:59.999000+00:00,67632.6,68600.0,67357.1,67493.9,31074.877,67770.9,67135.46162594858,67345.48178586697,66976.79124786348,1,1,1,0,0.9465018317619034,0.5504750692505667,SHORT_TO_LONG,47.51540509587038,64.56879806916005,-0.8741530716105395,0.0,1.0,1.0,0.0,45.79673126015926,74.39190800946571,-0.8741530716105395,0.0,1.0,1.0,0.0,109.74325087156123,131.71560689188232,-0.8741530716105395,0.0,1.0,1.0,0.0
BTCUSDT,1h,2026-04-02 02:00:00+00:00,2026-04-02 02:59:59.999000+00:00,2026-04-02 02:59:59.999000+00:00,67316.4,67316.4,66590.0,66821.6,10945.857,67011.1,68249.17357511146,68497.65771834696,67673.95640654064,-1,1,0,1,-1.8140491822203453,1.2171614540430697,LONG_TO_SHORT,-42.381505381494655,16.50663857195811,-54.72781256360415,1.0,0.0,0.0,1.0,-78.02866139092868,16.50663857195811,-97.24400493253738,1.0,0.0,0.0,1.0,-25.246327534811375,16.50663857195811,-97.24400493253738,1.0,0.0,0.0,1.0
BTCUSDT,1h,2026-04-03 11:00:00+00:00,2026-04-03 11:59:59.999000+00:00,2026-04-03 11:59:59.999000+00:00,66845.3,67041.9,66790.6,66983.4,2737.691,66915.3,66819.09076593624,66887.0812269303,66556.30923539528,1,1,1,0,0.1439846501365638,0.4969806699544499,SHORT_TO_LONG,-43.74218089855053,54.72997787511646,-56.35724672082954,1.0,1.0,1.0,1.0,-50.57969586494404,54.72997787511646,-75.37688442210921,1.0,1.0,1.0,1.0,-26.46924461881417,54.72997787511646,-75.37688442210921,1.0,1.0,1.0,1.0
BTCUSDT,1h,2026-04-05 06:00:00+00:00,2026-04-05 06:59:59.999000+00:00,2026-04-05 06:59:59.999000+00:00,66905.2,66918.6,66575.5,66771.6,7701.988,66792.725,67160.18952635716,67217.23499378661,66918.0276471459,-1,1,0,1,-0.547146351058081,0.4471251726342107,LONG_TO_SHORT,2.3662754823883247,17.29777330481852,-12.924656590527217,0.0,0.0,0.0,0.0,18.106500368419987,20.7273751115733,-12.924656590527217,0.0,0.0,0.0,0.0,36.0482600386991,54.09485469870301,-12.924656590527217,0.0,1.0,1.0,0.0
BTCUSDT,1h,2026-04-05 16:00:00+00:00,2026-04-05 16:59:59.999000+00:00,2026-04-05 16:59:59.999000+00:00,67272.2,67381.0,67132.2,67178.8,3833.608,67241.05,67033.50442002241,67217.23499378661,66974.73688523259,1,1,1,0,0.3096146945819056,0.3620739995881861,SHORT_TO_LONG,24.32314956503978,29.399155686020695,-4.287066753202451,0.0,0.0,0.0,0.0,30.11366681155314,37.12480723085277,-4.287066753202451,0.0,0.0,0.0,0.0,68.1613842462192,74.84504039964924,-4.287066753202451,0.0,1.0,1.0,0.0
BTCUSDT,1h,2026-04-07 06:00:00+00:00,2026-04-07 06:59:59.999000+00:00,2026-04-07 06:59:59.999000+00:00,68627.4,68635.9,68400.6,68540.0,3505.289,68550.975,69235.85027983718,69494.42541547939,68773.08018662308,-1,1,0,1,-0.9891916934204548,1.048877303297835,LONG_TO_SHORT,7.601400641961131,20.105048147067706,-10.213014298220413,0.0,0.0,0.0,0.0,53.559964983951325,61.774146483803975,-10.213014298220413,0.0,1.0,1.0,0.0,-50.189670265538,99.06623869273324,-56.63845929384293,1.0,1.0,1.0,1.0
BTCUSDT,1h,2026-04-07 21:00:00+00:00,2026-04-07 21:59:59.999000+00:00,2026-04-07 21:59:59.999000+00:00,69285.3,70200.0,69273.3,69886.7,18637.709,69661.325,68645.13838046145,69341.84096066133,68470.74145915871,1,1,1,0,1.480347543195859,1.2722215108802448,SHORT_TO_LONG,227.96898408423917,230.8307589283798,-0.014308874219937096,0.0,1.0,1.0,0.0,286.6782950117841,408.76160986281997,-0.014308874219937096,0.0,1.0,1.0,0.0,223.1898200945248,408.76160986281997,-0.014308874219937096,0.0,1.0,1.0,0.0
BTCUSDT,1h,2026-04-09 11:00:00+00:00,2026-04-09 11:59:59.999000+00:00,2026-04-09 11:59:59.999000+00:00,71234.7,71317.0,71007.8,71109.9,3694.561,71167.35,71188.21790828262,71651.1371940076,71177.44210170144,-1,1,0,1,-0.029313710745648702,0.6655129466851761,LONG_TO_SHORT,18.998761072650527,26.677016842944212,-18.436251492407465,0.0,0.0,0.0,0.0,-48.47426307729275,29.545815702174405,-73.11218269186016,1.0,0.0,0.0,1.0,140.3602030097084,170.17321076249647,-89.95934462008748,1.0,1.0,1.0,1.0
BTCUSDT,1h,2026-04-09 15:00:00+00:00,2026-04-09 15:59:59.999000+00:00,2026-04-09 15:59:59.999000+00:00,71083.4,72320.0,70887.8,72108.0,26071.831,71599.8,71161.94277101073,71577.5903222035,71039.79058107035,1,1,1,0,0.6152969016012477,0.7570401555722528,SHORT_TO_LONG,-8.320852055250239,37.360625728073416,-58.13501969268331,1.0,0.0,0.0,1.0,27.58362456315444,56.84528762411878,-58.13501969268331,1.0,1.0,1.0,1.0,-7.225273201310056,56.84528762411878,-58.13501969268331,1.0,1.0,1.0,1.0
BTCUSDT,1h,2026-04-12 01:00:00+00:00,2026-04-12 01:59:59.999000+00:00,2026-04-12 01:59:59.999000+00:00,73038.7,73094.4,71259.0,71598.7,25394.345,72247.7,72833.51995779865,73048.62680477386,72683.93674914421,-1,1,0,1,-0.8043274005404277,0.5017478028031208,LONG_TO_SHORT,17.45841754110078,56.04850367394887,-41.43929987555639,0.0,1.0,1.0,0.0,-4.90232364554033,56.04850367394887,-41.43929987555639,0.0,1.0,1.0,0.0,9.273911397833512,56.04850367394887,-41.43929987555639,0.0,1.0,1.0,0.0
BTCUSDT,1h,2026-04-13 14:00:00+00:00,2026-04-13 14:59:59.999000+00:00,2026-04-13 14:59:59.999000+00:00,71623.0,72358.5,71326.3,72347.2,20806.65,71913.75,71190.80406490825,71515.93886818163,70939.8361754765,1,1,1,0,1.0155046632604359,0.8121003991045095,SHORT_TO_LONG,-72.37322246057775,11.583032930093662,-103.26591768582527,1.0,0.0,0.0,1.0,-26.248424265209458,11.583032930093662,-103.26591768582527,1.0,0.0,0.0,1.0,4.533693080037704,27.92091470022351,-103.26591768582527,1.0,0.0,0.0,1.0
BTCUSDT,1h,2026-04-15 10:00:00+00:00,2026-04-15 10:59:59.999000+00:00,2026-04-15 10:59:59.999000+00:00,73968.3,74222.7,73750.0,73825.9,5354.748,73941.725,74388.52472454369,74772.38900952326,74388.52472454369,-1,1,0,1,-0.6006299038704643,0.5160262102266389,LONG_TO_SHORT,44.591396786224365,54.398253187568635,0.0,0.0,1.0,1.0,0.0,54.56079776880563,87.71989234130695,0.0,0.0,1.0,1.0,0.0,38.319885026800726,87.71989234130695,-7.6395953181729315,0.0,1.0,1.0,0.0
BTCUSDT,1h,2026-04-15 20:00:00+00:00,2026-04-15 20:59:59.999000+00:00,2026-04-15 20:59:59.999000+00:00,74957.7,74991.5,74466.5,74796.8,6702.826,74803.125,74169.75789035282,74750.61782461005,74065.19780060841,1,1,1,0,0.8539425335370554,0.9254279261453613,SHORT_TO_LONG,-12.54064344998751,2.5669547360318568,-39.86801574398902,0.0,0.0,0.0,0.0,17.982052708136465,84.06776760503165,-39.86801574398902,0.0,1.0,1.0,0.0,-3.315649867374759,84.06776760503165,-53.05039787798393,1.0,1.0,1.0,1.0
BTCUSDT,1h,2026-04-16 14:00:00+00:00,2026-04-16 14:59:59.999000+00:00,2026-04-16 14:59:59.999000+00:00,73756.0,74155.7,73388.0,73937.0,16481.072,73809.175,74519.32035647747,74687.10435987971,74140.8177384328,-1,1,0,1,-0.9529681069021523,0.7368230323196556,LONG_TO_SHORT,97.71832776553025,127.54101464760525,-5.00426038384072,0.0,1.0,1.0,0.0,27.536957139187024,130.46242070952286,-5.00426038384072,0.0,1.0,1.0,0.0,143.7710483249255,153.64431881196072,-8.58839282091517,0.0,1.0,1.0,0.0
BTCUSDT,1h,2026-04-16 19:00:00+00:00,2026-04-16 19:59:59.999000+00:00,2026-04-16 19:59:59.999000+00:00,75000.1,75378.1,74711.0,75309.4,8837.111,75099.65,74459.67677386527,74687.10435987971,74249.82456353681,1,1,1,0,0.8594896645580885,0.5889304101570181,SHORT_TO_LONG,-16.00065861632194,25.308925579012875,-45.78445718595447,0.0,0.0,0.0,0.0,-54.07027542378429,25.308925579012875,-76.0728408405853,1.0,0.0,0.0,1.0,-26.902352163208356,25.308925579012875,-76.0728408405853,1.0,0.0,0.0,1.0
BTCUSDT,1h,2026-04-18 11:00:00+00:00,2026-04-18 11:59:59.999000+00:00,2026-04-18 11:59:59.999000+00:00,76150.0,76150.0,75710.6,76002.0,10561.507,76003.15,77056.4267839094,77361.36153362405,76344.67025185157,-1,1,0,1,-1.366890248964081,1.3317121921131436,LONG_TO_SHORT,21.841530486039762,36.23588852924797,-0.2631509697115231,0.0,0.0,0.0,0.0,10.328675561168676,36.23588852924797,-34.7359280018944,0.0,0.0,0.0,0.0,16.157469540276637,44.82776769032304,-34.7359280018944,0.0,0.0,0.0,0.0
BTCUSDT,1h,2026-04-20 16:00:00+00:00,2026-04-20 16:59:59.999000+00:00,2026-04-20 16:59:59.999000+00:00,75668.1,75676.3,75250.0,75300.0,5228.528,75473.6,74746.55778429887,75310.62175498194,74604.60166350339,1,1,1,0,0.9726765181604868,0.9463492542497454,SHORT_TO_LONG,73.53253652058412,89.69455511288027,-7.636122177955285,0.0,1.0,1.0,0.0,144.594953519257,151.26162018592294,-7.636122177955285,0.0,1.0,1.0,0.0,123.49269588313393,163.47941567065095,-7.636122177955285,0.0,1.0,1.0,0.0
BTCUSDT,1h,2026-04-21 19:00:00+00:00,2026-04-21 19:59:59.999000+00:00,2026-04-21 19:59:59.999000+00:00,75563.1,75900.0,74777.9,74988.6,13354.564,75307.4,75893.41360421367,76129.40966488191,75443.99737328087,-1,1,0,1,-0.772153440441814,0.9085047392302981,LONG_TO_SHORT,88.12006091592383,111.51028289633214,-6.187607182959187,0.0,1.0,1.0,0.0,69.05049567534016,111.51028289633214,-6.187607182959187,0.0,1.0,1.0,0.0,173.30634256406796,187.70853169681746,-6.187607182959187,0.0,1.0,1.0,0.0
BTCUSDT,1h,2026-04-22 00:00:00+00:00,2026-04-22 00:59:59.999000+00:00,2026-04-22 00:59:59.999000+00:00,76288.3,76471.2,76170.0,76327.1,5396.425,76314.15,75876.20755080758,76129.40966488191,75663.65166445826,1,1,1,0,0.5771802035561269,0.6155637352650123,SHORT_TO_LONG,-7.83470091225813,6.930696960842919,-32.557243757459496,0.0,0.0,0.0,0.0,162.58969618916376,168.47227262662744,-32.557243757459496,0.0,1.0,1.0,0.0,150.4577011310526,179.73956825295235,-32.557243757459496,0.0,1.0,1.0,0.0
BTCUSDT,1h,2026-04-23 10:00:00+00:00,2026-04-23 10:59:59.999000+00:00,2026-04-23 10:59:59.999000+00:00,77613.0,77678.3,76504.6,77362.9,17017.695,77289.7,78256.10511127856,78557.87746539217,77641.17199438837,-1,1,0,1,-1.2349261567571768,1.1806950454973375,LONG_TO_SHORT,37.09788542053172,44.7501321692978,-5.338476194660657,0.0,0.0,0.0,0.0,59.96414301945974,61.36016100740882,-5.338476194660657,0.0,1.0,1.0,0.0,99.51798601138373,105.1020579631845,-5.338476194660657,0.0,1.0,1.0,0.0
BTCUSDT,1h,2026-04-24 11:00:00+00:00,2026-04-24 11:59:59.999000+00:00,2026-04-24 11:59:59.999000+00:00,77715.2,78346.1,77715.1,78194.8,12224.384,77992.8,77855.09288947386,77890.23479238078,77770.6906358329,1,1,1,0,0.17687617523189925,0.15371363629475,SHORT_TO_LONG,4.8852353353412425,14.630128857673341,-29.567183495576856,0.0,0.0,0.0,0.0,-18.505066833087724,30.44959511373957,-41.53728892458353,0.0,0.0,0.0,0.0,-23.978576580540036,30.44959511373957,-86.16941279982804,1.0,0.0,0.0,1.0
BTCUSDT,1h,2026-04-24 17:00:00+00:00,2026-04-24 17:59:59.999000+00:00,2026-04-24 17:59:59.999000+00:00,77732.6,77792.9,77414.4,77644.6,7098.563,77646.125,77918.95265280985,77935.87408039252,77770.6906358329,-1,1,0,1,-0.3501428645037219,0.21239806822996865,LONG_TO_SHORT,-8.422994000871764,4.765302416394057,-43.35137279347201,0.0,0.0,0.0,0.0,-6.24640992419323,8.551785958070823,-43.35137279347201,0.0,0.0,0.0,0.0,-19.898357387377885,10.612457273266873,-43.35137279347201,0.0,0.0,0.0,0.0
BTCUSDT,1h,2026-04-26 05:00:00+00:00,2026-04-26 05:59:59.999000+00:00,2026-04-26 05:59:59.999000+00:00,77727.1,78164.7,77670.9,77949.4,7947.3679999999995,77878.025,77537.9354296327,77640.84334913922,77475.3684323883,1,1,1,0,0.4386105568621179,0.2135839042770371,SHORT_TO_LONG,1.7703792460244117,8.056508452920497,-12.597916084022831,0.0,0.0,0.0,0.0,14.381124165163683,17.39590041745176,-12.597916084022831,0.0,0.0,0.0,0.0,2.873659066011669,29.942501161011048,-12.597916084022831,0.0,0.0,0.0,0.0
BTCUSDT,1h,2026-04-27 07:00:00+00:00,2026-04-27 07:59:59.999000+00:00,2026-04-27 07:59:59.999000+00:00,77657.9,77698.2,77512.3,77556.7,3917.886,77606.275,78363.83328752156,78492.8926896421,77680.12349239526,-1,1,0,1,-0.9667192832974791,1.046302658525522,LONG_TO_SHORT,26.66436297573238,28.185830495626174,-7.310780371005965,0.0,0.0,0.0,0.0,38.604014869123574,50.69839227300754,-7.310780371005965,0.0,1.0,1.0,0.0,31.92503033264682,50.69839227300754,-7.310780371005965,0.0,1.0,1.0,0.0
BTCUSDT,1h,2026-04-29 04:00:00+00:00,2026-04-29 04:59:59.999000+00:00,2026-04-29 04:59:59.999000+00:00,76955.7,77432.1,76839.8,77224.2,10431.888,77112.95,76371.80707053083,77029.54785526838,76281.22071103702,1,1,1,0,0.9704404778384967,0.9810109713190185,SHORT_TO_LONG,3.9495391341048958,9.673133551399982,-9.608387008217534,0.0,0.0,0.0,0.0,-31.81645131966393,9.673133551399982,-43.53557563561594,0.0,0.0,0.0,0.0,-29.226589592381558,9.673133551399982,-43.53557563561594,0.0,0.0,0.0,0.0
BTCUSDT,1h,2026-04-29 15:00:00+00:00,2026-04-29 15:59:59.999000+00:00,2026-04-29 15:59:59.999000+00:00,76540.2,76607.5,75675.2,75889.1,15958.521,76178.0,76886.25351757689,76977.06583473552,76281.22071103702,-1,1,0,1,-0.9211705411227733,0.9122102625159112,LONG_TO_SHORT,-15.074628635733944,29.819829198129977,-31.11118724560047,0.0,0.0,0.0,0.0,33.00869294800002,33.82567456986507,-31.11118724560047,0.0,0.0,0.0,0.0,-48.834417590932766,43.60309978639787,-134.5516022722637,1.0,0.0,0.0,1.0
BTCUSDT,1h,2026-04-30 20:00:00+00:00,2026-04-30 20:59:59.999000+00:00,2026-04-30 20:59:59.999000+00:00,76366.7,76536.2,76273.3,76451.1,3025.849,76406.82500000001,76098.39899351342,76369.61921663469,75809.26003888503,1,1,1,0,0.40529894263989785,0.7391698289394233,SHORT_TO_LONG,-32.47827696396865,5.794553642783917,-34.67576006100703,0.0,0.0,0.0,0.0,-33.11920953393943,5.794553642783917,-38.71755932877363,0.0,0.0,0.0,0.0,-4.708892350796523,13.891232434850576,-38.71755932877363,0.0,0.0,0.0,0.0
BTCUSDT,1h,2026-05-03 02:00:00+00:00,2026-05-03 02:59:59.999000+00:00,2026-05-03 02:59:59.999000+00:00,78200.0,78272.0,78069.0,78131.3,3527.589,78168.075,78424.10393111357,78436.24729059756,78197.02615036829,-1,1,0,1,-0.3264671424724974,0.30592102028186297,LONG_TO_SHORT,3.980479014171756,6.873045757589402,-7.193019954870872,0.0,0.0,0.0,0.0,0.12798967891303192,9.12566410644633,-7.193019954870872,0.0,0.0,0.0,0.0,15.064385207976816,23.985265828163627,-13.349323510551958,0.0,0.0,0.0,0.0
BTCUSDT,1h,2026-05-03 11:00:00+00:00,2026-05-03 11:59:59.999000+00:00,2026-05-03 11:59:59.999000+00:00,78369.3,78814.7,78340.0,78620.5,4413.802,78536.125,78444.76339305118,78444.76339305118,78231.47978506825,1,1,1,0,0.11646616421168154,0.27263143758611275,SHORT_TO_LONG,12.0706431528661,29.19085989023129,0.012719328927879303,0.0,0.0,0.0,0.0,1.7552673920917528,29.19085989023129,-12.414065033929944,0.0,0.0,0.0,0.0,0.5978084596258704,29.19085989023129,-12.414065033929944,0.0,0.0,0.0,0.0
BTCUSDT,1h,2026-05-07 00:00:00+00:00,2026-05-07 00:59:59.999000+00:00,2026-05-07 00:59:59.999000+00:00,81390.0,81450.5,80925.6,80966.9,4684.83,81183.25,81765.76429551841,81782.00753458035,81245.23897411936,-1,1,0,1,-0.7124183336843615,0.6606769421060754,LONG_TO_SHORT,19.05717027575582,34.45852564442964,-24.67675062278407,0.0,0.0,0.0,0.0,13.57344791513615,34.45852564442964,-24.67675062278407,0.0,0.0,0.0,0.0,-3.3346960301061657,34.45852564442964,-35.95296349495847,0.0,0.0,0.0,0.0
BTCUSDT,1h,2026-05-09 01:00:00+00:00,2026-05-09 01:59:59.999000+00:00,2026-05-09 01:59:59.999000+00:00,80193.3,80405.0,80177.4,80280.0,2050.67,80263.92499999999,79942.58555124488,80045.64756817577,79797.50708422046,1,1,1,0,0.4019627918453228,0.3109627017463312,SHORT_TO_LONG,12.356751370203867,20.951669157946995,0.0,0.0,0.0,0.0,0.0,7.5485799701047185,32.63577478824109,-2.3418036870959114,0.0,0.0,0.0,0.0,6.402590931737784,45.06726457399246,-2.3418036870959114,0.0,0.0,0.0,0.0
BTCUSDT,1h,2026-05-11 08:00:00+00:00,2026-05-11 08:59:59.999000+00:00,2026-05-11 08:59:59.999000+00:00,80708.8,80829.9,80580.0,80723.7,2639.153,80710.6,81256.3880912487,81320.64657364204,80764.15124207387,-1,1,0,1,-0.6716863794582917,0.6890375531839465,LONG_TO_SHORT,24.726319531935825,29.941640435211525,-0.8795434302433236,0.0,0.0,0.0,0.0,21.939034013556125,54.34587364057775,-0.8795434302433236,0.0,1.0,1.0,0.0,35.90023747672699,73.86926020487294,-0.8795434302433236,0.0,1.0,1.0,0.0
BTCUSDT,1h,2026-05-11 16:00:00+00:00,2026-05-11 16:59:59.999000+00:00,2026-05-11 16:59:59.999000+00:00,81403.4,81880.0,81297.5,81526.8,10551.693,81526.925,81245.34489569913,81320.64657364204,81009.07625920275,1,1,1,0,0.3465799851823492,0.38461161245977316,SHORT_TO_LONG,45.04040389172515,62.18813936030854,-25.08377613251067,0.0,1.0,1.0,0.0,35.86550680267031,70.17324364503308,-25.08377613251067,0.0,1.0,1.0,0.0,30.873283386567696,70.17324364503308,-25.08377613251067,0.0,1.0,1.0,0.0
BTCUSDT,1h,2026-05-12 02:00:00+00:00,2026-05-12 02:59:59.999000+00:00,2026-05-12 02:59:59.999000+00:00,81148.4,81298.9,81030.1,81223.5,3004.215,81175.225,81310.30911931967,81310.30911931967,81192.57659913083,-1,1,0,1,-0.16613406194464497,0.14500404485267016,LONG_TO_SHORT,-24.032453661809726,3.902811378480031,-28.883266542318875,0.0,0.0,0.0,0.0,-3.5211484361064027,5.749567551263102,-31.899634957863743,0.0,0.0,0.0,0.0,-28.76014946413319,5.749567551263102,-31.899634957863743,0.0,0.0,0.0,0.0
BTCUSDT,1h,2026-05-13 09:00:00+00:00,2026-05-13 09:59:59.999000+00:00,2026-05-13 09:59:59.999000+00:00,81160.9,81270.2,81094.0,81255.5,4233.662,81195.15,80618.76270946792,81042.91105368208,80574.0772907773,1,1,1,0,0.7149542751099247,0.5818667475555817,SHORT_TO_LONG,-60.217462202558636,1.3660613743082806,-60.51282682402959,1.0,0.0,0.0,1.0,-97.888758299437,1.3660613743082806,-99.87016263514504,1.0,0.0,0.0,1.0,-201.53712671757694,1.3660613743082806,-211.12417005618056,1.0,0.0,0.0,1.0
BTCUSDT,1h,2026-05-13 12:00:00+00:00,2026-05-13 12:59:59.999000+00:00,2026-05-13 12:59:59.999000+00:00,80460.0,80558.0,79801.1,80160.1,15655.334,80244.8,80680.06470152689,80762.00711939852,80574.0772907773,-1,1,0,1,-0.5394947353316248,0.23323857367054668,LONG_TO_SHORT,-67.63963617809954,19.523428738237314,-77.35768792703657,1.0,0.0,0.0,1.0,-53.991948612839295,19.523428738237314,-90.86815011458471,1.0,0.0,0.0,1.0,-136.05272448512505,19.523428738237314,-180.42642162372613,1.0,0.0,0.0,1.0
BTCUSDT,1h,2026-05-14 14:00:00+00:00,2026-05-14 14:59:59.999000+00:00,2026-05-14 14:59:59.999000+00:00,79660.9,81000.0,79514.5,80929.5,23977.504,80276.225,79695.78527366863,80013.6688127154,79379.71054718435,1,1,1,0,0.7283192258388471,0.7986401829397138,SHORT_TO_LONG,39.046330448107014,42.098369568575045,-22.98296665616317,0.0,0.0,0.0,0.0,112.41883367622441,117.18841707906158,-22.98296665616317,0.0,1.0,1.0,0.0,74.18802785140066,132.15205827294074,-22.98296665616317,0.0,1.0,1.0,0.0
BTCUSDT,1h,2026-05-15 13:00:00+00:00,2026-05-15 13:59:59.999000+00:00,2026-05-15 13:59:59.999000+00:00,80349.8,80349.8,78638.8,78727.8,37417.044,79516.55,80524.11729806857,81166.60036969035,80433.13487938573,-1,1,0,1,-1.2512615249651748,0.9118946953944995,LONG_TO_SHORT,49.89343027494763,75.89441086884196,-14.96294828510436,0.0,1.0,1.0,0.0,49.563178445224395,77.49486204364774,-14.96294828510436,0.0,1.0,1.0,0.0,89.4601398743533,95.01091101237424,-14.96294828510436,0.0,1.0,1.0,0.0
BTCUSDT,1h,2026-05-17 19:00:00+00:00,2026-05-17 19:59:59.999000+00:00,2026-05-17 19:59:59.999000+00:00,78226.2,78432.0,78172.2,78369.0,2074.009,78299.85,78091.09655212265,78234.61345782554,78013.44580272849,1,1,1,0,0.26732042075761075,0.28349940554648345,SHORT_TO_LONG,-17.736605035154618,3.1772767293181126,-20.428996159196355,0.0,0.0,0.0,0.0,-0.45936531026358196,10.718523906136923,-22.764103153031236,0.0,0.0,0.0,0.0,-119.76674450356772,10.718523906136923,-217.3053120494073,1.0,0.0,0.0,1.0
BTCUSDT,1h,2026-05-17 23:00:00+00:00,2026-05-17 23:59:59.999000+00:00,2026-05-17 23:59:59.999000+00:00,77961.7,77970.0,76666.0,77430.4,24982.54,77507.025,77940.41750896283,78159.25849284754,77940.41750896283,-1,1,0,1,-0.5560561808807263,0.2807798455269461,LONG_TO_SHORT,-32.89405711451754,2.8800057858413552,-71.72893333884267,1.0,0.0,0.0,1.0,-44.6723767409174,2.8800057858413552,-94.32987560441308,1.0,0.0,0.0,1.0,-68.50022730090389,2.8800057858413552,-98.35930073975985,1.0,0.0,0.0,1.0
BTCUSDT,1h,2026-05-19 17:00:00+00:00,2026-05-19 17:59:59.999000+00:00,2026-05-19 17:59:59.999000+00:00,76858.4,76992.6,76720.5,76821.2,4679.182,76848.175,76798.83849268171,76828.10406027976,76677.06818013101,1,1,1,0,0.0642412154748806,0.196976597740961,SHORT_TO_LONG,-7.419826818638731,12.353360791033108,-15.152067398060964,0.0,0.0,0.0,0.0,-5.3631028934719716,28.781117712299853,-15.152067398060964,0.0,0.0,0.0,0.0,15.776894919630191,28.781117712299853,-15.152067398060964,0.0,0.0,0.0,0.0
BTCUSDT,1h,2026-05-21 13:00:00+00:00,2026-05-21 13:59:59.999000+00:00,2026-05-21 13:59:59.999000+00:00,77244.1,77322.0,76696.7,77090.1,10674.628999999999,77088.225,77561.43225315852,77627.51938585943,77216.04016647852,-1,1,0,1,-0.6101063884611846,0.5328934486847015,LONG_TO_SHORT,-18.95184984842535,16.850412698905526,-44.88254652672663,0.0,0.0,0.0,0.0,17.408201571926796,37.4886010006481,-44.88254652672663,0.0,0.0,0.0,0.0,96.12129183903085,126.306750153391,-44.88254652672663,0.0,1.0,1.0,0.0
BTCUSDT,1h,2026-05-21 20:00:00+00:00,2026-05-21 20:59:59.999000+00:00,2026-05-21 20:59:59.999000+00:00,77657.1,77772.2,77602.7,77671.4,1433.181,77675.85,77492.53094437961,77627.51938585943,77447.50352351615,1,1,1,0,0.23656351571736955,0.23243597811855032,SHORT_TO_LONG,-4.531912647383063,13.621487445829583,-8.638958484074033,0.0,0.0,0.0,0.0,-10.53154700442982,13.621487445829583,-20.36785740954783,0.0,0.0,0.0,0.0,-42.061814258529395,13.621487445829583,-43.52953596819309,0.0,0.0,0.0,0.0
BTCUSDT,1h,2026-05-22 07:00:00+00:00,2026-05-22 07:59:59.999000+00:00,2026-05-22 07:59:59.999000+00:00,77386.0,77514.5,77237.1,77366.9,3924.108,77376.125,77390.90920968995,77619.8158459402,77381.34743979976,-1,1,0,1,-0.019103289832012038,0.3081729822887347,LONG_TO_SHORT,-16.712573464877643,17.940488761989393,-25.450160210631623,0.0,0.0,0.0,0.0,-12.55058687888333,17.940488761989393,-26.639299235201584,0.0,0.0,0.0,0.0,3.6061933462505635,17.940488761989393,-29.547519675725553,0.0,0.0,0.0,0.0
BTCUSDT,1h,2026-05-23 20:00:00+00:00,2026-05-23 20:59:59.999000+00:00,2026-05-23 20:59:59.999000+00:00,75949.5,77284.2,75913.9,77246.9,20428.29,76598.625,75351.45145387277,76516.41292712082,75127.68287088949,1,1,1,0,1.6551420338474898,1.8484931295138285,SHORT_TO_LONG,-60.70146504260965,23.31485146976897,-95.95207056852684,1.0,0.0,0.0,1.0,-89.82884750067588,23.31485146976897,-114.4382493019136,1.0,0.0,0.0,1.0,-56.23526639903953,23.31485146976897,-114.4382493019136,1.0,0.0,0.0,1.0
BTCUSDT,1h,2026-05-26 01:00:00+00:00,2026-05-26 01:59:59.999000+00:00,2026-05-26 01:59:59.999000+00:00,76750.1,76879.2,76550.0,76717.8,4014.825,76724.275,77348.26335357659,77428.68496946307,76822.48898749892,-1,1,0,1,-0.8067257447322396,0.7890866202770352,LONG_TO_SHORT,-11.353297409467666,9.411114500155193,-31.961291903573887,0.0,0.0,0.0,0.0,-11.574888748113743,9.411114500155193,-36.99271876930865,0.0,0.0,0.0,0.0,22.09395994150043,30.266769902160817,-36.99271876930865,0.0,0.0,0.0,0.0
BTCUSDT,1h,2026-05-29 10:00:00+00:00,2026-05-29 10:59:59.999000+00:00,2026-05-29 10:59:59.999000+00:00,73707.8,73709.3,73556.1,73601.9,2012.414,73643.775,73467.57360698498,73580.7676481751,73220.7758046886,1,1,1,0,0.23983559598361737,0.49165259385772764,SHORT_TO_LONG,-20.964132719398787,8.206309891458652,-40.32504595669284,0.0,0.0,0.0,0.0,-46.45260516372485,8.206309891458652,-59.22401459744875,1.0,0.0,0.0,1.0,-72.83779358956633,8.206309891458652,-158.40623679551635,1.0,0.0,0.0,1.0
BTCUSDT,1h,2026-05-29 13:00:00+00:00,2026-05-29 13:59:59.999000+00:00,2026-05-29 13:59:59.999000+00:00,73260.1,73320.0,72866.0,73114.6,10431.33,73140.175,73494.5808808353,73544.47637828844,73220.7758046886,-1,1,0,1,-0.48222042576164803,0.44208842373274493,LONG_TO_SHORT,-6.674453529117441,12.610340479193294,-92.81320009957072,1.0,0.0,0.0,1.0,90.37866582050525,145.30613584701203,-92.81320009957072,1.0,1.0,1.0,1.0,114.84710304097811,161.18531729640839,-92.81320009957072,1.0,1.0,1.0,1.0
BTCUSDT,1h,2026-05-29 16:00:00+00:00,2026-05-29 16:59:59.999000+00:00,2026-05-29 16:59:59.999000+00:00,73775.4,74124.0,73528.5,74022.0,10671.356,73862.475,73444.9112057262,73544.47637828844,73220.7758046886,1,1,1,0,0.5685401308528792,0.44208842373274493,SHORT_TO_LONG,-9.145929588499913,36.62424684553356,-19.710356380534535,0.0,0.0,0.0,0.0,-91.72948582853779,36.62424684553356,-130.25857177595856,1.0,0.0,0.0,1.0,-50.94431385263887,36.62424684553356,-130.25857177595856,1.0,0.0,0.0,1.0
BTCUSDT,1h,2026-05-31 15:00:00+00:00,2026-05-31 15:59:59.999000+00:00,2026-05-31 15:59:59.999000+00:00,73570.2,73745.6,73550.2,73613.5,1798.301,73619.875,73878.67255984475,73967.02678108701,73700.75407770617,-1,1,0,1,-0.3503007713560602,0.3612889809785358,LONG_TO_SHORT,-15.431952019671069,11.383781507467994,-37.05841999089854,0.0,0.0,0.0,0.0,9.210267138499706,12.293940649472646,-37.05841999089854,0.0,0.0,0.0,0.0,-12.443369762340506,12.293940649472646,-37.05841999089854,0.0,0.0,0.0,0.0
BTCUSDT,1h,2026-06-07 01:00:00+00:00,2026-06-07 01:59:59.999000+00:00,2026-06-07 01:59:59.999000+00:00,60748.2,61641.4,60720.9,61452.5,13447.678,61140.75,60836.2202062015,60886.1089965752,60666.827788642535,1,1,1,0,0.5005731663905388,0.36145158058473736,SHORT_TO_LONG,2.717546072168453,14.25491233066234,-49.22501118750255,0.0,0.0,0.0,0.0,35.57218990277056,50.67328424392947,-49.22501118750255,0.0,1.0,1.0,0.0,41.77210040275048,110.57320694845663,-49.22501118750255,0.0,1.0,1.0,0.0
BTCUSDT,1h,2026-06-09 09:00:00+00:00,2026-06-09 09:59:59.999000+00:00,2026-06-09 09:59:59.999000+00:00,62817.0,62923.7,62555.5,62682.5,5482.787,62744.675,63256.981652642586,63420.13259118099,62984.202906436425,-1,1,0,1,-0.8098815960833616,0.6921254292796997,LONG_TO_SHORT,10.768555817013414,19.17600606229808,-19.39935388665104,0.0,0.0,0.0,0.0,-0.4945558967817121,19.17600606229808,-35.895186056714714,0.0,0.0,0.0,0.0,-69.89191560642927,29.625493558806948,-88.94029434052597,1.0,0.0,0.0,1.0
BTCUSDT,1h,2026-06-10 15:00:00+00:00,2026-06-10 15:59:59.999000+00:00,2026-06-10 15:59:59.999000+00:00,62170.9,62840.2,61814.0,62604.8,18864.285,62357.475000000006,61661.3069956608,62117.05090117335,61455.285842381476,1,1,1,0,1.129019215223881,1.0768236608469373,SHORT_TO_LONG,-65.53810570435581,1.9647055816807146,-113.98487016969993,1.0,0.0,0.0,1.0,-105.47114598241758,1.9647055816807146,-157.94316090779083,1.0,0.0,0.0,1.0,-111.18955735023638,1.9647055816807146,-168.1660192189738,1.0,0.0,0.0,1.0
BTCUSDT,1h,2026-06-10 22:00:00+00:00,2026-06-10 22:59:59.999000+00:00,2026-06-10 22:59:59.999000+00:00,61327.4,61547.9,61068.6,61353.2,7637.894,61324.274999999994,61694.68771310602,61843.7839776174,61455.285842381476,-1,1,0,1,-0.6003964471439138,0.632163905692873,LONG_TO_SHORT,21.270284190555433,37.30856744228461,-35.434174582580354,0.0,0.0,0.0,0.0,71.94408767594807,98.21818584849763,-35.434174582580354,0.0,1.0,1.0,0.0,123.9218166289624,162.46911326548653,-35.434174582580354,0.0,1.0,1.0,0.0
BTCUSDT,1h,2026-06-11 01:00:00+00:00,2026-06-11 01:59:59.999000+00:00,2026-06-11 01:59:59.999000+00:00,61794.6,62350.0,61793.5,62180.3,6360.787,62029.600000000006,61721.61477211469,61721.61477211469,61455.285842381476,1,1,1,0,0.4989908786774855,0.43337025624823333,SHORT_TO_LONG,-10.742952349860335,15.760618716860186,-43.22912562338965,0.0,0.0,0.0,0.0,76.74456379271221,119.28215206423954,-43.22912562338965,0.0,1.0,1.0,0.0,64.55420768314069,119.28215206423954,-43.22912562338965,0.0,1.0,1.0,0.0
BTCUSDT,1h,2026-06-14 17:00:00+00:00,2026-06-14 17:59:59.999000+00:00,2026-06-14 17:59:59.999000+00:00,63913.8,64000.0,63650.0,63706.1,5470.458,63817.475,64274.238090404775,64384.26484596139,64025.16125691428,-1,1,0,1,-0.7106472265953845,0.560878851372415,LONG_TO_SHORT,12.212331315211156,13.468098031428344,-8.664790341897932,0.0,0.0,0.0,0.0,11.176323774333419,19.58996077298769,-8.664790341897932,0.0,0.0,0.0,0.0,247.74707602568614,305.4495566358639,-8.664790341897932,0.0,1.0,1.0,0.0
BTCUSDT,1h,2026-06-14 21:00:00+00:00,2026-06-14 21:59:59.999000+00:00,2026-06-14 21:59:59.999000+00:00,63978.2,65652.0,63973.4,65284.4,27695.963,64722.0,64353.116447938184,64384.26484596139,64135.227052778624,1,1,1,0,0.5732178524100684,0.38830110163612375,SHORT_TO_LONG,16.0528395757642,41.449412110703406,-56.09303294508372,1.0,0.0,0.0,1.0,63.981594377831016,75.14812114379544,-56.09303294508372,1.0,1.0,1.0,1.0,30.359473319812036,91.23159590958885,-56.09303294508372,1.0,1.0,1.0,1.0
BTCUSDT,1h,2026-06-16 14:00:00+00:00,2026-06-16 14:59:59.999000+00:00,2026-06-16 14:59:59.999000+00:00,66012.8,66239.3,65328.8,65630.2,15588.828,65802.77500000001,66234.4301109431,66491.3176164438,66232.00808116325,-1,1,0,1,-0.6517080470384684,0.3915169459497436,LONG_TO_SHORT,32.241254788192286,53.527187179074346,-7.648917723852566,0.0,1.0,1.0,0.0,15.328309223499037,53.527187179074346,-7.648917723852566,0.0,1.0,1.0,0.0,29.28529853634343,93.84399255220943,-7.648917723852566,0.0,1.0,1.0,0.0
BTCUSDT,1h,2026-06-19 23:00:00+00:00,2026-06-19 23:59:59.999000+00:00,2026-06-19 23:59:59.999000+00:00,63287.8,63645.0,63250.0,63512.6,5223.884,63423.85,62891.697695534975,63164.493248168845,62685.87554799284,1,1,1,0,0.8461407848158631,0.7635176122084752,SHORT_TO_LONG,-2.4876953549368697,38.512043279601556,-12.218048072351051,0.0,0.0,0.0,0.0,6.0302994996264125,38.512043279601556,-22.688411433321455,0.0,0.0,0.0,0.0,-11.352078170315805,38.512043279601556,-36.07158264659294,0.0,0.0,0.0,0.0
BTCUSDT,1h,2026-06-21 21:00:00+00:00,2026-06-21 21:59:59.999000+00:00,2026-06-21 21:59:59.999000+00:00,63824.8,63950.0,63475.3,63778.2,7220.217,63757.075,64126.34032511824,64196.55805947545,63820.982702880465,-1,1,0,1,-0.5758403227848041,0.5884825659038917,LONG_TO_SHORT,-0.45470082253751265,9.689831321675335,-36.87780464171064,0.0,0.0,0.0,0.0,-77.0012323960223,9.689831321675335,-87.52206866923129,1.0,0.0,0.0,1.0,124.85457413348166,158.3299622755119,-87.52206866923129,1.0,1.0,1.0,1.0
BTCUSDT,1h,2026-06-22 01:00:00+00:00,2026-06-22 01:59:59.999000+00:00,2026-06-22 01:59:59.999000+00:00,63867.3,64788.0,63818.0,64574.5,16112.153,64261.95,64005.69847523488,64196.55805947545,63943.381802244956,1,1,1,0,0.40035736015640033,0.39593817232481676,SHORT_TO_LONG,-53.89124189889238,10.71630442357252,-55.8579625084199,1.0,0.0,0.0,1.0,-99.01741399468867,10.71630442357252,-111.09648545478467,1.0,0.0,0.0,1.0,-54.975261132490516,10.71630442357252,-114.76666485996768,1.0,0.0,0.0,1.0
BTCUSDT,1h,2026-06-22 23:00:00+00:00,2026-06-22 23:59:59.999000+00:00,2026-06-22 23:59:59.999000+00:00,63948.5,64030.7,63843.8,63990.2,3364.757,63953.3,64639.295691030435,64645.10682344361,64006.87545991273,-1,1,0,1,-1.0612672735628603,0.9971293848433538,LONG_TO_SHORT,20.190591684352555,21.847095336473554,-29.223224806298465,0.0,0.0,0.0,0.0,21.096980475134863,39.474794577920576,-29.223224806298465,0.0,0.0,0.0,0.0,7.3605020768807705,40.16239986748049,-29.223224806298465,0.0,0.0,0.0,0.0
BTCUSDT,1h,2026-06-26 16:00:00+00:00,2026-06-26 16:59:59.999000+00:00,2026-06-26 16:59:59.999000+00:00,60296.9,60580.0,59933.1,60017.8,13029.495,60206.95,59664.732297268965,59973.76524736388,59473.17926025377,1,1,1,0,0.9087742152759981,0.8417003989639626,SHORT_TO_LONG,-2.9657868165777757,43.103879182508905,-16.061901635848752,0.0,0.0,0.0,0.0,-61.46509868738992,43.103879182508905,-81.15925608736197,1.0,0.0,0.0,1.0,-53.83402923799352,43.103879182508905,-81.15925608736197,1.0,0.0,0.0,1.0
BTCUSDT,1h,2026-06-28 05:00:00+00:00,2026-06-28 05:59:59.999000+00:00,2026-06-28 05:59:59.999000+00:00,60108.0,60112.3,59714.8,59956.6,5438.2,59972.925,60359.83573279804,60424.574718741795,60062.281443361106,-1,1,0,1,-0.641006934662347,0.6031959936825482,LONG_TO_SHORT,2.234949947128584,10.574315421487679,-30.638828752796996,0.0,0.0,0.0,0.0,39.34512630803022,48.45171340603027,-30.638828752796996,0.0,0.0,0.0,0.0,45.59965041379898,97.85411447613912,-30.638828752796996,0.0,1.0,1.0,0.0
BTCUSDT,1h,2026-06-29 17:00:00+00:00,2026-06-29 17:59:59.999000+00:00,2026-06-29 17:59:59.999000+00:00,59870.9,60666.6,59870.9,60396.0,17431.193,60201.1,59759.358686832195,59794.989366350135,59645.248582449254,1,1,1,0,0.7392002238222561,0.25105232597679716,SHORT_TO_LONG,-19.96820981521985,17.236240810649672,-40.69805947413796,0.0,0.0,0.0,0.0,2.2021325915622114,23.842638585336307,-44.47314391681556,0.0,0.0,0.0,0.0,9.752301476919634,28.0813298893956,-44.47314391681556,0.0,0.0,0.0,0.0
BTCUSDT,1h,2026-06-30 04:00:00+00:00,2026-06-30 04:59:59.999000+00:00,2026-06-30 04:59:59.999000+00:00,59596.1,59672.1,59400.0,59458.3,8066.536,59531.625,59900.32730834701,59930.12044850086,59654.72042985563,-1,1,0,1,-0.6155263667409594,0.4616567082382783,LONG_TO_SHORT,28.490555565832132,29.466029133022875,-21.712696124848165,0.0,0.0,0.0,0.0,19.0721900895241,40.46533452856771,-21.712696124848165,0.0,0.0,0.0,0.0,-29.01192936898611,40.46533452856771,-50.33779976891361,1.0,0.0,0.0,1.0
BTCUSDT,1h,2026-07-01 14:00:00+00:00,2026-07-01 14:59:59.999000+00:00,2026-07-01 14:59:59.999000+00:00,59463.0,60067.9,59239.9,59523.8,29537.612,59573.649999999994,58920.684859453824,58965.23279547664,58670.91075827159,1,1,1,0,1.1082103714573632,0.5016490001624074,SHORT_TO_LONG,99.90961598553838,167.36162677785993,-4.519200723072103,0.0,1.0,1.0,0.0,63.672010187520996,167.36162677785993,-4.519200723072103,0.0,1.0,1.0,0.0,103.77361660377727,167.36162677785993,-4.519200723072103,0.0,1.0,1.0,0.0
BTCUSDT,1h,2026-07-05 15:00:00+00:00,2026-07-05 15:59:59.999000+00:00,2026-07-05 15:59:59.999000+00:00,62785.2,62923.7,62646.9,62711.9,4065.907,62766.924999999996,62857.59720894308,62953.89546211086,62791.24341120023,-1,1,0,1,-0.14425019881317835,0.25903620007246,LONG_TO_SHORT,-15.929990958654106,5.37378073379946,-22.627284454784792,0.0,0.0,0.0,0.0,-17.636206206477212,14.04837040497764,-23.520256920934735,0.0,0.0,0.0,0.0,5.118645743471539,24.41322938708579,-23.520256920934735,0.0,0.0,0.0,0.0
BTCUSDT,1h,2026-07-05 22:00:00+00:00,2026-07-05 22:59:59.999000+00:00,2026-07-05 22:59:59.999000+00:00,63070.4,63979.3,62976.3,63717.1,20592.411,63435.775,62952.1251759339,62953.89546211086,62751.96212469967,1,1,1,0,0.768281964611095,0.32179605318143345,SHORT_TO_LONG,-15.6943740377391,42.93980736725267,-27.355293947778357,0.0,0.0,0.0,0.0,1.7734642662659006,42.93980736725267,-64.15860106627535,1.0,0.0,0.0,1.0,-45.82757219019684,42.93980736725267,-64.15860106627535,1.0,0.0,0.0,1.0
BTCUSDT,1h,2026-07-06 11:00:00+00:00,2026-07-06 11:59:59.999000+00:00,2026-07-06 11:59:59.999000+00:00,62797.7,62979.4,62461.4,62461.4,10912.522,62674.975,63171.106115782604,63240.52025808115,62751.96212469967,-1,1,0,1,-0.7853766481043967,0.7785543540624662,LONG_TO_SHORT,-116.51996272898147,0.9285734869846074,-129.58403109760596,1.0,0.0,0.0,1.0,-113.62217305407873,0.9285734869846074,-186.41913245620478,1.0,0.0,0.0,1.0,169.97697778147636,171.25776879800992,-186.41913245620478,1.0,1.0,1.0,1.0
BTCUSDT,1h,2026-07-06 16:00:00+00:00,2026-07-06 16:59:59.999000+00:00,2026-07-06 16:59:59.999000+00:00,63523.0,63850.0,63356.8,63710.4,21207.184,63610.049999999996,62765.39739274223,63240.52025808115,62665.75437193427,1,1,1,0,1.3457297210635266,0.9171929579520066,SHORT_TO_LONG,-22.790627589844846,41.98686556668996,-26.761721791104254,0.0,0.0,0.0,0.0,-5.446520505286712,41.98686556668996,-27.876139531379795,0.0,0.0,0.0,0.0,13.749717471558398,41.98686556668996,-27.876139531379795,0.0,0.0,0.0,0.0
BTCUSDT,1h,2026-07-08 02:00:00+00:00,2026-07-08 02:59:59.999000+00:00,2026-07-08 02:59:59.999000+00:00,63003.7,63037.1,62466.9,62951.3,13015.007,62864.75,63427.22011893792,63600.769529092046,62970.65516749933,-1,1,0,1,-0.8867961072283825,1.0006476189847957,LONG_TO_SHORT,-33.406776349337306,18.522254504671487,-45.32074794325158,0.0,0.0,0.0,0.0,-29.228943643737626,18.522254504671487,-48.8790541259676,0.0,0.0,0.0,0.0,-51.27773374020927,18.522254504671487,-82.03166574796694,1.0,0.0,0.0,1.0
BTCUSDT,1h,2026-07-09 07:00:00+00:00,2026-07-09 07:59:59.999000+00:00,2026-07-09 07:59:59.999000+00:00,62933.9,63286.5,62774.5,62973.7,11947.227,62992.149999999994,62181.84279095671,62852.017999878066,62009.17037692181,1,1,1,0,1.303125112852288,1.3592306070747684,SHORT_TO_LONG,-16.054321089598034,17.499368784112956,-23.96238429693609,0.0,0.0,0.0,0.0,-7.733387112397461,17.499368784112956,-35.03049685821158,0.0,0.0,0.0,0.0,-34.569987153366675,17.499368784112956,-61.97825441414339,1.0,0.0,0.0,1.0
BTCUSDT,1h,2026-07-11 23:00:00+00:00,2026-07-11 23:59:59.999000+00:00,2026-07-11 23:59:59.999000+00:00,64169.1,64223.2,63776.0,63783.0,6265.888,63987.825,64170.56593429738,64196.314507556686,64003.60954385916,-1,1,0,1,-0.2847737613604462,0.3010845248742955,LONG_TO_SHORT,3.1199535926496047,15.976043773420212,-19.691767398836156,0.0,0.0,0.0,0.0,50.64045278522444,56.94307260555309,-19.691767398836156,0.0,1.0,1.0,0.0,65.66012887446516,68.16863427559161,-19.691767398836156,0.0,1.0,1.0,0.0
BTCUSDT,1h,2026-07-12 19:00:00+00:00,2026-07-12 19:59:59.999000+00:00,2026-07-12 19:59:59.999000+00:00,64124.7,64248.0,64114.9,64201.9,1298.912,64172.375,63972.97832439801,64134.36203346316,63969.85641774961,1,1,1,0,0.311688904948082,0.2571611457735212,SHORT_TO_LONG,-5.202338248556648,3.9718450700054753,-9.392245400837718,0.0,0.0,0.0,0.0,-48.64342021030588,3.9718450700054753,-53.83018259584205,1.0,0.0,0.0,1.0,-70.38732498570899,3.9718450700054753,-88.4397502254608,1.0,0.0,0.0,1.0
BTCUSDT,1h,2026-07-12 22:00:00+00:00,2026-07-12 22:59:59.999000+00:00,2026-07-12 22:59:59.999000+00:00,63889.5,63895.8,63634.1,63855.0,6060.141,63818.6,63977.232001384975,64118.381616978346,63969.85641774961,-1,1,0,1,-0.24795071062396756,0.23217997904951826,LONG_TO_SHORT,-16.44350481559753,4.478897502153689,-25.36997885835057,0.0,0.0,0.0,0.0,29.253778090987392,87.19755696499965,-49.6437240623282,0.0,1.0,1.0,0.0,-79.89977292302774,87.19755696499965,-101.94972985670626,1.0,1.0,1.0,1.0
BTCUSDT,1h,2026-07-14 12:00:00+00:00,2026-07-14 12:59:59.999000+00:00,2026-07-14 12:59:59.999000+00:00,62810.3,63956.0,62756.5,63935.2,42323.953,63364.5,62709.60334856514,62957.79878879345,62352.17163151942,1,1,1,0,1.0443323134969873,0.9713008246979404,SHORT_TO_LONG,-20.708467323163894,35.50469850723825,-42.10513144558781,0.0,0.0,0.0,0.0,53.507301142408096,58.621854627811665,-60.248501607877984,1.0,1.0,1.0,1.0,120.23110899786138,158.72320724733768,-60.248501607877984,1.0,1.0,1.0,1.0
BTCUSDT,1h,2026-07-16 07:00:00+00:00,2026-07-16 07:59:59.999000+00:00,2026-07-16 07:59:59.999000+00:00,64749.9,64750.0,64005.6,64200.0,12271.054,64426.375,64947.12090424652,65006.986408461526,64732.691137555266,-1,1,0,1,-0.8017998288396333,0.42373531222947847,LONG_TO_SHORT,-16.09034267912812,21.80685358255552,-55.59190031152683,1.0,0.0,0.0,1.0,-21.21495327102707,21.80685358255552,-55.59190031152683,1.0,0.0,0.0,1.0,4.143302180685815,21.80685358255552,-55.59190031152683,1.0,0.0,0.0,1.0
BTCUSDT,1h,2026-07-18 02:00:00+00:00,2026-07-18 02:59:59.999000+00:00,2026-07-18 02:59:59.999000+00:00,63929.2,64014.9,63900.0,63931.5,1347.221,63943.9,63393.77931220874,63812.96226997175,63248.62108105008,1,1,1,0,0.8677833909885191,0.8922584860759253,SHORT_TO_LONG,9.072210099871914,10.057639817617758,-4.927148588723673,0.0,0.0,0.0,0.0,2.3149777496223045,10.057639817617758,-4.927148588723673,0.0,0.0,0.0,0.0,3.535033590640335,10.057639817617758,-5.818727857158645,0.0,0.0,0.0,0.0
BTCUSDT,1h,2026-07-20 05:00:00+00:00,2026-07-20 05:59:59.999000+00:00,2026-07-20 05:59:59.999000+00:00,64511.4,64536.1,64046.0,64101.7,9123.542,64298.8,64540.0950604242,64633.46769621094,64534.02100421844,-1,1,0,1,-0.3738684614553067,0.15409963681947136,LONG_TO_SHORT,-33.02564518569695,15.069803140947968,-57.03436882329105,1.0,0.0,0.0,1.0,23.135111861307678,28.673186514553972,-57.03436882329105,1.0,0.0,0.0,1.0,11.684557507836146,36.707294814335434,-57.03436882329105,1.0,0.0,0.0,1.0
BTCUSDT,1h,2026-07-20 11:00:00+00:00,2026-07-20 11:59:59.999000+00:00,2026-07-20 11:59:59.999000+00:00,64280.5,65048.3,64237.1,64970.8,13005.77,64634.175,64423.34157166132,64632.87422189037,64394.508077626924,1,1,1,0,0.32726248467593866,0.3701653314535758,SHORT_TO_LONG,-52.88529616381599,1.7238513301354175,-61.53533587396232,1.0,0.0,0.0,1.0,-100.93765199135629,1.7238513301354175,-122.56275126672378,1.0,0.0,0.0,1.0,92.24143769200887,110.38805124763628,-144.14167595288907,1.0,1.0,1.0,1.0
BTCUSDT,1h,2026-07-20 14:00:00+00:00,2026-07-20 14:59:59.999000+00:00,2026-07-20 14:59:59.999000+00:00,64315.0,64550.0,64034.3,64393.0,7606.1140000000005,64323.075,64446.27572124189,64592.86098194124,64394.508077626924,-1,1,0,1,-0.1911681006592003,0.308027672290323,LONG_TO_SHORT,182.79937260261337,201.10881617567023,-0.9628375755121876,0.0,1.0,1.0,0.0,168.589753544639,201.10881617567023,-0.9628375755121876,0.0,1.0,1.0,0.0,127.77786405354652,216.6384544903943,-0.9628375755121876,0.0,1.0,1.0,0.0
BTCUSDT,1h,2026-07-20 15:00:00+00:00,2026-07-20 15:59:59.999000+00:00,2026-07-20 15:59:59.999000+00:00,64393.0,65688.0,64386.8,65570.1,26658.588,65009.475,64550.77982842953,64578.69427190071,64394.508077626924,1,1,1,0,0.7105958638914167,0.28602779922124455,SHORT_TO_LONG,-13.95453110487943,6.923887564604936,-40.91804038731106,0.0,0.0,0.0,0.0,-1.5403362203203486,10.965363786237248,-40.91804038731106,0.0,0.0,0.0,0.0,-68.7508483287358,33.23161013937703,-85.20651943492608,1.0,0.0,0.0,1.0
BTCUSDT,1h,2026-07-22 10:00:00+00:00,2026-07-22 10:59:59.999000+00:00,2026-07-22 10:59:59.999000+00:00,65896.3,66077.3,65861.4,66016.2,7121.677,65962.8,66228.34484946702,66449.93533747799,66061.49042926189,-1,1,0,1,-0.400953474030763,0.588005062695407,LONG_TO_SHORT,-5.271433375444445,6.316631372298431,-21.82797555751348,0.0,0.0,0.0,0.0,-62.40892387020192,6.316631372298431,-77.43553854962838,1.0,0.0,0.0,1.0,-37.26358075745062,26.38746247133339,-77.43553854962838,1.0,0.0,0.0,1.0
BTCUSDT,1h,2026-07-25 23:00:00+00:00,2026-07-25 23:59:59.999000+00:00,2026-07-25 23:59:59.999000+00:00,64377.7,64393.4,64331.9,64338.1,991.941,64360.275,64126.710174096246,64305.32726872035,64042.901244345594,1,1,1,0,0.36422393300648004,0.40976598385746854,SHORT_TO_LONG,22.45947580049812,22.475018690324422,-3.1396637451208687,0.0,0.0,0.0,0.0,14.952260013896268,27.35548609610783,-3.1396637451208687,0.0,0.0,0.0,0.0,28.08600191799293,33.541556247387305,-3.1396637451208687,0.0,0.0,0.0,0.0
BTCUSDT,1h,2026-07-27 21:00:00+00:00,2026-07-27 21:59:59.999000+00:00,2026-07-27 21:59:59.999000+00:00,64940.3,64940.4,64762.1,64790.2,1614.505,64858.25,65046.33993797788,65193.11301395144,64902.30492764131,-1,1,0,1,-0.2891629846617394,0.4480705063315549,LONG_TO_SHORT,-159.71551253121552,0.015434432987238011,-159.73094696420054,1.0,0.0,0.0,1.0,-165.0558263441071,0.015434432987238011,-188.7939842753994,1.0,0.0,0.0,1.0,-246.0711650836078,0.015434432987238011,-273.06598837478435,1.0,0.0,0.0,1.0
BTCUSDT,1h,2026-07-29 06:00:00+00:00,2026-07-29 06:59:59.999000+00:00,2026-07-29 06:59:59.999000+00:00,64045.3,64444.0,64004.7,64407.7,9275.804,64225.425,63684.434974408556,63809.28626703391,63440.053344678294,1,1,1,0,0.849485476017553,0.5820186189780197,SHORT_TO_LONG,20.38576132977976,21.16206602626791,-4.906245681804977,0.0,0.0,0.0,0.0,-2.5618054984111183,23.118353861417695,-24.329389187938144,0.0,0.0,0.0,0.0,5.635972096504904,47.85142149152932,-24.329389187938144,0.0,0.0,0.0,0.0
BTCUSDT,1h,2026-07-29 20:00:00+00:00,2026-07-29 20:59:59.999000+00:00,2026-07-29 20:59:59.999000+00:00,63564.0,63721.0,63336.0,63487.9,9804.197,63527.225,64139.49876837674,64172.78524325312,63568.60243876664,-1,1,0,1,-0.9545970581837704,0.9504421700452959,LONG_TO_SHORT,54.057544823500336,54.167802053619596,-39.99187246703673,0.0,1.0,1.0,0.0,67.57193102937764,97.73515898304996,-39.99187246703673,0.0,1.0,1.0,0.0,29.265419079855803,97.73515898304996,-39.99187246703673,0.0,1.0,1.0,0.0
BTCUSDT,1h,2026-07-30 02:00:00+00:00,2026-07-30 02:59:59.999000+00:00,2026-07-30 02:59:59.999000+00:00,64245.2,64393.0,64139.0,64163.7,3764.311,64235.225000000006,64113.0353854753,64172.78524325312,63726.9548857113,1,1,1,0,0.1905846662695776,0.6995946351765703,SHORT_TO_LONG,-4.628785434754867,18.561897147453266,-8.52506947074394,0.0,0.0,0.0,0.0,-25.746644909816485,18.561897147453266,-28.629895096448088,0.0,0.0,0.0,0.0,-29.471492448222,18.561897147453266,-44.05917987896579,0.0,0.0,0.0,0.0
BTCUSDT,1h,2026-07-30 07:00:00+00:00,2026-07-30 07:59:59.999000+00:00,2026-07-30 07:59:59.999000+00:00,63974.6,64121.9,63913.6,63981.9,3159.857,63998.0,64044.05188607334,64172.78524325312,64044.05188607334,-1,1,0,1,-0.07190657792118804,0.20100751496607838,LONG_TO_SHORT,46.653819283266614,55.12496502917186,-4.985785042332935,0.0,1.0,1.0,0.0,88.79073613006216,99.43437128312915,-4.985785042332935,0.0,1.0,1.0,0.0,122.67531911368756,138.80488075533881,-4.985785042332935,0.0,1.0,1.0,0.0
BTCUSDT,1h,2026-07-30 09:00:00+00:00,2026-07-30 09:59:59.999000+00:00,2026-07-30 09:59:59.999000+00:00,64280.4,64618.1,64257.1,64550.0,6694.068,64426.4,64028.43870775313,64172.78524325312,64028.43870775313,1,1,1,0,0.621538335587557,0.22544128579933265,SHORT_TO_LONG,-0.17041053446908982,9.682416731215948,-1.8280402788539707,0.0,0.0,0.0,0.0,33.58636715724339,49.573973663825655,-5.406661502711518,0.0,0.0,0.0,0.0,69.07823392718893,94.03563129357195,-5.406661502711518,0.0,1.0,1.0,0.0
BTCUSDT,1h,2026-07-31 07:00:00+00:00,2026-07-31 07:59:59.999000+00:00,2026-07-31 07:59:59.999000+00:00,64208.4,64217.0,63835.6,63909.1,11234.331,64042.525,64636.50842503146,64709.020179482846,64125.21892908165,-1,1,0,1,-0.918959639845629,0.9104081984450341,LONG_TO_SHORT,-16.773824072001673,6.399714594635952,-20.56045226736081,0.0,0.0,0.0,0.0,-34.43953990902693,6.399714594635952,-48.177802535163124,0.0,0.0,0.0,0.0,-20.294449460248607,11.438120705815624,-51.96443073052226,1.0,0.0,0.0,1.0
BTCUSDT,1h,2026-08-02 02:00:00+00:00,2026-08-02 02:59:59.999000+00:00,2026-08-02 02:59:59.999000+00:00,62960.9,63542.0,62925.6,63425.4,12933.753,63213.475,62850.76312112369,63030.85180578664,62762.4405973383,1,1,1,0,0.5771001987315616,0.42766215891820725,SHORT_TO_LONG,1.7816206125620404,16.397216257209024,-11.68301658326154,0.0,0.0,0.0,0.0,20.764551741099257,27.52840344719898,-11.68301658326154,0.0,0.0,0.0,0.0,5.455227716339994,30.681714265892168,-11.68301658326154,0.0,0.0,0.0,0.0
BTCUSDT,1h,2026-08-03 04:00:00+00:00,2026-08-03 04:59:59.999000+00:00,2026-08-03 04:59:59.999000+00:00,62839.8,62976.8,62745.3,62765.3,4163.223,62831.8,63240.7794403405,63335.154755210424,62996.34988538167,-1,1,0,1,-0.6467020867861328,0.5378166678628116,LONG_TO_SHORT,5.5126001150318515,13.1760702171424,-7.854658545406457,0.0,0.0,0.0,0.0,-27.148758948017935,13.510649992909407,-30.128112189379273,0.0,0.0,0.0,0.0,-40.29296442461083,13.510649992909407,-79.19981263532661,1.0,0.0,0.0,1.0
BTCUSDT,1h,2026-08-03 14:00:00+00:00,2026-08-03 14:59:59.999000+00:00,2026-08-03 14:59:59.999000+00:00,63317.6,63956.4,63109.7,63927.9,26813.636,63577.9,63083.13725404955,63335.154755210424,62962.8013362459,1,1,1,0,0.7843026955966614,0.5913863599810387,SHORT_TO_LONG,-41.98479849956027,5.021281787764842,-49.69661133871206,0.0,0.0,0.0,0.0,-29.70533992200597,5.021281787764842,-49.69661133871206,0.0,0.0,0.0,0.0,-14.453783090012662,19.021428828414066,-49.69661133871206,0.0,0.0,0.0,0.0
ETHUSDT,1h,2026-04-02 02:00:00+00:00,2026-04-02 02:59:59.999000+00:00,2026-04-02 02:59:59.999000+00:00,2098.56,2098.56,2062.37,2072.78,512737.80700000003,2083.0675,2128.181815985185,2134.824850223511,2089.0029185406866,-1,1,0,1,-2.1198525260540557,2.193483373150773,LONG_TO_SHORT,-87.081118111908,13.07422881347664,-138.84734511139695,1.0,0.0,0.0,1.0,-141.30780883644277,13.07422881347664,-156.79425698820083,1.0,0.0,0.0,1.0,-116.17248333156583,13.07422881347664,-171.508794951708,1.0,0.0,0.0,1.0
ETHUSDT,1h,2026-04-04 16:00:00+00:00,2026-04-04 16:59:59.999000+00:00,2026-04-04 16:59:59.999000+00:00,2055.16,2061.65,2052.3,2054.65,95783.505,2055.94,2052.4950725293115,2055.711031280827,2050.723012183686,1,1,1,0,0.16784096180282315,0.24323221944193563,SHORT_TO_LONG,5.840410775557192,12.508213077651043,-14.16299613072991,0.0,0.0,0.0,0.0,-2.2874942204276216,13.04358406541084,-14.16299613072991,0.0,0.0,0.0,0.0,35.13980483293988,139.73182780522285,-14.16299613072991,0.0,1.0,1.0,0.0
ETHUSDT,1h,2026-04-05 05:00:00+00:00,2026-04-05 05:59:59.999000+00:00,2026-04-05 05:59:59.999000+00:00,2054.25,2055.88,2046.0,2047.74,70293.91500000001,2050.9675,2057.677120827127,2057.82210612025,2051.4211043507107,-1,1,0,1,-0.326077437476191,0.3120276844166048,LONG_TO_SHORT,-51.22720657895985,1.8068700127948922,-104.60312344340639,1.0,0.0,0.0,1.0,-57.331497162725896,1.8068700127948922,-104.60312344340639,1.0,0.0,0.0,1.0,-22.073114750895684,1.8068700127948922,-104.60312344340639,1.0,0.0,0.0,1.0
ETHUSDT,1h,2026-04-05 18:00:00+00:00,2026-04-05 18:59:59.999000+00:00,2026-04-05 18:59:59.999000+00:00,2061.31,2065.96,2055.84,2061.92,85919.173,2061.2575,2044.436318391353,2057.82210612025,2043.93529310589,1,1,1,0,0.8227784576769093,0.6794154913416062,SHORT_TO_LONG,-4.510359276791442,33.75494684565883,-24.443237370993522,0.0,0.0,0.0,0.0,28.953596647782742,61.39908434856789,-24.443237370993522,0.0,1.0,1.0,0.0,111.88600915651215,126.09606580274769,-64.30899355940211,1.0,1.0,1.0,1.0
ETHUSDT,1h,2026-04-07 06:00:00+00:00,2026-04-07 06:59:59.999000+00:00,2026-04-07 06:59:59.999000+00:00,2104.45,2106.07,2095.35,2103.01,113028.36,2102.2200000000003,2129.4819696004215,2142.988691149045,2113.0486674136696,-1,1,0,1,-1.2802160332701318,1.4169112239152293,LONG_TO_SHORT,-0.04755089134222956,10.936705008535164,-26.200541129144383,0.0,0.0,0.0,0.0,52.21087869291985,63.81329618023513,-26.200541129144383,0.0,1.0,1.0,0.0,-69.99491205462726,142.41491956766606,-85.16364639255313,1.0,1.0,1.0,1.0
ETHUSDT,1h,2026-04-07 22:00:00+00:00,2026-04-07 22:59:59.999000+00:00,2026-04-07 22:59:59.999000+00:00,2144.26,2219.69,2144.26,2219.2,975854.1749999999,2181.8525,2113.580196493775,2134.404518815751,2094.9203495452402,1,1,1,0,3.230173315376539,1.8847575412154427,SHORT_TO_LONG,89.85219899062757,242.42970439798174,-22.395457822638186,0.0,1.0,1.0,0.0,72.68385003605049,242.42970439798174,-22.395457822638186,0.0,1.0,1.0,0.0,77.18997837058427,242.42970439798174,-22.395457822638186,0.0,1.0,1.0,0.0
ETHUSDT,1h,2026-04-09 06:00:00+00:00,2026-04-09 06:59:59.999000+00:00,2026-04-09 06:59:59.999000+00:00,2181.14,2185.23,2174.48,2180.53,66922.331,2180.3450000000003,2212.265650707277,2232.9734816886244,2190.889609439238,-1,1,0,1,-1.442894107092041,1.9208577222728174,LONG_TO_SHORT,-2.6140433747767755,19.444813875524325,-8.575896685669715,0.0,0.0,0.0,0.0,20.453742897366123,44.66803942160702,-25.360806776335565,0.0,0.0,0.0,0.0,41.136787845155176,73.37665613405875,-25.360806776335565,0.0,1.0,1.0,0.0
ETHUSDT,1h,2026-04-10 11:00:00+00:00,2026-04-10 11:59:59.999000+00:00,2026-04-10 11:59:59.999000+00:00,2195.99,2223.0,2195.83,2214.72,297585.86,2207.3849999999998,2202.529681177851,2202.529681177851,2188.1482065340647,1,1,1,0,0.22044283278634946,0.6572440843285454,SHORT_TO_LONG,14.177864470452661,59.28514665510809,-35.89618552232277,0.0,1.0,1.0,0.0,31.29063719115921,59.28514665510809,-35.89618552232277,0.0,1.0,1.0,0.0,38.424721861003434,193.38787747435583,-35.89618552232277,0.0,1.0,1.0,0.0
ETHUSDT,1h,2026-04-12 02:00:00+00:00,2026-04-12 02:59:59.999000+00:00,2026-04-12 02:59:59.999000+00:00,2217.92,2232.9,2205.52,2222.26,292046.409,2219.65,2265.5540193147335,2272.3331987795036,2235.013949317397,-1,1,0,1,-2.0261719174817117,1.6697546551557085,LONG_TO_SHORT,-42.97426943742022,16.874713129877428,-49.31916157425387,0.0,0.0,0.0,0.0,-50.48914168459206,16.874713129877428,-61.9639466129096,1.0,0.0,0.0,1.0,-33.02943849954665,16.874713129877428,-68.6688326298468,1.0,0.0,0.0,1.0
ETHUSDT,1h,2026-04-13 14:00:00+00:00,2026-04-13 14:59:59.999000+00:00,2026-04-13 14:59:59.999000+00:00,2214.0,2234.88,2201.66,2232.89,455657.89900000003,2220.8575,2199.2644340377524,2215.1969370362617,2193.6683133619636,1,1,1,0,0.9818312717676969,0.9813983063512444,SHORT_TO_LONG,-111.1116087223285,11.285822409523583,-156.03097331261196,1.0,0.0,0.0,1.0,-36.45499778314188,11.285822409523583,-156.03097331261196,1.0,0.0,0.0,1.0,-7.344741568101609,45.277644666776865,-156.03097331261196,1.0,0.0,0.0,1.0
ETHUSDT,1h,2026-04-15 07:00:00+00:00,2026-04-15 07:59:59.999000+00:00,2026-04-15 07:59:59.999000+00:00,2316.32,2322.95,2306.8,2315.53,148334.103,2315.4,2347.5454420295996,2364.9745986156527,2326.8967206570774,-1,1,0,1,-1.3693213964713569,1.6364232078088348,LONG_TO_SHORT,47.375762784329645,74.41061009790361,-11.876330688870285,0.0,1.0,1.0,0.0,15.028956653553305,74.41061009790361,-11.876330688870285,0.0,1.0,1.0,0.0,89.26682012325271,105.67774980241973,-19.865862243202415,0.0,1.0,1.0,0.0
ETHUSDT,1h,2026-04-15 19:00:00+00:00,2026-04-15 19:59:59.999000+00:00,2026-04-15 19:59:59.999000+00:00,2357.12,2384.67,2356.0,2373.7,338699.955,2367.8725,2334.518859451913,2357.581026197175,2323.092384213642,1,1,1,0,1.4287158320887228,1.4846005358158498,SHORT_TO_LONG,-50.93314235160129,4.929013775962776,-89.22778784176577,1.0,0.0,0.0,1.0,-57.336647428064545,4.929013775962776,-111.72431225512925,1.0,0.0,0.0,1.0,-62.47630281838501,26.11956018031103,-111.72431225512925,1.0,0.0,0.0,1.0
ETHUSDT,1h,2026-04-16 13:00:00+00:00,2026-04-16 13:59:59.999000+00:00,2026-04-16 13:59:59.999000+00:00,2339.27,2352.0,2288.0,2307.14,603546.91,2321.6025,2346.556903902821,2352.196638911205,2330.043188909327,-1,1,0,1,-1.0634476351848332,0.9507742220112192,LONG_TO_SHORT,5.851400435170628,33.63471657550132,-105.93201973005617,1.0,0.0,0.0,1.0,132.0249313002253,180.26647711018916,-105.93201973005617,1.0,1.0,1.0,1.0,75.33136263945917,180.26647711018916,-105.93201973005617,1.0,1.0,1.0,1.0
ETHUSDT,1h,2026-04-16 20:00:00+00:00,2026-04-16 20:59:59.999000+00:00,2026-04-16 20:59:59.999000+00:00,2358.39,2363.67,2340.12,2348.75,151786.93,2352.7325,2330.4398362405263,2352.196638911205,2329.9183501734656,1,1,1,0,0.9565861093173034,0.9561832386135283,SHORT_TO_LONG,-37.25385843533768,27.844598190527314,-65.14103246407777,1.0,0.0,0.0,1.0,-31.122937732835922,27.844598190527314,-65.14103246407777,1.0,0.0,0.0,1.0,-23.20383182543795,27.844598190527314,-65.14103246407777,1.0,0.0,0.0,1.0
ETHUSDT,1h,2026-04-17 03:00:00+00:00,2026-04-17 03:59:59.999000+00:00,2026-04-17 03:59:59.999000+00:00,2330.94,2330.94,2322.35,2324.46,67144.35,2327.1724999999997,2328.250407185197,2352.196638911205,2328.250407185197,-1,1,0,1,-0.0462968751931081,1.028507571698789,LONG_TO_SHORT,14.411949442021399,37.255964826239385,-7.313526582517493,0.0,0.0,0.0,0.0,-26.629840909286884,37.255964826239385,-44.655532897963646,0.0,0.0,0.0,0.0,37.77221376147555,70.64006263820532,-44.655532897963646,0.0,1.0,1.0,0.0
ETHUSDT,1h,2026-04-17 09:00:00+00:00,2026-04-17 09:59:59.999000+00:00,2026-04-17 09:59:59.999000+00:00,2353.8,2376.96,2346.45,2357.75,333575.643,2358.74,2331.3752477630833,2338.8576195866317,2327.0064216935316,1,1,1,0,1.173760091309739,0.5092894365317235,SHORT_TO_LONG,-64.55306966387408,8.694730145266671,-97.59304421588455,1.0,0.0,0.0,1.0,-17.47428692609465,8.694730145266671,-97.59304421588455,1.0,0.0,0.0,1.0,331.29042519351117,348.807125437387,-97.59304421588455,1.0,1.0,1.0,1.0
ETHUSDT,1h,2026-04-18 10:00:00+00:00,2026-04-18 10:59:59.999000+00:00,2026-04-18 10:59:59.999000+00:00,2374.59,2374.66,2352.6,2357.97,278199.68700000003,2364.955,2414.5484123937713,2423.031712693504,2382.2225759668336,-1,1,0,1,-2.053941521288638,1.7130698507509479,LONG_TO_SHORT,-27.650903107333534,5.131532631883484,-69.76339817724497,1.0,0.0,0.0,1.0,-6.276585367922527,20.483721166937308,-69.76339817724497,1.0,0.0,0.0,1.0,22.943464081393028,29.72896177644513,-69.76339817724497,1.0,0.0,0.0,1.0
ETHUSDT,1h,2026-04-20 18:00:00+00:00,2026-04-20 18:59:59.999000+00:00,2026-04-20 18:59:59.999000+00:00,2316.04,2343.27,2316.04,2332.89,416589.427,2327.06,2299.0534688899957,2308.1233212136726,2288.817023738961,1,1,1,0,1.2181765882776974,0.8435054997613323,SHORT_TO_LONG,-10.716321815430474,8.358731016036014,-32.0203695845056,0.0,0.0,0.0,0.0,14.574197668986155,25.89063350608045,-39.90758244066362,0.0,0.0,0.0,0.0,-63.18343342377797,59.79707573010362,-89.24552807890507,1.0,1.0,1.0,1.0
ETHUSDT,1h,2026-04-21 17:00:00+00:00,2026-04-21 17:59:59.999000+00:00,2026-04-21 17:59:59.999000+00:00,2306.15,2318.54,2280.82,2305.13,363372.063,2302.66,2311.824236126015,2320.4713038440777,2306.7081206636894,-1,1,0,1,-0.39640713090592916,0.5966590682668693,LONG_TO_SHORT,27.503871798986168,31.755258922490093,-25.942137753619534,0.0,0.0,0.0,0.0,-35.09563451952857,107.88979363419715,-84.81083496375552,1.0,1.0,1.0,1.0,26.54947877126279,107.88979363419715,-84.81083496375552,1.0,1.0,1.0,1.0
ETHUSDT,1h,2026-04-22 00:00:00+00:00,2026-04-22 00:59:59.999000+00:00,2026-04-22 00:59:59.999000+00:00,2326.12,2329.55,2321.27,2324.23,83052.903,2325.2925,2310.822252312214,2320.4713038440777,2310.144304745611,1,1,1,0,0.6261947526819522,0.44702831235488016,SHORT_TO_LONG,-12.090025513825653,14.800600629025773,-55.158052344217445,1.0,0.0,0.0,1.0,195.54863331081583,219.38448432383905,-55.158052344217445,1.0,1.0,1.0,1.0,165.90440705093636,236.46541004977985,-55.158052344217445,1.0,1.0,1.0,1.0
ETHUSDT,1h,2026-04-23 08:00:00+00:00,2026-04-23 08:59:59.999000+00:00,2026-04-23 08:59:59.999000+00:00,2342.81,2343.72,2333.33,2338.55,189658.19700000001,2339.6025,2378.868151113604,2394.266492718356,2358.9617024190306,-1,1,0,1,-1.6506022452410063,1.4966241403207903,LONG_TO_SHORT,-101.68694276367907,0.0,-122.08419747279376,1.0,0.0,0.0,1.0,-109.72611233456719,0.0,-148.1687370379081,1.0,0.0,0.0,1.0,-45.62656346881688,0.0,-148.1687370379081,1.0,0.0,0.0,1.0
ETHUSDT,1h,2026-04-25 09:00:00+00:00,2026-04-25 09:59:59.999000+00:00,2026-04-25 09:59:59.999000+00:00,2318.24,2322.22,2315.52,2317.8,57137.566,2318.4449999999997,2315.8778250078913,2317.740588046411,2315.5316072178043,1,1,1,0,0.1108510545930752,0.0953984312596301,SHORT_TO_LONG,6.126499266543295,15.963413581843167,-2.9338165501779923,0.0,0.0,0.0,0.0,-22.995944430064252,15.963413581843167,-35.76667529553879,0.0,0.0,0.0,0.0,-12.037276727931978,15.963413581843167,-35.76667529553879,0.0,0.0,0.0,0.0
ETHUSDT,1h,2026-04-25 11:00:00+00:00,2026-04-25 11:59:59.999000+00:00,2026-04-25 11:59:59.999000+00:00,2319.23,2319.23,2309.51,2312.47,69231.219,2315.11,2316.9306934725773,2317.740588046411,2315.5316072178043,-1,1,0,1,-0.07858212926724617,0.0953984312596301,LONG_TO_SHORT,-1.772995974000935,14.832624855674048,-10.248781605814994,0.0,0.0,0.0,0.0,10.983926277965406,18.594835824898848,-10.248781605814994,0.0,0.0,0.0,0.0,-25.167894069976214,23.65436092143902,-58.335891925083146,1.0,0.0,0.0,1.0
ETHUSDT,1h,2026-04-26 05:00:00+00:00,2026-04-26 05:59:59.999000+00:00,2026-04-26 05:59:59.999000+00:00,2316.23,2336.63,2316.13,2326.78,259205.286,2323.9425,2314.334406126975,2316.9306934725773,2312.0639121679033,1,1,1,0,0.4151558153216106,0.21049510262503013,SHORT_TO_LONG,9.068326184682451,25.87266522834142,-3.996939977136682,0.0,0.0,0.0,0.0,14.827357979696476,25.87266522834142,-3.996939977136682,0.0,0.0,0.0,0.0,28.236446935248072,43.88038405005901,-3.996939977136682,0.0,0.0,0.0,0.0
ETHUSDT,1h,2026-04-27 07:00:00+00:00,2026-04-27 07:59:59.999000+00:00,2026-04-27 07:59:59.999000+00:00,2319.4,2322.58,2313.47,2314.5,110191.406,2317.4874999999997,2356.646137923626,2362.9131573944464,2321.4736562965604,-1,1,0,1,-1.6616257016052516,1.7850515333434513,LONG_TO_SHORT,16.375027003672216,17.455173903651033,-30.589760207387904,0.0,0.0,0.0,0.0,26.398790235473424,42.29855260315496,-30.589760207387904,0.0,0.0,0.0,0.0,18.448909051631546,42.29855260315496,-30.589760207387904,0.0,0.0,0.0,0.0
ETHUSDT,1h,2026-04-29 03:00:00+00:00,2026-04-29 03:59:59.999000+00:00,2026-04-29 03:59:59.999000+00:00,2288.04,2315.72,2286.68,2310.55,248533.845,2300.2475000000004,2284.0887922443744,2292.2544319379303,2281.5252920373146,1,1,1,0,0.7074465673354347,0.47026171211255186,SHORT_TO_LONG,66.26127978186958,136.76397394559726,-10.863214386186426,0.0,1.0,1.0,0.0,74.83066802276505,136.76397394559726,-10.863214386186426,0.0,1.0,1.0,0.0,53.10423925039443,136.76397394559726,-10.863214386186426,0.0,1.0,1.0,0.0
ETHUSDT,1h,2026-04-29 16:00:00+00:00,2026-04-29 16:59:59.999000+00:00,2026-04-29 16:59:59.999000+00:00,2271.57,2278.19,2260.66,2266.21,241055.11500000002,2269.1575000000003,2307.711385557813,2313.990936130554,2281.5252920373146,-1,1,0,1,-1.670654562745233,1.4229798024394835,LONG_TO_SHORT,69.6758023307642,72.36752110351574,-5.29518447098809,0.0,1.0,1.0,0.0,-125.14285966437444,82.29599198662063,-209.0715335295501,1.0,1.0,1.0,1.0,-118.3473729266049,82.29599198662063,-209.0715335295501,1.0,1.0,1.0,1.0
ETHUSDT,1h,2026-05-01 03:00:00+00:00,2026-05-01 03:59:59.999000+00:00,2026-05-01 03:59:59.999000+00:00,2265.69,2294.99,2264.79,2281.6,325167.50299999997,2276.7675,2263.0906999918516,2263.0906999918516,2252.7518598910588,1,1,1,0,0.6043416646181132,0.45894269514854535,SHORT_TO_LONG,-12.491234221598813,13.543127629733753,-23.44845722300093,0.0,0.0,0.0,0.0,2.673562412343067,18.40813464235813,-23.44845722300093,0.0,0.0,0.0,0.0,-13.411640953716608,18.6711079943902,-48.124123422159656,0.0,0.0,0.0,0.0
ETHUSDT,1h,2026-05-06 05:00:00+00:00,2026-05-06 05:59:59.999000+00:00,2026-05-06 05:59:59.999000+00:00,2364.56,2365.66,2352.5,2363.69,153358.172,2361.6025,2373.792495493342,2376.7604980989886,2364.084587199259,-1,1,0,1,-0.513524055556025,0.5361868593181995,LONG_TO_SHORT,23.776383535911716,27.7955231015925,-18.107281411692266,0.0,0.0,0.0,0.0,28.98011160515912,43.61824097068645,-18.107281411692266,0.0,0.0,0.0,0.0,202.4800206456856,229.34479563732958,-18.107281411692266,0.0,1.0,1.0,0.0
ETHUSDT,1h,2026-05-06 08:00:00+00:00,2026-05-06 08:59:59.999000+00:00,2026-05-06 08:59:59.999000+00:00,2370.54,2395.99,2368.06,2393.55,269252.616,2382.035,2373.7653482826177,2376.7604980989886,2372.669249457614,1,1,1,0,0.3483769667193659,0.1724323203628142,SHORT_TO_LONG,75.20210565895802,101.73173737753504,-42.90697917319508,0.0,1.0,1.0,0.0,62.66842138246575,101.73173737753504,-42.90697917319508,0.0,1.0,1.0,0.0,43.70077917737358,121.03361116333477,-42.90697917319508,0.0,1.0,1.0,0.0
ETHUSDT,1h,2026-05-06 14:00:00+00:00,2026-05-06 14:59:59.999000+00:00,2026-05-06 14:59:59.999000+00:00,2367.36,2371.84,2343.27,2358.19,654460.773,2360.1650000000004,2383.314681459525,2386.474912930814,2373.4431597669554,-1,1,0,1,-0.9713229075292817,0.549065315098507,LONG_TO_SHORT,-1.9930539948020964,28.878080222543012,-22.00840475110155,0.0,0.0,0.0,0.0,-6.3184052175624394,44.05921490634679,-37.99524211365535,0.0,0.0,0.0,0.0,-60.851754947650605,44.05921490634679,-97.61724034110908,1.0,0.0,0.0,1.0
ETHUSDT,1h,2026-05-08 18:00:00+00:00,2026-05-08 18:59:59.999000+00:00,2026-05-08 18:59:59.999000+00:00,2303.8,2320.66,2303.79,2312.62,244583.43,2310.2174999999997,2286.282266206806,2309.5185279982734,2282.5532600740444,1,1,1,0,1.0469063311637772,1.1813642378427636,SHORT_TO_LONG,11.156177841582515,30.138976572027243,-5.967257915265867,0.0,0.0,0.0,0.0,-28.6255415935166,30.138976572027243,-35.32789649834389,0.0,0.0,0.0,0.0,-11.631828834828273,30.138976572027243,-40.733021421591744,0.0,0.0,0.0,0.0
ETHUSDT,1h,2026-05-11 13:00:00+00:00,2026-05-11 13:59:59.999000+00:00,2026-05-11 13:59:59.999000+00:00,2328.51,2331.94,2313.28,2321.01,254828.259,2323.6850000000004,2344.8228328919454,2348.3372668378124,2340.266070036171,-1,1,0,1,-0.9014682301551558,0.3448837251875503,LONG_TO_SHORT,-24.989121115377433,29.426844347935077,-79.70667941973542,1.0,0.0,0.0,1.0,49.03037901603069,59.32762030322891,-79.70667941973542,1.0,1.0,1.0,1.0,62.34354871370584,96.07886221946416,-79.70667941973542,1.0,1.0,1.0,1.0
ETHUSDT,1h,2026-05-13 09:00:00+00:00,2026-05-13 09:59:59.999000+00:00,2026-05-13 09:59:59.999000+00:00,2315.58,2322.68,2313.2,2320.19,182088.082,2317.9125,2284.043165387822,2298.8253498631193,2279.2580044652227,1,1,1,0,1.4828675361933108,0.8584962895627823,SHORT_TO_LONG,-55.08169589559575,2.241195764138837,-69.13226934001094,1.0,0.0,0.0,1.0,-83.82934156254574,2.241195764138837,-95.63871924282097,1.0,0.0,0.0,1.0,-254.54811890405549,2.241195764138837,-270.3226890901189,1.0,0.0,0.0,1.0
ETHUSDT,1h,2026-05-13 13:00:00+00:00,2026-05-13 13:59:59.999000+00:00,2026-05-13 13:59:59.999000+00:00,2283.08,2287.54,2257.47,2261.13,443515.616,2272.3050000000003,2291.3589468128253,2293.888468143641,2279.2580044652227,-1,1,0,1,-0.8315566113867967,0.6418958998830382,LONG_TO_SHORT,23.439607629811565,38.34366002839262,-58.06831097725507,1.0,0.0,0.0,1.0,-113.88111254107436,38.34366002839262,-124.40682313710427,1.0,0.0,0.0,1.0,-17.20378748678919,38.34366002839262,-124.40682313710427,1.0,0.0,0.0,1.0
ETHUSDT,1h,2026-05-14 15:00:00+00:00,2026-05-14 15:59:59.999000+00:00,2026-05-14 15:59:59.999000+00:00,2285.99,2298.95,2279.34,2297.36,420191.007,2290.41,2264.228164070265,2278.7829322741272,2255.6404177667205,1,1,1,0,1.1563249828440147,1.025984209412245,SHORT_TO_LONG,77.39318173903831,89.01521746700558,-21.067660270920328,0.0,1.0,1.0,0.0,43.179997910645085,92.45394713932376,-21.067660270920328,0.0,1.0,1.0,0.0,0.26116934220166144,92.45394713932376,-21.067660270920328,0.0,1.0,1.0,0.0
ETHUSDT,1h,2026-05-15 05:00:00+00:00,2026-05-15 05:59:59.999000+00:00,2026-05-15 05:59:59.999000+00:00,2262.04,2266.05,2236.25,2243.97,429095.897,2252.0775,2281.530917509328,2284.0976090098416,2255.6404177667205,-1,1,0,1,-1.290949742705283,1.2616014068100423,LONG_TO_SHORT,44.51931175550649,52.184298364059686,-7.2193478522430965,0.0,1.0,1.0,0.0,88.81580413285573,118.85185630823969,-7.2193478522430965,0.0,1.0,1.0,0.0,42.424809600840604,118.85185630823969,-7.2193478522430965,0.0,1.0,1.0,0.0
ETHUSDT,1h,2026-05-17 19:00:00+00:00,2026-05-17 19:59:59.999000+00:00,2026-05-17 19:59:59.999000+00:00,2187.6,2192.87,2186.38,2191.4,43286.270000000004,2189.5625,2184.2828902605493,2186.686507179314,2177.0207371342685,1,1,1,0,0.241709064471074,0.44399071998593165,SHORT_TO_LONG,-14.602537190838705,6.616774664596203,-27.105959660491674,0.0,0.0,0.0,0.0,-1.8709500775770938,11.86456146755388,-27.105959660491674,0.0,0.0,0.0,0.0,-280.733777493839,11.86456146755388,-485.5343615953278,1.0,0.0,0.0,1.0
ETHUSDT,1h,2026-05-17 23:00:00+00:00,2026-05-17 23:59:59.999000+00:00,2026-05-17 23:59:59.999000+00:00,2178.65,2178.92,2085.0,2129.88,917342.0109999999,2143.1125,2168.2827504621855,2186.4610562059916,2168.2827504621855,-1,1,0,1,-1.1608380160207488,0.8383733966398577,LONG_TO_SHORT,-72.72710199635823,5.258512216650413,-126.53295021315847,1.0,0.0,0.0,1.0,-62.02227355531775,5.258512216650413,-126.53295021315847,1.0,0.0,0.0,1.0,-57.514977369617085,5.258512216650413,-126.53295021315847,1.0,0.0,0.0,1.0
ETHUSDT,1h,2026-05-19 07:00:00+00:00,2026-05-19 07:59:59.999000+00:00,2026-05-19 07:59:59.999000+00:00,2136.39,2144.22,2134.26,2139.98,78383.993,2138.7125,2119.3998716989736,2135.2377933625094,2115.5543784809183,1,1,1,0,0.9112309837758348,0.9304140362359714,SHORT_TO_LONG,-34.53303301899968,2.1962822082444156,-48.31820858138936,0.0,0.0,0.0,0.0,-124.30022710492538,2.1962822082444156,-142.8985317619791,1.0,0.0,0.0,1.0,-141.30973186665452,2.1962822082444156,-160.04822474976365,1.0,0.0,0.0,1.0
ETHUSDT,1h,2026-05-19 10:00:00+00:00,2026-05-19 10:59:59.999000+00:00,2026-05-19 10:59:59.999000+00:00,2113.38,2121.47,2105.73,2117.4,191478.258,2114.495,2115.926485995098,2129.119999802568,2115.5543784809183,-1,1,0,1,-0.06765291727159894,0.6412324570636008,LONG_TO_SHORT,-36.17644280721755,9.776140549728751,-43.49674128648395,0.0,0.0,0.0,0.0,0.0,9.776140549728751,-45.858127892698384,0.0,0.0,0.0,0.0,-56.956644941910106,45.102484178709545,-114.48002266931212,1.0,0.0,0.0,1.0
ETHUSDT,1h,2026-05-20 06:00:00+00:00,2026-05-20 06:59:59.999000+00:00,2026-05-20 06:59:59.999000+00:00,2124.55,2134.0,2124.31,2132.99,124093.864,2128.9625,2113.9018022229343,2122.2155866056046,2113.200712123898,1,1,1,0,0.7124596687144269,0.4265981186730716,SHORT_TO_LONG,-19.690668967036196,11.955049015701658,-26.394872924859758,0.0,0.0,0.0,0.0,-10.220394844794312,23.488155124966603,-26.394872924859758,0.0,0.0,0.0,0.0,-15.14306208655225,23.488155124966603,-29.442238360234406,0.0,0.0,0.0,0.0
ETHUSDT,1h,2026-05-21 10:00:00+00:00,2026-05-21 10:59:59.999000+00:00,2026-05-21 10:59:59.999000+00:00,2127.08,2129.34,2108.29,2113.44,334200.928,2119.5375,2133.897547595733,2134.87250526221,2124.107081853086,-1,1,0,1,-0.6729492525033742,0.5068211250315979,LONG_TO_SHORT,3.0282383223556586,25.598077068664793,-12.680747974864737,0.0,0.0,0.0,0.0,13.01196154137374,25.598077068664793,-12.680747974864737,0.0,0.0,0.0,0.0,35.676432735256554,53.278067983948404,-46.98501022030399,0.0,1.0,1.0,0.0
ETHUSDT,1h,2026-05-21 17:00:00+00:00,2026-05-21 17:59:59.999000+00:00,2026-05-21 17:59:59.999000+00:00,2126.87,2152.78,2124.9,2145.67,381914.729,2137.555,2129.2930076842163,2134.87250526221,2128.1306545424172,1,1,1,0,0.3880157538660667,0.31679684259058316,SHORT_TO_LONG,-92.18565762675657,7.643300227899719,-119.4964742947413,1.0,0.0,0.0,1.0,-16.68476513163708,7.643300227899719,-119.4964742947413,1.0,0.0,0.0,1.0,-52.10493691947149,7.643300227899719,-119.4964742947413,1.0,0.0,0.0,1.0
ETHUSDT,1h,2026-05-22 06:00:00+00:00,2026-05-22 06:59:59.999000+00:00,2026-05-22 06:59:59.999000+00:00,2128.34,2130.28,2122.86,2124.79,89866.063,2126.5675,2128.4966779802235,2132.7572429920906,2127.414683922639,-1,1,0,1,-0.09063570548082378,0.2511291808704019,LONG_TO_SHORT,12.707138117178385,32.28554351253577,-17.837056838557743,0.0,0.0,0.0,0.0,-15.530946587664074,37.08601791235999,-29.979433261639876,0.0,0.0,0.0,0.0,-12.660074642670827,37.08601791235999,-33.085622579170916,0.0,0.0,0.0,0.0
ETHUSDT,1h,2026-05-22 12:00:00+00:00,2026-05-22 12:59:59.999000+00:00,2026-05-22 12:59:59.999000+00:00,2129.64,2137.33,2128.34,2134.21,127225.637,2132.38,2132.306982723991,2132.306982723991,2127.414683922639,1,1,1,0,0.0034243322655003183,0.22996451224690517,SHORT_TO_LONG,-23.053026646863152,2.7176332225975486,-53.97781849021399,1.0,0.0,0.0,1.0,-85.55859076660788,2.7176332225975486,-108.75218464912129,1.0,0.0,0.0,1.0,-57.257720655419234,2.7176332225975486,-108.75218464912129,1.0,0.0,0.0,1.0
ETHUSDT,1h,2026-05-22 14:00:00+00:00,2026-05-22 14:59:59.999000+00:00,2026-05-22 14:59:59.999000+00:00,2129.29,2129.29,2111.0,2115.95,237106.51200000002,2121.3824999999997,2128.9545410519354,2132.306982723991,2127.414683922639,-1,1,0,1,-0.35566945681209106,0.22996451224690517,LONG_TO_SHORT,12.05132446418844,41.44710413762187,-21.78690422741436,0.0,0.0,0.0,0.0,28.54509794654847,41.44710413762187,-21.78690422741436,0.0,0.0,0.0,0.0,-80.29490299865216,63.51756894066529,-158.03776081665276,1.0,1.0,1.0,1.0
ETHUSDT,1h,2026-05-23 20:00:00+00:00,2026-05-23 20:59:59.999000+00:00,2026-05-23 20:59:59.999000+00:00,2076.5,2147.0,2073.52,2145.59,881759.965,2110.6525,2062.0330062463886,2098.597607396606,2047.7388100028036,1,1,1,0,2.3578426536496444,2.4836564675810635,SHORT_TO_LONG,-138.65650007690243,19.90128589339113,-189.1787340545037,1.0,0.0,0.0,1.0,-139.075965119152,19.90128589339113,-203.02108044873424,1.0,0.0,0.0,1.0,-125.83951267483573,19.90128589339113,-203.02108044873424,1.0,0.0,0.0,1.0
ETHUSDT,1h,2026-05-26 01:00:00+00:00,2026-05-26 01:59:59.999000+00:00,2026-05-26 01:59:59.999000+00:00,2096.58,2099.44,2086.56,2093.36,159000.661,2093.985,2114.65950338187,2116.579274863173,2098.078866884383,-1,1,0,1,-0.9776752876198724,0.8817784817718888,LONG_TO_SHORT,-25.604769365995537,7.213283907210322,-47.62678182443692,0.0,0.0,0.0,0.0,-4.203768104865668,7.213283907210322,-47.62678182443692,0.0,0.0,0.0,0.0,30.859479497076236,44.71280620628848,-47.62678182443692,0.0,0.0,0.0,0.0
ETHUSDT,1h,2026-05-26 11:00:00+00:00,2026-05-26 11:59:59.999000+00:00,2026-05-26 11:59:59.999000+00:00,2126.79,2130.0,2117.43,2120.0,199279.485,2123.555,2108.501799475411,2116.579274863173,2105.473354000842,1,1,1,0,0.7139287492348378,0.5274785758379474,SHORT_TO_LONG,25.801886792451434,30.188679245284344,-47.02830188679119,0.0,0.0,0.0,0.0,21.132075471699263,51.03773584905768,-55.1886792452827,1.0,1.0,1.0,1.0,-159.71698113207646,92.73584905660215,-205.37735849056605,1.0,1.0,1.0,1.0
ETHUSDT,1h,2026-05-26 15:00:00+00:00,2026-05-26 15:59:59.999000+00:00,2026-05-26 15:59:59.999000+00:00,2108.18,2111.39,2076.46,2086.14,554919.846,2095.5425,2107.5209731056075,2116.579274863173,2107.5209731056075,-1,1,0,1,-0.5683679193928093,0.42980838023249923,LONG_TO_SHORT,-36.47885568561882,13.709530520482627,-66.48642948220096,1.0,0.0,0.0,1.0,-77.84712435406904,13.709530520482627,-158.8579865205586,1.0,0.0,0.0,1.0,-59.87134132896088,13.709530520482627,-158.8579865205586,1.0,0.0,0.0,1.0
ETHUSDT,1h,2026-05-29 09:00:00+00:00,2026-05-29 09:59:59.999000+00:00,2026-05-29 09:59:59.999000+00:00,2005.43,2015.4,2005.2,2013.79,69277.53,2009.955,2004.0878576286134,2004.0878576286134,1993.6181139918178,1,1,1,0,0.29275874054388584,0.525162946871105,SHORT_TO_LONG,-18.125027932405224,1.787673987854177,-25.027435829951816,0.0,0.0,0.0,0.0,-35.60450692475459,1.787673987854177,-62.07201346714375,1.0,0.0,0.0,1.0,-74.68504660366749,1.787673987854177,-136.06185351997868,1.0,0.0,0.0,1.0
ETHUSDT,1h,2026-05-31 14:00:00+00:00,2026-05-31 14:59:59.999000+00:00,2026-05-31 14:59:59.999000+00:00,2019.43,2020.73,2004.53,2006.84,343928.84599999996,2012.8825,2022.5658574351348,2026.685049867816,2018.659511069239,-1,1,0,1,-0.4787659892278917,0.39756773019765657,LONG_TO_SHORT,13.304498614739035,37.671164617010255,-3.0894341352571963,0.0,0.0,0.0,0.0,-28.452691794063067,37.671164617010255,-49.08213908433101,0.0,0.0,0.0,0.0,-34.93053756153941,37.671164617010255,-56.90538358812836,1.0,0.0,0.0,1.0
ETHUSDT,1h,2026-06-07 02:00:00+00:00,2026-06-07 02:59:59.999000+00:00,2026-06-07 02:59:59.999000+00:00,1589.2,1594.0,1581.17,1591.61,174174.853,1588.995,1564.4600882644318,1586.0117620924411,1555.5702442365907,1,1,1,0,1.5682670283258204,1.9569362404967983,SHORT_TO_LONG,14.827753029951207,52.65108914872529,-18.22054397748074,0.0,1.0,1.0,0.0,27.079498118258716,52.65108914872529,-49.76093389712166,0.0,1.0,1.0,0.0,118.55919477761657,196.90753388078798,-49.76093389712166,0.0,1.0,1.0,0.0
ETHUSDT,1h,2026-06-09 11:00:00+00:00,2026-06-09 11:59:59.999000+00:00,2026-06-09 11:59:59.999000+00:00,1673.68,1674.81,1665.2,1670.74,95263.953,1671.1074999999998,1681.7908233412722,1684.504145200159,1675.881459537508,-1,1,0,1,-0.6352349645984745,0.5145164422924342,LONG_TO_SHORT,31.0640793899708,79.90471288171763,-5.566395728838769,0.0,1.0,1.0,0.0,-29.208614147024914,79.90471288171763,-48.541364904173264,0.0,1.0,1.0,0.0,-211.403330260842,79.90471288171763,-226.84558937955734,1.0,1.0,1.0,1.0
ETHUSDT,1h,2026-06-11 03:00:00+00:00,2026-06-11 03:59:59.999000+00:00,2026-06-11 03:59:59.999000+00:00,1640.09,1662.07,1635.28,1653.19,286231.89400000003,1647.6574999999998,1634.1749660734934,1641.484693139179,1632.8688984659536,1,1,1,0,0.825036131773671,0.5276476685494913,SHORT_TO_LONG,17.4813542303065,35.023197575596576,-24.135156878519748,0.0,0.0,0.0,0.0,-36.89836014009407,35.023197575596576,-39.92281588928171,0.0,0.0,0.0,0.0,2.9034775192204876,57.6461265795225,-47.36297703228365,0.0,1.0,1.0,0.0
ETHUSDT,1h,2026-06-12 23:00:00+00:00,2026-06-12 23:59:59.999000+00:00,2026-06-12 23:59:59.999000+00:00,1661.73,1665.57,1657.8,1665.48,48030.208,1662.645,1668.779821411496,1672.2365072583714,1663.4869200083106,-1,1,0,1,-0.36762317789215126,0.5259787224547008,LONG_TO_SHORT,6.844873549967101,17.832696880177856,-5.944232293393359,0.0,0.0,0.0,0.0,47.133559094074684,63.04488796022856,-5.944232293393359,0.0,1.0,1.0,0.0,-6.484617047337604,63.04488796022856,-17.17222662535822,0.0,1.0,1.0,0.0
ETHUSDT,1h,2026-06-13 07:00:00+00:00,2026-06-13 07:59:59.999000+00:00,2026-06-13 07:59:59.999000+00:00,1669.11,1677.29,1667.63,1675.51,148051.213,1672.385,1668.505925912848,1672.2365072583714,1668.435009069569,1,1,1,0,0.2324878819372378,0.22784814320830904,SHORT_TO_LONG,-10.683314334142269,22.799028355544593,-16.65164636439065,0.0,0.0,0.0,0.0,-15.159563356827999,22.799028355544593,-20.352012223144868,0.0,0.0,0.0,0.0,12.05603070109973,22.799028355544593,-21.00852874647119,0.0,0.0,0.0,0.0
ETHUSDT,1h,2026-06-14 12:00:00+00:00,2026-06-14 12:59:59.999000+00:00,2026-06-14 12:59:59.999000+00:00,1672.74,1673.88,1664.15,1666.07,115464.544,1669.21,1677.564465306965,1679.261515371675,1673.6335513522984,-1,1,0,1,-0.49801158046324234,0.3362721794642143,LONG_TO_SHORT,-2.9410528969375793,12.844598366215099,-16.74599506623298,0.0,0.0,0.0,0.0,-43.99575047867144,20.527348790868594,-76.28731085728701,1.0,0.0,0.0,1.0,-32.171517403229984,20.527348790868594,-76.28731085728701,1.0,0.0,0.0,1.0
ETHUSDT,1h,2026-06-14 21:00:00+00:00,2026-06-14 21:59:59.999000+00:00,2026-06-14 21:59:59.999000+00:00,1669.52,1732.0,1669.08,1717.9,775836.4619999999,1697.125,1678.4184687032575,1679.261515371675,1669.4755097244304,1,1,1,0,1.1145332135909625,0.5861724589694584,SHORT_TO_LONG,21.887187845626155,60.8882938471389,-38.186157517900995,0.0,1.0,1.0,0.0,39.816054485126706,60.8882938471389,-38.186157517900995,0.0,1.0,1.0,0.0,-17.113918155888808,80.67989987775803,-55.00902264392593,1.0,1.0,1.0,1.0
ETHUSDT,1h,2026-06-16 16:00:00+00:00,2026-06-16 16:59:59.999000+00:00,2026-06-16 16:59:59.999000+00:00,1781.41,1784.75,1771.79,1776.96,170323.959,1778.7275,1789.5704535433513,1802.3985636345772,1783.289604836117,-1,1,0,1,-0.605896991754773,1.0715566751826833,LONG_TO_SHORT,97.24473257698429,123.019088780838,-3.7704844228347856,0.0,1.0,1.0,0.0,121.10570862596815,173.0483522420312,-3.7704844228347856,0.0,1.0,1.0,0.0,113.45218800648205,173.0483522420312,-3.7704844228347856,0.0,1.0,1.0,0.0
ETHUSDT,1h,2026-06-20 00:00:00+00:00,2026-06-20 00:59:59.999000+00:00,2026-06-20 00:59:59.999000+00:00,1710.3,1717.72,1707.56,1708.01,94208.024,1710.8975,1698.9607803277365,1707.9224952262582,1694.548375000291,1,1,1,0,0.7025894776665043,0.7892439320869249,SHORT_TO_LONG,6.850076990181364,27.45885562730921,-13.056129647952552,0.0,0.0,0.0,0.0,-23.77035263259497,27.45885562730921,-28.571261292380523,0.0,0.0,0.0,0.0,27.400307960727677,40.80772360817608,-28.571261292380523,0.0,0.0,0.0,0.0
ETHUSDT,1h,2026-06-21 20:00:00+00:00,2026-06-21 20:59:59.999000+00:00,2026-06-21 20:59:59.999000+00:00,1733.31,1734.6,1716.01,1720.56,116866.778,1726.12,1728.869750921807,1734.1084425102827,1728.869750921807,-1,1,0,1,-0.15904905041811412,0.30301250777755584,LONG_TO_SHORT,-17.26182173245938,19.76100804389258,-117.34551541358607,1.0,0.0,0.0,1.0,-20.63281722229915,19.76100804389258,-117.34551541358607,1.0,0.0,0.0,1.0,32.721904496211266,66.0250151113595,-117.34551541358607,1.0,1.0,1.0,1.0
ETHUSDT,1h,2026-06-22 01:00:00+00:00,2026-06-22 01:59:59.999000+00:00,2026-06-22 01:59:59.999000+00:00,1726.19,1759.35,1723.68,1742.9,417011.069,1738.0300000000002,1725.6329959336522,1734.1084425102827,1723.3964383221014,1,1,1,0,0.718403281321156,0.6215635561258592,SHORT_TO_LONG,-37.52366745080171,9.581731596763898,-37.58104308910548,0.0,0.0,0.0,0.0,-77.97349245510455,9.581731596763898,-99.431981180792,1.0,0.0,0.0,1.0,-39.015434046705266,9.581731596763898,-99.431981180792,1.0,0.0,0.0,1.0
ETHUSDT,1h,2026-06-22 23:00:00+00:00,2026-06-22 23:59:59.999000+00:00,2026-06-22 23:59:59.999000+00:00,1723.48,1729.94,1720.51,1727.32,110861.668,1725.3125,1747.575117152697,1748.4498323219364,1726.5037582771092,-1,1,0,1,-1.2739147481665491,1.2711280783267664,LONG_TO_SHORT,17.94687724335997,23.041474654377225,-50.42493573860107,1.0,0.0,0.0,1.0,14.473288099483561,48.10920964268384,-50.42493573860107,1.0,0.0,0.0,1.0,10.30498112683187,48.10920964268384,-50.42493573860107,1.0,0.0,0.0,1.0
ETHUSDT,1h,2026-06-26 23:00:00+00:00,2026-06-26 23:59:59.999000+00:00,2026-06-26 23:59:59.999000+00:00,1577.2,1580.24,1573.47,1577.86,54892.816999999995,1577.1924999999999,1561.6612395563832,1572.0139628571574,1553.431098842955,1,1,1,0,0.9945345411805695,1.1962464268961526,SHORT_TO_LONG,-12.231756936609273,22.372073567997752,-45.63142484123928,0.0,0.0,0.0,0.0,-17.74555410492651,22.372073567997752,-45.63142484123928,0.0,0.0,0.0,0.0,12.105002978719526,54.25069397791971,-45.63142484123928,0.0,1.0,1.0,0.0
ETHUSDT,1h,2026-06-28 05:00:00+00:00,2026-06-28 05:59:59.999000+00:00,2026-06-28 05:59:59.999000+00:00,1573.44,1573.61,1563.05,1568.31,130618.95,1569.6025,1585.7239316926614,1589.3288449342983,1576.9483673098443,-1,1,0,1,-1.016660679104009,0.7850908679764901,LONG_TO_SHORT,-8.926806562477019,9.118095274531779,-42.84867149989546,0.0,0.0,0.0,0.0,42.78490859587647,51.20161192621264,-42.84867149989546,0.0,1.0,1.0,0.0,61.91377980118817,110.81992718276368,-42.84867149989546,0.0,1.0,1.0,0.0
ETHUSDT,1h,2026-06-29 06:00:00+00:00,2026-06-29 06:59:59.999000+00:00,2026-06-29 06:59:59.999000+00:00,1582.39,1588.58,1579.09,1582.25,163925.419,1583.0775,1571.9823547231904,1580.3420394560144,1570.783616998208,1,1,1,0,0.705805968080564,0.6085129965941904,SHORT_TO_LONG,-18.265128772319006,13.145836625059193,-32.80139042502795,0.0,0.0,0.0,0.0,-63.074735345236554,13.145836625059193,-81.97187549375928,1.0,0.0,0.0,1.0,-28.88291989255776,27.176489176805596,-81.97187549375928,1.0,0.0,0.0,1.0
ETHUSDT,1h,2026-06-29 14:00:00+00:00,2026-06-29 14:59:59.999000+00:00,2026-06-29 14:59:59.999000+00:00,1572.23,1578.62,1556.54,1572.37,384202.357,1569.9399999999998,1572.690557691631,1574.3835851759895,1570.783616998208,-1,1,0,1,-0.17489503438415932,0.22918294657676697,LONG_TO_SHORT,45.21836463427853,82.99573255658777,-75.04594974465317,1.0,1.0,1.0,1.0,77.9714698194467,93.29865108085312,-75.04594974465317,1.0,1.0,1.0,1.0,305.7804460782143,412.3075357581252,-75.04594974465317,1.0,1.0,1.0,1.0
ETHUSDT,1h,2026-06-29 15:00:00+00:00,2026-06-29 15:59:59.999000+00:00,2026-06-29 15:59:59.999000+00:00,1572.36,1585.42,1560.57,1579.48,381415.317,1574.4575,1573.0704119436773,1574.0992709801903,1570.783616998208,1,1,1,0,0.08817711183117805,0.21108279626183002,SHORT_TO_LONG,32.60566768810147,47.86385392660853,-38.93686529743978,0.0,0.0,0.0,0.0,303.20105351128166,365.43672601109245,-38.93686529743978,0.0,1.0,1.0,0.0,286.486691822625,365.43672601109245,-38.93686529743978,0.0,1.0,1.0,0.0
ETHUSDT,1h,2026-06-30 12:00:00+00:00,2026-06-30 12:59:59.999000+00:00,2026-06-30 12:59:59.999000+00:00,1577.88,1577.88,1550.0,1551.81,486788.512,1564.3925,1595.9518818953181,1599.913189310188,1578.688192970814,-1,1,0,1,-1.9774644996087831,1.3444704555262588,LONG_TO_SHORT,95.17917786326935,97.37016773960772,-17.076832859691528,0.0,1.0,1.0,0.0,71.14273010226712,165.29085390608378,-17.076832859691528,0.0,1.0,1.0,0.0,128.4306712806349,165.29085390608378,-17.076832859691528,0.0,1.0,1.0,0.0
ETHUSDT,1h,2026-07-01 13:00:00+00:00,2026-07-01 13:59:59.999000+00:00,2026-07-01 13:59:59.999000+00:00,1569.4,1597.72,1569.02,1596.42,479078.37,1583.1399999999999,1579.7969120808214,1579.7969120808214,1570.590214534871,1,1,1,0,0.2116150432763586,0.5861934870565078,SHORT_TO_LONG,25.181343255533672,126.40783753648633,-38.0225755127106,0.0,1.0,1.0,0.0,143.0701193921391,214.85573971761875,-38.0225755127106,0.0,1.0,1.0,0.0,160.85992408012783,214.85573971761875,-38.0225755127106,0.0,1.0,1.0,0.0
ETHUSDT,1h,2026-07-05 11:00:00+00:00,2026-07-05 11:59:59.999000+00:00,2026-07-05 11:59:59.999000+00:00,1760.75,1764.52,1758.04,1759.39,59973.989,1760.675,1776.1049154436678,1778.627916792648,1766.8112656122526,-1,1,0,1,-0.8687502246911727,0.6688123066897367,LONG_TO_SHORT,27.680048198521767,53.939149364268246,-24.09926167592169,0.0,1.0,1.0,0.0,34.671107599792975,53.939149364268246,-24.09926167592169,0.0,1.0,1.0,0.0,82.41492790114657,123.84974337696475,-24.09926167592169,0.0,1.0,1.0,0.0
ETHUSDT,1h,2026-07-05 18:00:00+00:00,2026-07-05 18:59:59.999000+00:00,2026-07-05 18:59:59.999000+00:00,1778.52,1786.35,1776.72,1780.32,70600.062,1780.4775,1767.962126487533,1778.627916792648,1767.8688764675483,1,1,1,0,0.7078982815843293,0.6085881406882265,SHORT_TO_LONG,1.9659387076487178,19.715556753840957,-20.838950301069747,0.0,0.0,0.0,0.0,-21.850004493573216,19.715556753840957,-29.713759324165867,0.0,0.0,0.0,0.0,50.44037027051252,154.18576435696883,-68.97636379976646,1.0,1.0,1.0,1.0
ETHUSDT,1h,2026-07-06 09:00:00+00:00,2026-07-06 09:59:59.999000+00:00,2026-07-06 09:59:59.999000+00:00,1764.96,1765.38,1755.07,1757.93,172361.586,1760.835,1779.1431237951722,1780.0493249235544,1767.2471950443883,-1,1,0,1,-1.0290416521475887,0.7244108189881526,LONG_TO_SHORT,69.91177123093718,88.8545050144196,-3.583760445524664,0.0,1.0,1.0,0.0,3.2993350133381227,95.79448555971925,-3.583760445524664,0.0,1.0,1.0,0.0,-79.01338506083877,95.79448555971925,-168.55051111250185,1.0,1.0,1.0,1.0
ETHUSDT,1h,2026-07-06 16:00:00+00:00,2026-07-06 16:59:59.999000+00:00,2026-07-06 16:59:59.999000+00:00,1787.72,1804.5,1781.53,1791.9,534001.807,1791.4125,1768.4611178297466,1780.0493249235544,1765.5544837390842,1,1,1,0,1.2978166123561286,0.8209795459709124,SHORT_TO_LONG,-24.72236173893694,44.422121770186784,-29.968190189185727,0.0,0.0,0.0,0.0,0.055806685641535125,44.422121770186784,-33.651431441488185,0.0,0.0,0.0,0.0,2.23226742563698,44.422121770186784,-33.651431441488185,0.0,0.0,0.0,0.0
ETHUSDT,1h,2026-07-07 22:00:00+00:00,2026-07-07 22:59:59.999000+00:00,2026-07-07 22:59:59.999000+00:00,1772.85,1777.9,1764.5,1774.42,127308.499,1772.4175,1781.2199165029576,1788.1830617543462,1773.9561110203142,-1,1,0,1,-0.4941790972245119,0.8019900067228303,LONG_TO_SHORT,-21.13366621205759,33.64479660959763,-39.05501515988341,0.0,0.0,0.0,0.0,29.868914913042666,54.8911757081183,-39.05501515988341,0.0,1.0,1.0,0.0,-98.79284498596763,54.8911757081183,-191.7246198757905,1.0,1.0,1.0,1.0
ETHUSDT,1h,2026-07-09 17:00:00+00:00,2026-07-09 17:59:59.999000+00:00,2026-07-09 17:59:59.999000+00:00,1738.21,1751.83,1737.62,1747.76,133903.59,1743.855,1742.6829562485964,1742.6829562485964,1734.3185956449233,1,1,1,0,0.06725513365475333,0.482285124813675,SHORT_TO_LONG,16.821531560398117,68.0299354602476,-7.037579530370097,0.0,1.0,1.0,0.0,0.286080468714367,68.0299354602476,-10.070032498741277,0.0,1.0,1.0,0.0,-2.0025632809994587,68.0299354602476,-21.22717077859715,0.0,1.0,1.0,0.0
ETHUSDT,1h,2026-07-12 00:00:00+00:00,2026-07-12 00:59:59.999000+00:00,2026-07-12 00:59:59.999000+00:00,1786.69,1790.48,1778.26,1788.23,227246.21300000002,1785.915,1808.0408174785623,1811.6433216620285,1792.2964435141541,-1,1,0,1,-1.2237454633031053,1.0794463280829225,LONG_TO_SHORT,98.53318644693188,109.04637546624407,-5.592121818781548,0.0,1.0,1.0,0.0,89.25026422775595,109.04637546624407,-5.592121818781548,0.0,1.0,1.0,0.0,94.11541021009606,147.35240992489685,-5.592121818781548,0.0,1.0,1.0,0.0
ETHUSDT,1h,2026-07-12 14:00:00+00:00,2026-07-12 14:59:59.999000+00:00,2026-07-12 14:59:59.999000+00:00,1805.02,1823.32,1803.07,1818.73,155110.269,1812.5349999999999,1803.0049478115002,1811.6433216620285,1803.0049478115002,1,1,1,0,0.5285649493123934,0.4791098250181536,SHORT_TO_LONG,6.707977544770927,41.07261660609262,-16.87991070692174,0.0,0.0,0.0,0.0,11.656485569599973,41.07261660609262,-16.87991070692174,0.0,0.0,0.0,0.0,11.271601612112825,41.07261660609262,-27.711644939050206,0.0,0.0,0.0,0.0
ETHUSDT,1h,2026-07-13 03:00:00+00:00,2026-07-13 03:59:59.999000+00:00,2026-07-13 03:59:59.999000+00:00,1806.12,1806.13,1773.46,1779.76,552099.158,1791.3675,1809.8330999033758,1813.2150418073045,1803.0049478115002,-1,1,0,1,-1.0202929709022146,0.5662820841505489,LONG_TO_SHORT,-10.338472603047544,25.733806805412485,-25.171933294376725,0.0,0.0,0.0,0.0,6.236795972489606,33.48766125769842,-43.60138445633099,0.0,0.0,0.0,0.0,39.2187710702574,60.3452150851802,-43.60138445633099,0.0,1.0,1.0,0.0
ETHUSDT,1h,2026-07-14 11:00:00+00:00,2026-07-14 11:59:59.999000+00:00,2026-07-14 11:59:59.999000+00:00,1799.57,1802.22,1794.8,1797.04,134019.274,1798.4075,1776.8092474434254,1793.080472062985,1772.3988718912287,1,1,1,0,1.2155639434931587,1.1668705334758167,SHORT_TO_LONG,354.24920981169004,388.97297778569316,-20.589413702533086,0.0,1.0,1.0,0.0,408.8946267194937,476.3945154253668,-20.589413702533086,0.0,1.0,1.0,0.0,430.3743934470017,506.1100476338876,-20.589413702533086,0.0,1.0,1.0,0.0
ETHUSDT,1h,2026-07-16 09:00:00+00:00,2026-07-16 09:59:59.999000+00:00,2026-07-16 09:59:59.999000+00:00,1885.3,1888.4,1879.07,1883.63,145445.726,1884.1,1914.7101591511585,1920.7719141324094,1897.756430693946,-1,1,0,1,-1.5986836965825035,1.2127733077973213,LONG_TO_SHORT,20.917059082727896,38.48951227151787,-4.618741472582899,0.0,0.0,0.0,0.0,2.7606270870594862,38.48951227151787,-29.358207291242387,0.0,0.0,0.0,0.0,-8.972038032947216,38.48951227151787,-90.78215997834094,1.0,0.0,0.0,1.0
ETHUSDT,1h,2026-07-18 09:00:00+00:00,2026-07-18 09:59:59.999000+00:00,2026-07-18 09:59:59.999000+00:00,1846.73,1847.23,1842.01,1844.13,33119.955,1845.025,1835.8574637139095,1840.5312610288186,1830.7673933324145,1,1,1,0,0.49935991585887685,0.5333210396888166,SHORT_TO_LONG,3.2535667225186415,9.81492627960101,-8.784630150803219,0.0,0.0,0.0,0.0,3.0908883863922654,10.140282951851542,-8.784630150803219,0.0,0.0,0.0,0.0,-18.382651982236098,30.25817051943047,-42.13368905662929,0.0,0.0,0.0,0.0
ETHUSDT,1h,2026-07-20 06:00:00+00:00,2026-07-20 06:59:59.999000+00:00,2026-07-20 06:59:59.999000+00:00,1854.51,1859.09,1841.84,1848.71,232618.46,1851.0375,1867.7064736025382,1870.1672120720066,1862.2867260837247,-1,1,0,1,-0.892483580162684,0.42316179769235074,LONG_TO_SHORT,77.89215182478549,87.0877530818781,-3.245506326033931,0.0,1.0,1.0,0.0,60.85324361311484,104.0725695214495,-3.245506326033931,0.0,1.0,1.0,0.0,104.2348448377517,125.54700304536759,-3.245506326033931,0.0,1.0,1.0,0.0
ETHUSDT,1h,2026-07-20 11:00:00+00:00,2026-07-20 11:59:59.999000+00:00,2026-07-20 11:59:59.999000+00:00,1867.97,1896.21,1866.94,1892.43,412630.917,1880.8875000000003,1867.7395834442611,1870.1672120720066,1865.9156828085993,1,1,1,0,0.7039480595840475,0.22785216409177966,SHORT_TO_LONG,-105.68422610083283,2.7477898786210098,-114.98443799770608,1.0,0.0,0.0,1.0,-163.01791876053628,2.7477898786210098,-190.70718599895397,1.0,0.0,0.0,1.0,48.350533441130494,66.42253610437353,-210.1530836015064,1.0,1.0,1.0,1.0
ETHUSDT,1h,2026-07-20 14:00:00+00:00,2026-07-20 14:59:59.999000+00:00,2026-07-20 14:59:59.999000+00:00,1861.59,1871.17,1852.66,1867.41,212801.263,1863.2075,1868.9567142562971,1870.1672120720066,1865.9156828085993,-1,1,0,1,-0.30761623382941083,0.22785216409177966,LONG_TO_SHORT,182.98070589747306,201.29484151846677,-5.033709790566165,0.0,1.0,1.0,0.0,166.75502433852074,208.68475589185033,-5.033709790566165,0.0,1.0,1.0,0.0,166.64792413021212,270.48157608666526,-5.033709790566165,0.0,1.0,1.0,0.0
ETHUSDT,1h,2026-07-20 15:00:00+00:00,2026-07-20 15:59:59.999000+00:00,2026-07-20 15:59:59.999000+00:00,1867.42,1905.0,1866.47,1901.58,489810.228,1885.1175,1871.0069803979175,1871.0069803979175,1865.9156828085993,1,1,1,0,0.7541671276438233,0.27285785934627604,SHORT_TO_LONG,-15.934117944025328,25.242167040040453,-47.11871180807514,0.0,0.0,0.0,0.0,28.187086528046468,42.33321764006925,-47.11871180807514,0.0,0.0,0.0,0.0,-20.456672872032343,85.92854363213887,-68.15385100810923,1.0,1.0,1.0,1.0
ETHUSDT,1h,2026-07-22 07:00:00+00:00,2026-07-22 07:59:59.999000+00:00,2026-07-22 07:59:59.999000+00:00,1916.49,1918.0,1909.32,1913.26,127126.249,1914.2675,1928.3195941617118,1932.5497772220153,1921.5893073562258,-1,1,0,1,-0.7287222618209577,0.5703856606523949,LONG_TO_SHORT,36.58676813397044,57.232158723854454,-2.0906724647984376,0.0,1.0,1.0,0.0,53.88708278017518,65.90844945276508,-2.0906724647984376,0.0,1.0,1.0,0.0,68.78312409186461,102.65201802159618,-2.0906724647984376,0.0,1.0,1.0,0.0
ETHUSDT,1h,2026-07-22 14:00:00+00:00,2026-07-22 14:59:59.999000+00:00,2026-07-22 14:59:59.999000+00:00,1939.05,1958.75,1921.77,1932.4,485295.462,1937.9924999999998,1927.90976727219,1932.5497772220153,1924.4508965506095,1,1,1,0,0.5229877922178883,0.4208411181559457,SHORT_TO_LONG,49.989650175945584,100.75553715586771,-2.0699648105981794,0.0,1.0,1.0,0.0,85.90353963982666,121.09294141999571,-2.0699648105981794,0.0,1.0,1.0,0.0,-14.438004553923856,121.09294141999571,-53.81908507555377,1.0,1.0,1.0,1.0
ETHUSDT,1h,2026-07-23 03:00:00+00:00,2026-07-23 03:59:59.999000+00:00,2026-07-23 03:59:59.999000+00:00,1926.51,1926.98,1916.49,1919.46,108828.512,1922.36,1932.903051307218,1932.903051307218,1924.4508965506095,-1,1,0,1,-0.5454516355638095,0.43919825503253573,LONG_TO_SHORT,-3.5426630406476534,28.862284184092424,-9.794421347670834,0.0,0.0,0.0,0.0,12.816104529398409,43.397622247922655,-12.034634741020511,0.0,0.0,0.0,0.0,-25.267523157554983,43.397622247922655,-41.78258468527596,0.0,0.0,0.0,0.0
ETHUSDT,1h,2026-07-25 18:00:00+00:00,2026-07-25 18:59:59.999000+00:00,2026-07-25 18:59:59.999000+00:00,1872.29,1876.42,1871.37,1874.39,61782.403,1873.6175,1862.4159661260485,1872.4501871018647,1858.858083144537,1,1,1,0,0.6014517743450964,0.7312071900795525,SHORT_TO_LONG,-3.147690715380458,6.615485571306312,-6.562134881215043,0.0,0.0,0.0,0.0,-16.698765998538477,6.615485571306312,-25.28822710321732,0.0,0.0,0.0,0.0,3.307742785652046,9.923228356958358,-41.613538271118024,0.0,0.0,0.0,0.0
ETHUSDT,1h,2026-07-27 22:00:00+00:00,2026-07-27 22:59:59.999000+00:00,2026-07-27 22:59:59.999000+00:00,1941.24,1941.29,1890.72,1892.47,425052.83,1916.43,1947.5125136814688,1952.490740170603,1922.3873162956481,-1,1,0,1,-1.5960109864820438,1.5659395804255904,LONG_TO_SHORT,-5.442622604321379,14.214227966626858,-59.76316665521786,1.0,0.0,0.0,1.0,-77.51774136446011,14.214227966626858,-90.99219538486803,1.0,0.0,0.0,1.0,-93.52856320047343,14.214227966626858,-145.15421644728855,1.0,0.0,0.0,1.0
ETHUSDT,1h,2026-07-29 06:00:00+00:00,2026-07-29 06:59:59.999000+00:00,2026-07-29 06:59:59.999000+00:00,1911.82,1921.3,1908.08,1919.47,160496.16,1915.1675,1900.946456615689,1900.946456615689,1889.620650849845,1,1,1,0,0.7481033111068847,0.5993692840279952,SHORT_TO_LONG,24.329632659014777,36.62469327470497,-32.66526697473737,0.0,0.0,0.0,0.0,-26.257248094525565,36.62469327470497,-43.81417787201691,0.0,0.0,0.0,0.0,-43.1369075838639,36.62469327470497,-61.527400792926734,1.0,0.0,0.0,1.0
ETHUSDT,1h,2026-07-29 20:00:00+00:00,2026-07-29 20:59:59.999000+00:00,2026-07-29 20:59:59.999000+00:00,1887.93,1891.13,1876.6,1883.11,238200.342,1884.6924999999999,1906.2021053915394,1912.4732890544226,1897.8853355031447,-1,1,0,1,-1.1284010929744182,0.7686425137696906,LONG_TO_SHORT,76.097519528866,78.43407979353456,-68.23818045679664,1.0,1.0,1.0,1.0,123.83769402743327,147.41571124363472,-68.23818045679664,1.0,1.0,1.0,1.0,75.61958674745517,165.1523277981637,-68.23818045679664,1.0,1.0,1.0,1.0
ETHUSDT,1h,2026-07-30 02:00:00+00:00,2026-07-30 02:59:59.999000+00:00,2026-07-30 02:59:59.999000+00:00,1916.29,1919.43,1909.5,1910.4,106590.571,1913.9050000000002,1905.6744907166863,1912.4732890544226,1902.4623242682485,1,1,1,0,0.43189481327519097,0.5262109350851141,SHORT_TO_LONG,-5.234505862646843,22.508375209380205,-18.791876046901912,0.0,0.0,0.0,0.0,-47.16289782244587,22.508375209380205,-50.25125628140725,1.0,0.0,0.0,1.0,-52.083333333333705,22.508375209380205,-61.92420435510937,1.0,0.0,0.0,1.0
ETHUSDT,1h,2026-07-30 05:00:00+00:00,2026-07-30 05:59:59.999000+00:00,2026-07-30 05:59:59.999000+00:00,1901.38,1908.95,1899.23,1905.53,103163.299,1903.7724999999998,1904.3644683027173,1912.4732890544226,1904.3644683027173,-1,1,0,1,-0.03108482186947592,0.4258019348015063,LONG_TO_SHORT,-26.659249657575714,3.306166788243914,-36.52527118439552,0.0,0.0,0.0,0.0,-16.530833941212908,10.390809905904685,-36.52527118439552,0.0,0.0,0.0,0.0,62.712211300792745,99.13252480937106,-36.52527118439552,0.0,1.0,1.0,0.0
ETHUSDT,1h,2026-07-30 09:00:00+00:00,2026-07-30 09:59:59.999000+00:00,2026-07-30 09:59:59.999000+00:00,1914.28,1924.42,1913.29,1917.48,129960.226,1917.3674999999998,1904.20139995754,1910.571567545107,1903.7749881620814,1,1,1,0,0.6914237140437818,0.35700539324696745,SHORT_TO_LONG,0.10430356509605332,18.826793499802097,-10.586811857229428,0.0,0.0,0.0,0.0,25.1371591881,42.29509564636969,-10.586811857229428,0.0,0.0,0.0,0.0,58.67075536641897,99.29699397125403,-10.586811857229428,0.0,1.0,1.0,0.0
ETHUSDT,1h,2026-07-31 06:00:00+00:00,2026-07-31 06:59:59.999000+00:00,2026-07-31 06:59:59.999000+00:00,1905.34,1910.53,1899.33,1901.75,86698.591,1904.2375,1918.047026805177,1919.150209729321,1905.8086424421417,-1,1,0,1,-0.7199785308798723,0.7000475803322637,LONG_TO_SHORT,-67.46417773103697,0.0,-97.64690416721456,1.0,0.0,0.0,1.0,-64.51952149336138,0.0,-97.64690416721456,1.0,0.0,0.0,1.0,-81.55646115419968,0.0,-131.82594978309425,1.0,0.0,0.0,1.0
ETHUSDT,1h,2026-08-02 02:00:00+00:00,2026-08-02 02:59:59.999000+00:00,2026-08-02 02:59:59.999000+00:00,1856.3,1885.0,1855.58,1876.2,385737.15,1868.27,1853.9467168749954,1866.7960832172762,1851.2425766804952,1,1,1,0,0.7725833215502353,0.8401657747452163,SHORT_TO_LONG,2.1852680950851244,18.1217354226626,-13.431403901502659,0.0,0.0,0.0,0.0,21.47958639803882,30.75365099669547,-13.431403901502659,0.0,0.0,0.0,0.0,2.771559535230672,31.97953309881596,-13.431403901502659,0.0,0.0,0.0,0.0
ETHUSDT,1h,2026-08-03 06:00:00+00:00,2026-08-03 06:59:59.999000+00:00,2026-08-03 06:59:59.999000+00:00,1858.87,1860.19,1845.4,1848.24,161004.137,1853.175,1868.08869133584,1872.0639735164855,1856.0283032324628,-1,1,0,1,-0.7983395758996537,0.8639776805178467,LONG_TO_SHORT,-28.35129636843736,3.8955979742882896,-52.374150543219585,1.0,0.0,0.0,1.0,-47.72107518504099,3.8955979742882896,-113.94624074795412,1.0,0.0,0.0,1.0,-15.474180842314222,28.892351642644254,-113.94624074795412,1.0,0.0,0.0,1.0
ETHUSDT,1h,2026-08-04 04:00:00+00:00,2026-08-04 04:59:59.999000+00:00,2026-08-04 04:59:59.999000+00:00,1863.55,1874.08,1861.3,1867.37,100011.238,1866.575,1857.9888215072622,1862.640548821469,1854.107820138463,1,1,1,0,0.4621221825098276,0.4602067145355493,SHORT_TO_LONG,-20.34947546549426,13.602017811147338,-21.634705494893993,0.0,0.0,0.0,0.0,-59.70964511585741,13.602017811147338,-75.3466104735534,1.0,0.0,0.0,1.0,-54.19386623968458,13.602017811147338,-79.36295431542729,1.0,0.0,0.0,1.0
SOLUSDT,1h,2026-04-01 04:00:00+00:00,2026-04-01 04:59:59.999000+00:00,2026-04-01 04:59:59.999000+00:00,83.38,83.82,83.21,83.71,645693.0,83.52999999999999,81.68038082860934,82.95710513167629,81.67377031076884,1,1,1,0,2.2644595343791485,1.5712937164824803,SHORT_TO_LONG,45.39481543423874,68.09222315135699,-47.78401624656481,0.0,1.0,1.0,0.0,82.42742802532676,115.87623939792292,-47.78401624656481,0.0,1.0,1.0,0.0,-15.529805280133369,118.26544021025009,-47.78401624656481,0.0,1.0,1.0,0.0
SOLUSDT,1h,2026-04-01 22:00:00+00:00,2026-04-01 22:59:59.999000+00:00,2026-04-01 22:59:59.999000+00:00,81.81,81.91,80.72,81.12,2042051.17,81.39,83.60325745007155,83.87442159365672,81.67377031076884,-1,1,0,1,-2.64733398862278,2.694440668668041,LONG_TO_SHORT,2.4654832347126288,36.98224852070942,-23.422090729783296,0.0,0.0,0.0,0.0,54.240631163706695,73.96449704141884,-30.81854043392451,0.0,1.0,1.0,0.0,-284.7633136094674,73.96449704141884,-357.495069033531,1.0,1.0,1.0,1.0
SOLUSDT,1h,2026-04-03 10:00:00+00:00,2026-04-03 10:59:59.999000+00:00,2026-04-03 10:59:59.999000+00:00,79.92,80.14,79.65,80.12,686052.26,79.95750000000001,79.2253663887091,79.61433016016595,78.65211689641252,1,1,1,0,0.9241151472860087,1.2233787235767624,SHORT_TO_LONG,1.2481278082865366,38.69196205691594,-34.947578632051886,0.0,0.0,0.0,0.0,-103.59460808786802,97.3539690464298,-122.31652521218273,1.0,1.0,1.0,1.0,9.985022466301174,97.3539690464298,-126.06090863704455,1.0,1.0,1.0,1.0
SOLUSDT,1h,2026-04-05 06:00:00+00:00,2026-04-05 06:59:59.999000+00:00,2026-04-05 06:59:59.999000+00:00,80.25,80.33,79.3,79.55,1565823.07,79.8575,80.54254982423674,80.62661310561033,80.13742763153732,-1,1,0,1,-0.8505439990808439,0.6104332127083278,LONG_TO_SHORT,0.0,36.455059710873705,-10.0565681961029,0.0,0.0,0.0,0.0,1.2570710245141115,36.455059710873705,-10.0565681961029,0.0,0.0,0.0,0.0,30.16970458830981,81.7096165933373,-10.0565681961029,0.0,1.0,1.0,0.0
SOLUSDT,1h,2026-04-05 23:00:00+00:00,2026-04-05 23:59:59.999000+00:00,2026-04-05 23:59:59.999000+00:00,80.53,82.11,80.42,81.85,2316571.44,81.22749999999999,79.8821942093925,80.62661310561033,79.6434297048086,1,1,1,0,1.684112215396949,1.2344814938856974,SHORT_TO_LONG,54.97861942577842,134.39218081857217,1.2217470983522105,0.0,1.0,1.0,0.0,-21.991447770310923,134.39218081857217,-26.878436163714213,0.0,1.0,1.0,0.0,26.878436163713104,134.39218081857217,-28.100183262063094,0.0,1.0,1.0,0.0
SOLUSDT,1h,2026-04-06 23:00:00+00:00,2026-04-06 23:59:59.999000+00:00,2026-04-06 23:59:59.999000+00:00,80.12,80.21,79.52,79.96,1894405.23,79.95249999999999,81.6915889712716,82.06513079517312,80.58222749878368,-1,1,0,1,-2.128847036973658,1.8402361692121616,LONG_TO_SHORT,-17.508754377189018,26.263131565784636,-52.526263131563724,1.0,0.0,0.0,1.0,-62.53126563281697,26.263131565784636,-82.5412706353168,1.0,0.0,0.0,1.0,-28.76438219109434,26.263131565784636,-82.5412706353168,1.0,0.0,0.0,1.0
SOLUSDT,1h,2026-04-07 20:00:00+00:00,2026-04-07 20:59:59.999000+00:00,2026-04-07 20:59:59.999000+00:00,81.58,82.38,81.58,81.9,2067635.5,81.85999999999999,79.82804048649575,81.45276774029186,79.5245219670908,1,1,1,0,2.545420758321093,2.4247184711138736,SHORT_TO_LONG,119.65811965811923,177.04517704517642,-7.3260073260073,0.0,1.0,1.0,0.0,405.37240537240393,406.5934065934074,-7.3260073260073,0.0,1.0,1.0,0.0,346.76434676434553,645.9096459096459,-7.3260073260073,0.0,1.0,1.0,0.0
SOLUSDT,1h,2026-04-09 01:00:00+00:00,2026-04-09 01:59:59.999000+00:00,2026-04-09 01:59:59.999000+00:00,82.15,82.28,81.65,82.18,1141364.43,82.065,83.54630946322673,84.51310053311185,82.37718780713698,-1,1,0,1,-1.7730399735714775,2.59284491596814,LONG_TO_SHORT,-10.951569724994004,27.98734485276011,-19.46945728887983,0.0,0.0,0.0,0.0,-25.553662691653045,27.98734485276011,-40.15575565831209,0.0,0.0,0.0,0.0,-8.517887563884718,27.98734485276011,-58.40837186663506,1.0,0.0,0.0,1.0
SOLUSDT,1h,2026-04-09 17:00:00+00:00,2026-04-09 17:59:59.999000+00:00,2026-04-09 17:59:59.999000+00:00,83.64,84.65,83.62,84.62,1852249.77,84.13250000000001,82.6633975172617,83.89479447456259,82.30827649443894,1,1,1,0,1.7772103819366114,1.927531528655968,SHORT_TO_LONG,-95.72205152446278,5.908768612621351,-152.4462302056262,1.0,0.0,0.0,1.0,-59.087686126211295,5.908768612621351,-152.4462302056262,1.0,0.0,0.0,1.0,-47.2701489009697,10.6357835027171,-152.4462302056262,1.0,0.0,0.0,1.0
SOLUSDT,1h,2026-04-12 01:00:00+00:00,2026-04-12 01:59:59.999000+00:00,2026-04-12 01:59:59.999000+00:00,84.86,84.93,81.98,82.24,3209629.81,83.50250000000001,84.55372717330417,84.82212274669511,84.4192209717403,-1,1,0,1,-1.2432653277951067,0.4772630809868339,LONG_TO_SHORT,44.990272373541806,86.33268482490352,-49.854085603112665,0.0,1.0,1.0,0.0,3.6478599221800856,86.33268482490352,-49.854085603112665,0.0,1.0,1.0,0.0,12.159533073929918,86.33268482490352,-49.854085603112665,0.0,1.0,1.0,0.0
SOLUSDT,1h,2026-04-13 13:00:00+00:00,2026-04-13 13:59:59.999000+00:00,2026-04-13 13:59:59.999000+00:00,82.51,83.65,82.25,83.58,2191058.21,82.9975,82.20325111266757,82.54521886318489,81.97684437407061,1,1,1,0,0.9662013078337139,0.6933354088634047,SHORT_TO_LONG,17.94687724335997,25.12562814070529,-101.69897104570391,1.0,0.0,0.0,1.0,-114.8600143575007,44.268963866953555,-151.95022732711118,1.0,0.0,0.0,1.0,-65.80521655898508,44.268963866953555,-151.95022732711118,1.0,0.0,0.0,1.0
SOLUSDT,1h,2026-04-14 21:00:00+00:00,2026-04-14 21:59:59.999000+00:00,2026-04-14 21:59:59.999000+00:00,83.56,83.92,83.49,83.76,359745.77,83.6825,85.6697769416031,85.97052714908253,83.93104449849636,-1,1,0,1,-2.3196943105825207,2.4299502797474393,LONG_TO_SHORT,-35.81661891117638,15.520534861508395,-59.69436485195767,1.0,0.0,0.0,1.0,-11.938872970392866,28.65329512893977,-59.69436485195767,1.0,0.0,0.0,1.0,10.744985673352137,29.84718242597939,-59.69436485195767,1.0,0.0,0.0,1.0
SOLUSDT,1h,2026-04-16 02:00:00+00:00,2026-04-16 02:59:59.999000+00:00,2026-04-16 02:59:59.999000+00:00,84.81,85.56,84.67,85.07,782039.96,85.0275,84.14560355127347,84.834452892949,83.49774009710698,1,1,1,0,1.0480600429577436,1.600896975519861,SHORT_TO_LONG,22.334548019280476,48.195603620548866,-3.526507581990135,0.0,0.0,0.0,0.0,15.281532855295765,54.07311625720057,-16.45703538262433,0.0,1.0,1.0,0.0,42.318090983897164,54.07311625720057,-16.45703538262433,0.0,1.0,1.0,0.0
SOLUSDT,1h,2026-04-18 08:00:00+00:00,2026-04-18 08:59:59.999000+00:00,2026-04-18 08:59:59.999000+00:00,88.4,88.45,87.04,87.5,1789877.47,87.84750000000001,89.30993312609172,89.39231768990227,88.68887625955111,-1,1,0,1,-1.6374809328621787,0.7931563235647587,LONG_TO_SHORT,6.857142857144005,14.857142857143124,-49.1428571428576,0.0,0.0,0.0,0.0,-66.28571428571428,14.857142857143124,-90.28571428571497,1.0,0.0,0.0,1.0,-75.42857142857073,14.857142857143124,-146.28571428571436,1.0,0.0,0.0,1.0
SOLUSDT,1h,2026-04-20 17:00:00+00:00,2026-04-20 17:59:59.999000+00:00,2026-04-20 17:59:59.999000+00:00,85.27,86.1,85.21,85.66,944812.73,85.56,84.64938556266235,85.26537943847262,84.50725030429976,1,1,1,0,1.0757484313498766,0.8971172667942007,SHORT_TO_LONG,42.02661685734243,61.8725192622005,0.0,0.0,1.0,1.0,0.0,10.506654214335054,61.8725192622005,0.0,0.0,1.0,1.0,0.0,11.67406023815154,61.8725192622005,-15.176278309595448,0.0,1.0,1.0,0.0
SOLUSDT,1h,2026-04-21 19:00:00+00:00,2026-04-21 19:59:59.999000+00:00,2026-04-21 19:59:59.999000+00:00,85.21,85.69,84.26,84.53,1299494.65,84.92249999999999,85.56306906938082,85.68590935663632,85.17366827224461,-1,1,0,1,-0.7486513473019651,0.6014077998312883,LONG_TO_SHORT,99.37300366733793,140.77842186206001,-15.379155329467986,0.0,1.0,1.0,0.0,67.43168105997732,140.77842186206001,-15.379155329467986,0.0,1.0,1.0,0.0,173.9027564178386,186.9158878504673,-15.379155329467986,0.0,1.0,1.0,0.0
SOLUSDT,1h,2026-04-22 00:00:00+00:00,2026-04-22 00:59:59.999000+00:00,2026-04-22 00:59:59.999000+00:00,86.01,86.48,85.97,86.47,911145.88,86.23250000000002,85.5907129572231,85.68590935663632,85.37615021930328,1,1,1,0,0.7498325701500663,0.362816941894617,SHORT_TO_LONG,-28.911761304498683,4.625881808719701,-48.57175899155797,0.0,0.0,0.0,0.0,106.39528160055534,123.74233838325478,-48.57175899155797,0.0,1.0,1.0,0.0,64.76234532207803,160.74939285301238,-48.57175899155797,0.0,1.0,1.0,0.0
SOLUSDT,1h,2026-04-23 02:00:00+00:00,2026-04-23 02:59:59.999000+00:00,2026-04-23 02:59:59.999000+00:00,86.4,86.4,85.67,85.89,916802.22,86.09,87.81660607477987,88.02673966159419,86.21591920244698,-1,1,0,1,-1.9661498570208713,2.1003319061009496,LONG_TO_SHORT,-19.792758179066894,18.628478286180084,-54.72115496565344,1.0,0.0,0.0,1.0,2.3285597857714,18.628478286180084,-54.72115496565344,1.0,0.0,0.0,1.0,30.271277215043746,33.76411689370195,-54.72115496565344,1.0,0.0,0.0,1.0
SOLUSDT,1h,2026-04-24 12:00:00+00:00,2026-04-24 12:59:59.999000+00:00,2026-04-24 12:59:59.999000+00:00,86.14,86.75,86.01,86.3,1544618.16,86.3,85.60825113080296,85.95243942168975,85.55910967534045,1,1,1,0,0.8080399494905022,0.45971696975553034,SHORT_TO_LONG,-30.127462340671094,28.968713789108147,-59.096176129779245,1.0,0.0,0.0,1.0,-35.921205098493616,28.968713789108147,-81.11239860950192,1.0,0.0,0.0,1.0,-1.1587485515629492,30.127462340672206,-97.33487833140208,1.0,0.0,0.0,1.0
SOLUSDT,1h,2026-04-25 17:00:00+00:00,2026-04-25 17:59:59.999000+00:00,2026-04-25 17:59:59.999000+00:00,85.84,85.84,85.5,85.51,439137.15,85.6725,86.25519533069722,86.39966517827999,85.95029053577566,-1,1,0,1,-0.6755480970893402,0.5228308592130748,LONG_TO_SHORT,15.202900245585571,33.91416208630371,-3.50836159513479,0.0,0.0,0.0,0.0,12.86399251549497,33.91416208630371,-3.50836159513479,0.0,0.0,0.0,0.0,39.7614314115291,67.82832417261187,-3.50836159513479,0.0,1.0,1.0,0.0
SOLUSDT,1h,2026-04-26 06:00:00+00:00,2026-04-26 06:59:59.999000+00:00,2026-04-26 06:59:59.999000+00:00,86.42,86.55,86.34,86.47,197702.78,86.445,86.09461345653015,86.39966517827999,86.08879269550373,1,1,1,0,0.4069784733359061,0.3611067980425986,SHORT_TO_LONG,13.877645426159102,15.034115878338472,-9.251763617439401,0.0,0.0,0.0,0.0,6.938822713080661,30.068231756679165,-9.251763617439401,0.0,0.0,0.0,0.0,-3.4694113565403306,30.068231756679165,-10.408234069619882,0.0,0.0,0.0,0.0
SOLUSDT,1h,2026-04-26 13:00:00+00:00,2026-04-26 13:59:59.999000+00:00,2026-04-26 13:59:59.999000+00:00,86.04,86.21,85.92,86.06,602554.69,86.0575,86.14146281817015,86.20314894905272,86.08234255782402,-1,1,0,1,-0.09747085250616516,0.14033817812002525,LONG_TO_SHORT,33.697420404368295,46.47920055774968,-6.971880083662674,0.0,0.0,0.0,0.0,51.127120613525534,55.77504066930139,-6.971880083662674,0.0,1.0,1.0,0.0,49.965140599581574,56.937020683243134,-6.971880083662674,0.0,1.0,1.0,0.0
SOLUSDT,1h,2026-04-26 14:00:00+00:00,2026-04-26 14:59:59.999000+00:00,2026-04-26 14:59:59.999000+00:00,86.06,86.46,86.0,86.35,482402.23,86.2175,86.18723333047662,86.18723333047662,86.08234255782402,1,1,1,0,0.03511734668095734,0.12184934742236475,SHORT_TO_LONG,17.371163867980766,22.0034742327746,-5.790387955992848,0.0,0.0,0.0,0.0,1.1580775911990138,23.161551823973614,-5.790387955992848,0.0,0.0,0.0,0.0,47.48118123914402,71.80081065431443,-15.055008685581628,0.0,1.0,1.0,0.0
SOLUSDT,1h,2026-04-27 06:00:00+00:00,2026-04-27 06:59:59.999000+00:00,2026-04-27 06:59:59.999000+00:00,85.89,85.99,85.36,85.66,1146094.72,85.725,86.751202610054,86.86934539572208,86.09107568284514,-1,1,0,1,-1.1829260911422446,0.9040074208667592,LONG_TO_SHORT,-52.5332710716786,8.171842166706522,-53.700677095492864,1.0,0.0,0.0,1.0,-25.682932523931612,8.171842166706522,-84.05323371468599,1.0,0.0,0.0,1.0,-61.87251926219939,8.171842166706522,-84.05323371468599,1.0,0.0,0.0,1.0
SOLUSDT,1h,2026-04-29 04:00:00+00:00,2026-04-29 04:59:59.999000+00:00,2026-04-29 04:59:59.999000+00:00,84.54,85.04,84.39,84.9,1130740.67,84.7175,83.78723992416428,84.37752625661956,83.64846940882965,1,1,1,0,1.1102646138931194,0.8715722510434176,SHORT_TO_LONG,-11.778563015313326,5.889281507656108,-29.44640753828054,0.0,0.0,0.0,0.0,-37.69140164899931,8.244994110717663,-47.11425206124886,0.0,0.0,0.0,0.0,-49.469964664311526,8.244994110717663,-70.6713780918733,1.0,0.0,0.0,1.0
SOLUSDT,1h,2026-04-29 15:00:00+00:00,2026-04-29 15:59:59.999000+00:00,2026-04-29 15:59:59.999000+00:00,83.79,83.88,82.91,83.2,2020395.68,83.44500000000001,84.29972015899132,84.4297513759982,83.64846940882965,-1,1,0,1,-1.013906282700927,0.9340062916752823,LONG_TO_SHORT,-16.82692307692357,46.87499999999956,-36.057692307691624,0.0,0.0,0.0,0.0,13.221153846154632,46.87499999999956,-62.49999999999978,1.0,0.0,0.0,1.0,-128.6057692307696,46.87499999999956,-227.16346153846212,1.0,0.0,0.0,1.0
SOLUSDT,1h,2026-05-01 01:00:00+00:00,2026-05-01 01:59:59.999000+00:00,2026-05-01 01:59:59.999000+00:00,83.15,83.64,83.15,83.57,358244.5,83.3775,83.10366444329786,83.22667080831692,82.87137720520175,1,1,1,0,0.32951080862262394,0.4287289714462128,SHORT_TO_LONG,0.0,26.325236328827994,-20.34222807227315,0.0,0.0,0.0,0.0,33.50484623668714,95.72813210482423,-20.34222807227315,0.0,1.0,1.0,0.0,52.650472657653765,95.72813210482423,-20.34222807227315,0.0,1.0,1.0,0.0
SOLUSDT,1h,2026-05-02 11:00:00+00:00,2026-05-02 11:59:59.999000+00:00,2026-05-02 11:59:59.999000+00:00,83.89,83.89,83.47,83.64,439620.84,83.7225,83.83850242704034,84.05772261639461,83.83850242704034,-1,1,0,1,-0.13836414497180316,0.26147913310481385,LONG_TO_SHORT,19.129603060736855,49.01960784313708,-2.391200382592107,0.0,0.0,0.0,0.0,29.890004782400226,49.01960784313708,-2.391200382592107,0.0,0.0,0.0,0.0,41.84600669536076,49.01960784313708,-2.391200382592107,0.0,0.0,0.0,0.0
SOLUSDT,1h,2026-05-02 16:00:00+00:00,2026-05-02 16:59:59.999000+00:00,2026-05-02 16:59:59.999000+00:00,83.99,84.23,83.97,84.15,394808.59,84.08500000000001,83.79274699450393,84.05772261639461,83.76119714173899,1,1,1,0,0.3487807906754181,0.354012937701742,SHORT_TO_LONG,-17.825311942959445,1.1883541295287792,-23.76708259061222,0.0,0.0,0.0,0.0,-1.1883541295309996,2.376708259059779,-30.897207367796,0.0,0.0,0.0,0.0,1.1883541295287792,15.448603683896334,-30.897207367796,0.0,0.0,0.0,0.0
SOLUSDT,1h,2026-05-03 02:00:00+00:00,2026-05-03 02:59:59.999000+00:00,2026-05-03 02:59:59.999000+00:00,83.7,83.79,83.56,83.63,448155.57,83.67,84.02879835271537,84.04244292037552,83.76119714173899,-1,1,0,1,-0.4269945063468561,0.3357709634457695,LONG_TO_SHORT,-2.3914863087404203,9.565945234963902,-11.957431543703212,0.0,0.0,0.0,0.0,2.3914863087415306,9.565945234963902,-13.153174698075087,0.0,0.0,0.0,0.0,8.370202080594247,23.914863087408644,-13.153174698075087,0.0,0.0,0.0,0.0
SOLUSDT,1h,2026-05-03 13:00:00+00:00,2026-05-03 13:59:59.999000+00:00,2026-05-03 13:59:59.999000+00:00,84.05,84.17,83.93,84.05,290671.95,84.05,84.01027419030025,84.04244292037552,83.82930357687091,1,1,1,0,0.047286846856087195,0.25425398328540183,SHORT_TO_LONG,30.933967876265456,42.83164782867388,-1.1897679952399542,0.0,0.0,0.0,0.0,8.328375966686341,42.83164782867388,-1.1897679952399542,0.0,0.0,0.0,0.0,13.087447947650599,42.83164782867388,-11.897679952408424,0.0,0.0,0.0,0.0
SOLUSDT,1h,2026-05-04 00:00:00+00:00,2026-05-04 00:59:59.999000+00:00,2026-05-04 00:59:59.999000+00:00,83.86,83.86,83.29,83.75,1061733.18,83.69,84.0740647300985,84.10463121057143,83.93796505009132,-1,1,0,1,-0.45681713062341034,0.19855873367986554,LONG_TO_SHORT,117.01492537313563,138.50746268656567,-45.3731343283581,0.0,1.0,1.0,0.0,175.52238805970123,223.2835820895529,-45.3731343283581,0.0,1.0,1.0,0.0,237.61194029850773,254.32835820895505,-45.3731343283581,0.0,1.0,1.0,0.0
SOLUSDT,1h,2026-05-04 01:00:00+00:00,2026-05-04 01:59:59.999000+00:00,2026-05-04 01:59:59.999000+00:00,83.75,84.91,83.37,84.73,1979701.12,84.19,84.10343171972623,84.10463121057143,83.93796505009132,1,1,1,0,0.10293073481502102,0.19855873367986554,SHORT_TO_LONG,57.83075652071146,105.0395373539481,-3.540658562493082,0.0,1.0,1.0,0.0,76.71426885400567,105.0395373539481,-3.540658562493082,0.0,1.0,1.0,0.0,73.17361029151259,135.7252448955504,-3.540658562493082,0.0,1.0,1.0,0.0
SOLUSDT,1h,2026-05-04 12:00:00+00:00,2026-05-04 12:59:59.999000+00:00,2026-05-04 12:59:59.999000+00:00,83.9,84.11,83.8,83.83,708106.13,83.91,84.62861026299375,84.73106877007683,83.93796505009132,-1,1,0,1,-0.8491339521712327,0.9448688915822734,LONG_TO_SHORT,14.314684480496442,56.06584754860977,-38.17249194798866,0.0,1.0,1.0,0.0,133.60372181796532,175.35488488607865,-38.17249194798866,0.0,1.0,1.0,0.0,72.766312775856,175.35488488607865,-38.17249194798866,0.0,1.0,1.0,0.0
SOLUSDT,1h,2026-05-04 17:00:00+00:00,2026-05-04 17:59:59.999000+00:00,2026-05-04 17:59:59.999000+00:00,84.45,85.17,84.44,84.91,925270.67,84.7425,84.60611351275539,84.73106877007683,84.07067130456463,1,1,1,0,0.16120169285882557,0.7855265757540586,SHORT_TO_LONG,-22.376634083146605,14.132610999881834,-43.575550582969356,0.0,0.0,0.0,0.0,-56.530443999527336,14.132610999881834,-68.30761983276368,1.0,0.0,0.0,1.0,-61.24131433282276,14.132610999881834,-105.99458249911598,1.0,0.0,0.0,1.0
SOLUSDT,1h,2026-05-04 22:00:00+00:00,2026-05-04 22:59:59.999000+00:00,2026-05-04 22:59:59.999000+00:00,84.38,84.52,84.12,84.16,351735.32,84.29499999999999,84.6282588634143,84.73106877007683,84.41294486782253,-1,1,0,1,-0.393791468582827,0.37686625286255104,LONG_TO_SHORT,-13.070342205323549,2.3764258555147855,-23.764258555133424,0.0,0.0,0.0,0.0,11.882129277567266,20.199619771863464,-23.764258555133424,0.0,0.0,0.0,0.0,36.83460076045586,71.29277566539915,-23.764258555133424,0.0,1.0,1.0,0.0
SOLUSDT,1h,2026-05-05 05:00:00+00:00,2026-05-05 05:59:59.999000+00:00,2026-05-05 05:59:59.999000+00:00,84.74,85.1,84.68,84.9,830480.52,84.85499999999999,84.40576236261288,84.68985271738315,84.39729199107077,1,1,1,0,0.5322357441156278,0.34664705396392215,SHORT_TO_LONG,5.889281507656108,8.244994110717663,-44.75853945818731,0.0,0.0,0.0,0.0,-8.244994110719883,16.489988221437546,-44.75853945818731,0.0,0.0,0.0,0.0,-44.75853945818731,16.489988221437546,-58.89281507656108,1.0,0.0,0.0,1.0
SOLUSDT,1h,2026-05-07 15:00:00+00:00,2026-05-07 15:59:59.999000+00:00,2026-05-07 15:59:59.999000+00:00,88.1,88.54,87.75,88.28,1483727.92,88.16749999999999,88.89513705314977,89.01870867108389,88.48313821162064,-1,1,0,1,-0.8185341485156039,0.6052796841160335,LONG_TO_SHORT,13.59311282283615,53.23969188944177,-28.31898504757624,0.0,1.0,1.0,0.0,53.23969188944177,62.30176710466662,-41.91209787041239,0.0,1.0,1.0,0.0,14.725872224738978,83.82419574082478,-41.91209787041239,0.0,1.0,1.0,0.0
SOLUSDT,1h,2026-05-08 15:00:00+00:00,2026-05-08 15:59:59.999000+00:00,2026-05-08 15:59:59.999000+00:00,89.1,89.56,88.36,89.55,1527006.8,89.1425,88.35569968757378,88.82180153718306,88.23449955130415,1,1,1,0,0.8904918587123944,0.6656149112484355,SHORT_TO_LONG,-2.233389168062594,21.217197096594642,-29.0340591848115,0.0,0.0,0.0,0.0,230.0390843104405,266.89000558347334,-29.0340591848115,0.0,1.0,1.0,0.0,336.1250697934115,360.69235064210005,-29.0340591848115,0.0,1.0,1.0,0.0
SOLUSDT,1h,2026-05-12 11:00:00+00:00,2026-05-12 11:59:59.999000+00:00,2026-05-12 11:59:59.999000+00:00,94.97,95.01,94.52,94.92,1186873.96,94.855,96.63280902616096,96.64349145428017,95.58895038542553,-1,1,0,1,-1.8397571633042897,1.1032039420901807,LONG_TO_SHORT,25.284450063209896,63.21112515802696,-63.211125158029176,1.0,1.0,1.0,1.0,-26.33796881584494,63.21112515802696,-63.211125158029176,1.0,1.0,1.0,1.0,-115.88706278971905,63.21112515802696,-143.2785503581968,1.0,1.0,1.0,1.0
SOLUSDT,1h,2026-05-14 16:00:00+00:00,2026-05-14 16:59:59.999000+00:00,2026-05-14 16:59:59.999000+00:00,93.11,93.64,92.26,93.27,2372795.3,93.07,91.22443067475803,92.59776443671265,90.80125344690533,1,1,1,0,2.0231086251685904,1.9785090200960642,SHORT_TO_LONG,-31.09252707194088,28.94821486008503,-110.4320789106894,1.0,0.0,0.0,1.0,11.793717165218265,35.381151495657015,-110.4320789106894,1.0,0.0,0.0,1.0,-62.185054143882866,35.381151495657015,-110.4320789106894,1.0,0.0,0.0,1.0
SOLUSDT,1h,2026-05-15 06:00:00+00:00,2026-05-15 06:59:59.999000+00:00,2026-05-15 06:59:59.999000+00:00,90.54,91.04,90.41,90.97,715597.1799999999,90.74000000000001,92.13302200955657,92.23008005943198,90.80125344690533,-1,1,0,1,-1.5119682163601156,1.573575868489674,LONG_TO_SHORT,64.85654611410484,79.14697152907601,-9.893371441135335,0.0,1.0,1.0,0.0,28.58085082994455,79.14697152907601,-9.893371441135335,0.0,1.0,1.0,0.0,49.46685720567334,79.14697152907601,-10.99263493459346,0.0,1.0,1.0,0.0
SOLUSDT,1h,2026-05-17 21:00:00+00:00,2026-05-17 21:59:59.999000+00:00,2026-05-17 21:59:59.999000+00:00,86.62,86.92,86.53,86.87,279402.49,86.73500000000001,86.55577424703243,86.55577424703243,86.26078641239957,1,1,1,0,0.20706388975975099,0.34197211375117664,SHORT_TO_LONG,-80.58017727639033,0.0,-107.05652123863318,1.0,0.0,0.0,1.0,-195.69471624266143,0.0,-409.8077587199267,1.0,0.0,0.0,1.0,-222.17106020490428,0.0,-409.8077587199267,1.0,0.0,0.0,1.0
SOLUSDT,1h,2026-05-17 23:00:00+00:00,2026-05-17 23:59:59.999000+00:00,2026-05-17 23:59:59.999000+00:00,86.18,86.19,83.31,85.17,3717386.6999999997,85.2125,86.18747097101628,86.59624445538681,86.18747097101628,-1,1,0,1,-1.1312212320792492,0.47428411550443084,LONG_TO_SHORT,14.08946812257783,16.437712809673766,-100.9745215451452,1.0,0.0,0.0,1.0,-27.004813901608806,30.527180932253817,-100.9745215451452,1.0,0.0,0.0,1.0,-44.61664905483054,30.527180932253817,-100.9745215451452,1.0,0.0,0.0,1.0
SOLUSDT,1h,2026-05-19 07:00:00+00:00,2026-05-19 07:59:59.999000+00:00,2026-05-19 07:59:59.999000+00:00,85.21,85.59,85.08,85.43,384762.71,85.3275,84.70706559274076,85.16034173946034,84.58962067649959,1,1,1,0,0.7324470549389561,0.674693961737205,SHORT_TO_LONG,-30.434273674353474,14.04658784970092,-53.84525342385649,1.0,0.0,0.0,1.0,-85.45007608568467,14.04658784970092,-118.22544773498866,1.0,0.0,0.0,1.0,-129.93093760974017,14.04658784970092,-142.80697647196638,1.0,0.0,0.0,1.0
SOLUSDT,1h,2026-05-19 11:00:00+00:00,2026-05-19 11:59:59.999000+00:00,2026-05-19 11:59:59.999000+00:00,84.66,84.77,84.21,84.32,462489.22,84.49,84.78347112407754,84.8862900644333,84.58962067649959,-1,1,0,1,-0.3461419073631178,0.3507160636980089,LONG_TO_SHORT,47.43833017077925,50.99620493358658,-10.673624288424222,0.0,1.0,1.0,0.0,50.99620493358658,88.94686907020777,-10.673624288424222,0.0,1.0,1.0,0.0,1.1859582542705915,88.94686907020777,-83.01707779886036,1.0,1.0,1.0,1.0
SOLUSDT,1h,2026-05-20 09:00:00+00:00,2026-05-20 09:59:59.999000+00:00,2026-05-20 09:59:59.999000+00:00,84.94,85.04,84.78,84.84,226434.18,84.9,84.4118405385089,84.89060340714735,84.38906549387191,1,1,1,0,0.5783068564515048,0.594316230829528,SHORT_TO_LONG,8.250825082507518,37.71805752003754,-2.357378595003734,0.0,0.0,0.0,0.0,-22.39509665252215,37.71805752003754,-37.71805752003865,0.0,0.0,0.0,0.0,-25.93116454502553,54.219707685052576,-86.04431871758634,1.0,1.0,1.0,1.0
SOLUSDT,1h,2026-05-22 18:00:00+00:00,2026-05-22 18:59:59.999000+00:00,2026-05-22 18:59:59.999000+00:00,86.6,86.65,84.51,85.42,2417999.39,85.795,86.76608295655541,87.17237637148588,86.5765025224737,-1,1,0,1,-1.1191964918384478,0.6882627868427749,LONG_TO_SHORT,-106.53242800280904,19.90166237415103,-176.77358932334351,1.0,0.0,0.0,1.0,-55.022243034418274,19.90166237415103,-176.77358932334351,1.0,0.0,0.0,1.0,-58.534301100444665,19.90166237415103,-176.77358932334351,1.0,0.0,0.0,1.0
SOLUSDT,1h,2026-05-23 21:00:00+00:00,2026-05-23 21:59:59.999000+00:00,2026-05-23 21:59:59.999000+00:00,87.04,87.51,85.92,86.23,1799754.08,86.67500000000001,83.84232463853122,85.91866710104287,83.31921209261246,1,1,1,0,3.378574453512928,3.119874688134372,SHORT_TO_LONG,-54.505392554795584,39.42943291197931,-90.45575785689431,1.0,0.0,0.0,1.0,-60.30383857126398,39.42943291197931,-90.45575785689431,1.0,0.0,0.0,1.0,-31.311608488926446,39.42943291197931,-90.45575785689431,1.0,0.0,0.0,1.0
SOLUSDT,1h,2026-05-25 03:00:00+00:00,2026-05-25 03:59:59.999000+00:00,2026-05-25 03:59:59.999000+00:00,85.01,85.13,84.72,84.88,338611.42,84.935,85.46823793071687,86.08116971483722,85.12194566859554,-1,1,0,1,-0.6239018653328543,1.1268821908467785,LONG_TO_SHORT,107.21017907634467,127.23845428840752,-2.3562676720068065,0.0,1.0,1.0,0.0,123.70405278039786,149.6229971724805,-2.3562676720068065,0.0,1.0,1.0,0.0,121.34778510838773,149.6229971724805,-2.3562676720068065,0.0,1.0,1.0,0.0
SOLUSDT,1h,2026-05-25 14:00:00+00:00,2026-05-25 14:59:59.999000+00:00,2026-05-25 14:59:59.999000+00:00,85.98,86.41,85.89,86.29,531830.31,86.1425,85.28051834063344,85.93201727950921,85.23185245342303,1,1,1,0,1.0107603426184442,0.8214825865351161,SHORT_TO_LONG,-9.27106269556277,23.17765673890193,-32.448719434465815,0.0,0.0,0.0,0.0,-9.27106269556277,23.17765673890193,-42.878664966972124,0.0,0.0,0.0,0.0,-48.67307915169761,23.17765673890193,-53.30861049947955,1.0,0.0,0.0,1.0
SOLUSDT,1h,2026-05-25 22:00:00+00:00,2026-05-25 22:59:59.999000+00:00,2026-05-25 22:59:59.999000+00:00,85.34,85.51,84.64,84.76,855810.1,85.0625,85.76934216940708,85.77838019500466,85.23185245342303,-1,1,0,1,-0.8241198446071407,0.6412247602858301,LONG_TO_SHORT,29.49504483246823,48.37187352524808,-9.438414346389923,0.0,0.0,0.0,0.0,-49.55167531854654,48.37187352524808,-108.541764983483,1.0,0.0,0.0,1.0,-94.38414346389922,48.37187352524808,-114.44077394997643,1.0,0.0,0.0,1.0
SOLUSDT,1h,2026-05-29 07:00:00+00:00,2026-05-29 07:59:59.999000+00:00,2026-05-29 07:59:59.999000+00:00,82.25,82.42,81.86,82.18,646665.53,82.17750000000001,81.6643754913384,81.87346201790386,81.28357170823558,1,1,1,0,0.6283333529147228,0.7257189826569865,SHORT_TO_LONG,-2.4336821611115056,34.07155025553443,-7.301046483330076,0.0,0.0,0.0,0.0,25.553662691650825,51.10732538330387,-7.301046483330076,0.0,1.0,1.0,0.0,-54.757848624970016,51.10732538330387,-86.39571671939738,1.0,1.0,1.0,1.0
SOLUSDT,1h,2026-05-29 14:00:00+00:00,2026-05-29 14:59:59.999000+00:00,2026-05-29 14:59:59.999000+00:00,81.4,81.55,80.3,81.3,2290414.63,81.1375,81.83736732160358,82.13392936170408,81.28357170823558,-1,1,0,1,-0.8551928593367952,1.0461617711889248,LONG_TO_SHORT,152.5215252152523,237.39237392373934,-15.9901599015988,0.0,1.0,1.0,0.0,194.3419434194338,237.39237392373934,-15.9901599015988,0.0,1.0,1.0,0.0,89.79089790897899,237.39237392373934,-15.9901599015988,0.0,1.0,1.0,0.0
SOLUSDT,1h,2026-05-29 16:00:00+00:00,2026-05-29 16:59:59.999000+00:00,2026-05-29 16:59:59.999000+00:00,82.54,83.1,82.13,82.88,1213907.13,82.6625,81.91139898487711,82.13392936170408,81.28357170823558,1,1,1,0,0.916967631405674,1.0461617711889248,SHORT_TO_LONG,-15.68532818532753,39.81660231660244,-30.16409266409226,0.0,0.0,0.0,0.0,-102.55791505791478,39.81660231660244,-138.7548262548255,1.0,0.0,0.0,1.0,-83.25289575289551,39.81660231660244,-162.8861003860993,1.0,0.0,0.0,1.0
SOLUSDT,1h,2026-05-31 14:00:00+00:00,2026-05-31 14:59:59.999000+00:00,2026-05-31 14:59:59.999000+00:00,82.73,82.73,81.69,81.91,1536006.15,82.265,82.72346762443277,82.86052853237217,82.54244395576546,-1,1,0,1,-0.5542171255613071,0.3853588061642155,LONG_TO_SHORT,-9.766817238432424,39.067268953729695,-18.312782322059682,0.0,0.0,0.0,0.0,-45.17152972774885,39.067268953729695,-64.7051642046148,1.0,0.0,0.0,1.0,-25.637895250884,39.067268953729695,-64.7051642046148,1.0,0.0,0.0,1.0
SOLUSDT,1h,2026-06-07 04:00:00+00:00,2026-06-07 04:59:59.999000+00:00,2026-06-07 04:59:59.999000+00:00,63.77,64.08,63.25,64.05,1002278.91,63.787499999999994,62.415588004570694,63.622981137484764,62.05845884352996,1,1,1,0,2.1980278313309176,2.5210459993850076,SHORT_TO_LONG,23.419203747072626,64.01249024199807,-32.78688524590012,0.0,1.0,1.0,0.0,115.53473848555873,140.51522248243575,-32.78688524590012,0.0,1.0,1.0,0.0,291.9594067135067,293.5206869633111,-32.78688524590012,0.0,1.0,1.0,0.0
SOLUSDT,1h,2026-06-09 12:00:00+00:00,2026-06-09 12:59:59.999000+00:00,2026-06-09 12:59:59.999000+00:00,66.07,66.49,65.91,66.17,896721.42,66.16,66.64581692369,66.81346968243551,66.28452491745267,-1,1,0,1,-0.7289533628888845,0.7979913345408374,LONG_TO_SHORT,-55.916578509899175,25.69140093698019,-93.69805047604763,1.0,0.0,0.0,1.0,-172.28351216563408,25.69140093698019,-278.0716336708489,1.0,0.0,0.0,1.0,-309.8080701224115,25.69140093698019,-403.5061205984591,1.0,0.0,0.0,1.0
SOLUSDT,1h,2026-06-11 04:00:00+00:00,2026-06-11 04:59:59.999000+00:00,2026-06-11 04:59:59.999000+00:00,65.23,65.31,64.91,65.17,639764.38,65.155,64.13480141746537,64.64775749159713,64.0342450472819,1,1,1,0,1.5907098174265277,0.9581005348969551,SHORT_TO_LONG,-35.29231241368835,4.603345097438094,-38.36120914531227,0.0,0.0,0.0,0.0,-13.810035292313172,36.82676077949809,-59.84348626668745,1.0,0.0,0.0,1.0,16.878932023938198,53.70569280343629,-67.51572809574947,1.0,1.0,1.0,1.0
SOLUSDT,1h,2026-06-14 14:00:00+00:00,2026-06-14 14:59:59.999000+00:00,2026-06-14 14:59:59.999000+00:00,67.72,67.8,66.89,67.24,1363483.1,67.4125,68.32938736895676,68.47997162100654,67.62638521197745,-1,1,0,1,-1.3418638806255712,1.262209130879155,LONG_TO_SHORT,22.308149910768016,40.154669839382876,-2.974419988102106,0.0,0.0,0.0,0.0,31.231409875076555,71.38607971445721,-2.974419988102106,0.0,1.0,1.0,0.0,19.33372992266591,71.38607971445721,-14.87209994051053,0.0,1.0,1.0,0.0
SOLUSDT,1h,2026-06-14 21:00:00+00:00,2026-06-14 21:59:59.999000+00:00,2026-06-14 21:59:59.999000+00:00,67.76,70.5,67.76,70.12,3161475.58,69.035,68.17835624691594,68.47997162100654,67.95812543386997,1,1,1,0,1.256474635413074,0.767893734273728,SHORT_TO_LONG,39.93154592127901,81.28921848260084,-68.454078722191,1.0,1.0,1.0,1.0,159.7261836851094,161.15231032515663,-68.454078722191,1.0,1.0,1.0,1.0,122.6468910439249,223.90188248716302,-68.454078722191,1.0,1.0,1.0,1.0
SOLUSDT,1h,2026-06-16 16:00:00+00:00,2026-06-16 16:59:59.999000+00:00,2026-06-16 16:59:59.999000+00:00,73.24,73.45,72.96,73.06,773336.78,73.1775,73.97965967087093,74.53913266984149,73.41921082864795,-1,1,0,1,-1.0842975953656353,1.5253798407167674,LONG_TO_SHORT,79.3868053654534,101.28661374212867,-6.843690117711576,0.0,1.0,1.0,0.0,125.92389816589167,172.46099096632773,-6.843690117711576,0.0,1.0,1.0,0.0,143.71749247193978,172.46099096632773,-6.843690117711576,0.0,1.0,1.0,0.0
SOLUSDT,1h,2026-06-20 02:00:00+00:00,2026-06-20 02:59:59.999000+00:00,2026-06-20 02:59:59.999000+00:00,69.76,69.83,69.44,69.61,330165.97,69.66,68.93512919359101,69.50112600075482,68.8002109428406,1,1,1,0,1.051525999716807,1.0187687629279907,SHORT_TO_LONG,51.71670736963119,66.08245941674973,-2.873150409423708,0.0,1.0,1.0,0.0,175.26217497485953,206.86682947852253,-2.873150409423708,0.0,1.0,1.0,0.0,350.52434994971907,407.98735813819985,-2.873150409423708,0.0,1.0,1.0,0.0
SOLUSDT,1h,2026-06-22 15:00:00+00:00,2026-06-22 15:59:59.999000+00:00,2026-06-22 15:59:59.999000+00:00,73.39,73.76,72.93,73.09,1461295.94,73.2925,73.7312009886036,73.77036452377,73.51093708554122,-1,1,0,1,-0.5950004648254792,0.35290998661450246,LONG_TO_SHORT,-25.99534820084792,10.945409768778891,-80.72239704474016,1.0,0.0,0.0,1.0,20.522643316458478,27.363524421946117,-80.72239704474016,1.0,0.0,0.0,1.0,-58.83157750718348,60.19975372828057,-94.4041592557121,1.0,1.0,1.0,1.0
SOLUSDT,1h,2026-06-25 23:00:00+00:00,2026-06-25 23:59:59.999000+00:00,2026-06-25 23:59:59.999000+00:00,67.11,68.8,66.96,67.69,1705940.9,67.64,66.87016567354372,67.50450392222734,66.83215658167634,1,1,1,0,1.1512373548086652,1.0060237091546131,SHORT_TO_LONG,2.9546461811191804,57.615600531837345,-14.773230905598123,0.0,1.0,1.0,0.0,-59.09292362239471,57.615600531837345,-87.16206234303469,1.0,1.0,1.0,1.0,70.91150834687588,116.70852415423427,-270.35012557246273,1.0,1.0,1.0,1.0
SOLUSDT,1h,2026-06-26 02:00:00+00:00,2026-06-26 02:59:59.999000+00:00,2026-06-26 02:59:59.999000+00:00,67.29,67.32,65.86,66.18,1908334.14,66.66250000000001,66.70086160159151,67.45062447203593,66.70086160159151,-1,1,0,1,-0.057512902637812946,1.124067744316104,LONG_TO_SHORT,300.6950740404957,347.53702024780785,-45.33091568449832,0.0,1.0,1.0,0.0,281.0516772438798,347.53702024780785,-45.33091568449832,0.0,1.0,1.0,0.0,574.1915986702928,575.7026291931089,-45.33091568449832,0.0,1.0,1.0,0.0
SOLUSDT,1h,2026-06-26 04:00:00+00:00,2026-06-26 04:59:59.999000+00:00,2026-06-26 04:59:59.999000+00:00,68.18,68.36,67.92,68.04,948212.37,68.12500000000001,66.6839833808071,67.2964997401159,66.6839833808071,1,1,1,0,2.160963616951017,0.918535948596455,SHORT_TO_LONG,44.09171075837604,57.319223985889955,-14.697236919460899,0.0,1.0,1.0,0.0,285.12639623750727,286.596119929452,-14.697236919460899,0.0,1.0,1.0,0.0,273.3686067019403,430.6290417401515,-14.697236919460899,0.0,1.0,1.0,0.0
SOLUSDT,1h,2026-06-27 22:00:00+00:00,2026-06-27 22:59:59.999000+00:00,2026-06-27 22:59:59.999000+00:00,70.94,71.06,70.21,71.04,1122091.98,70.8125,71.90351357512836,72.29288928172988,71.14061902381292,-1,1,0,1,-1.5173299897068504,1.6197079442495044,LONG_TO_SHORT,-80.23648648648796,12.668918918916638,-91.49774774774855,1.0,0.0,0.0,1.0,-52.083333333333705,12.668918918916638,-91.49774774774855,1.0,0.0,0.0,1.0,-52.083333333333705,12.668918918916638,-91.49774774774855,1.0,0.0,0.0,1.0
SOLUSDT,1h,2026-06-29 02:00:00+00:00,2026-06-29 02:59:59.999000+00:00,2026-06-29 02:59:59.999000+00:00,71.45,72.19,70.46,72.16,1556176.38,71.565,71.28450045907539,71.44408057806626,71.18746838627683,1,1,1,0,0.39349303020737025,0.3604738272149355,SHORT_TO_LONG,66.51884700665134,157.98226164079887,-4.1574279379164025,0.0,1.0,1.0,0.0,-70.67627494456663,157.98226164079887,-80.37694013303786,1.0,1.0,1.0,1.0,26.330376940133515,157.98226164079887,-164.911308203991,1.0,1.0,1.0,1.0
SOLUSDT,1h,2026-06-30 13:00:00+00:00,2026-06-30 13:59:59.999000+00:00,2026-06-30 13:59:59.999000+00:00,72.06,72.91,71.85,72.85,2332236.65,72.41749999999999,74.09668708777176,74.60360400452109,73.11305481434974,-1,1,0,1,-2.266210749453179,2.038690893105466,LONG_TO_SHORT,10.981468771449343,141.38641043239585,-21.962937542895354,0.0,1.0,1.0,0.0,34.31708991077586,168.84008236101698,-38.43514070006826,0.0,1.0,1.0,0.0,42.553191489362874,168.84008236101698,-38.43514070006826,0.0,1.0,1.0,0.0
SOLUSDT,1h,2026-07-01 03:00:00+00:00,2026-07-01 03:59:59.999000+00:00,2026-07-01 03:59:59.999000+00:00,74.76,75.67,74.31,75.44,1485706.17,75.045,73.41699447555425,74.60360400452109,73.24784565475903,1,1,1,0,2.2174777598500395,1.8509190784288476,SHORT_TO_LONG,11.930010604455088,54.34782608695565,-30.487804878048806,0.0,1.0,1.0,0.0,-30.487804878048806,54.34782608695565,-43.74337221633051,0.0,1.0,1.0,0.0,-80.85896076352017,54.34782608695565,-202.8101802757165,1.0,1.0,1.0,1.0
SOLUSDT,1h,2026-07-04 23:00:00+00:00,2026-07-04 23:59:59.999000+00:00,2026-07-04 23:59:59.999000+00:00,81.9,81.9,81.38,81.74,521403.61,81.73,82.2988682964013,82.43163245132395,82.02550235155962,-1,1,0,1,-0.6912225018119278,0.49512662296617993,LONG_TO_SHORT,-57.49938830437951,3.6701737215572017,-81.96721311475419,1.0,0.0,0.0,1.0,-112.55199412772198,3.6701737215572017,-150.47712258380085,1.0,0.0,0.0,1.0,-150.47712258380085,3.6701737215572017,-193.29581600195712,1.0,0.0,0.0,1.0
SOLUSDT,1h,2026-07-05 22:00:00+00:00,2026-07-05 22:59:59.999000+00:00,2026-07-05 22:59:59.999000+00:00,81.75,82.4,81.6,81.79,1203549.78,81.885,80.86970793213129,81.67239419059348,80.70937971002263,1,1,1,0,1.2554664704870433,1.1931878104265214,SHORT_TO_LONG,-29.343440518402318,30.566083873333483,-47.68309084240086,0.0,0.0,0.0,0.0,45.23780413253409,51.351020907199896,-88.03032155520363,1.0,1.0,1.0,1.0,-99.03411174960297,62.354811101601456,-122.26433549333615,1.0,1.0,1.0,1.0
SOLUSDT,1h,2026-07-06 05:00:00+00:00,2026-07-06 05:59:59.999000+00:00,2026-07-06 05:59:59.999000+00:00,80.77,80.79,80.11,80.38,677966.2000000001,80.5125,81.16786279684298,81.18519076896179,80.70937971002263,-1,1,0,1,-0.8074165984674253,0.5895362604057652,LONG_TO_SHORT,-8.708633988553371,13.684996267728788,-21.14953968648914,0.0,0.0,0.0,0.0,48.51953222194672,74.64543418761016,-21.14953968648914,0.0,1.0,1.0,0.0,-42.29907937297717,83.35406817616243,-47.27544165215147,0.0,1.0,1.0,0.0
SOLUSDT,1h,2026-07-06 16:00:00+00:00,2026-07-06 16:59:59.999000+00:00,2026-07-06 16:59:59.999000+00:00,81.45,82.37,81.23,82.07,2133747.45,81.78,80.77484931207661,81.21866662211667,80.65625159615304,1,1,1,0,1.2443857171926753,0.6972987398170316,SHORT_TO_LONG,-57.26818569513847,9.747776288535626,-81.63762641647199,1.0,0.0,0.0,1.0,-13.40319239673482,24.369440721336844,-98.69623492140711,1.0,0.0,0.0,1.0,-2.436944072132796,24.369440721336844,-98.69623492140711,1.0,0.0,0.0,1.0
SOLUSDT,1h,2026-07-07 21:00:00+00:00,2026-07-07 21:59:59.999000+00:00,2026-07-07 21:59:59.999000+00:00,81.13,81.39,80.5,80.78,641494.71,80.94999999999999,81.41269923042644,81.71453088072194,81.00604158575092,-1,1,0,1,-0.5683379064939875,0.874612906768224,LONG_TO_SHORT,4.951720722949915,33.42411487992081,-63.13443921762918,1.0,0.0,0.0,1.0,-29.710324337707263,39.6137657836082,-63.13443921762918,1.0,0.0,0.0,1.0,-214.16192126764045,39.6137657836082,-252.5377568705134,1.0,0.0,0.0,1.0
SOLUSDT,1h,2026-07-09 17:00:00+00:00,2026-07-09 17:59:59.999000+00:00,2026-07-09 17:59:59.999000+00:00,77.63,78.13,77.59,78.02,525203.08,77.8425,77.77897547603321,77.77897547603321,77.23830689311536,1,1,1,0,0.08167313027460654,0.7000005627596728,SHORT_TO_LONG,16.66239425788474,48.705460138427355,-7.6903358113311615,0.0,0.0,0.0,0.0,14.098948987439908,48.705460138427355,-20.507562163547544,0.0,0.0,0.0,0.0,-2.5634452704426103,48.705460138427355,-20.507562163547544,0.0,0.0,0.0,0.0
SOLUSDT,1h,2026-07-10 18:00:00+00:00,2026-07-10 18:59:59.999000+00:00,2026-07-10 18:59:59.999000+00:00,77.55,77.88,77.29,77.48,541505.09,77.55000000000001,78.55225888782267,78.81060768581608,77.92261163539041,-1,1,0,1,-1.275913515426652,1.1395871259817447,LONG_TO_SHORT,47.75425916365484,69.69540526587492,-9.034589571503826,0.0,1.0,1.0,0.0,30.975735673721694,69.69540526587492,-9.034589571503826,0.0,1.0,1.0,0.0,81.31130614352111,94.21786267423738,-9.034589571503826,0.0,1.0,1.0,0.0
SOLUSDT,1h,2026-07-14 13:00:00+00:00,2026-07-14 13:59:59.999000+00:00,2026-07-14 13:59:59.999000+00:00,76.83,77.71,76.46,76.91,2392861.31,76.97749999999999,75.55922108443716,76.05839751312949,75.01401833565824,1,1,1,0,1.8770427953166857,1.3922453437943627,SHORT_TO_LONG,53.309062540631835,72.81237810427888,-36.40618905213944,0.0,1.0,1.0,0.0,57.20972565335991,141.72409309582744,-36.40618905213944,0.0,1.0,1.0,0.0,31.205304901833486,141.72409309582744,-36.40618905213944,0.0,1.0,1.0,0.0
SOLUSDT,1h,2026-07-16 01:00:00+00:00,2026-07-16 01:59:59.999000+00:00,2026-07-16 01:59:59.999000+00:00,76.89,77.11,76.66,77.05,710623.48,76.9275,77.73775750121592,77.834080218431,77.15229477551881,-1,1,0,1,-1.0422959540648646,0.8836878344265608,LONG_TO_SHORT,3.8935756002600463,7.787151200520093,-31.14860480207593,0.0,0.0,0.0,0.0,-19.467878001296903,23.361453601558058,-38.935756002594914,0.0,0.0,0.0,0.0,48.020765736536134,54.51005840363399,-70.08436080467084,1.0,1.0,1.0,1.0
SOLUSDT,1h,2026-07-18 17:00:00+00:00,2026-07-18 17:59:59.999000+00:00,2026-07-18 17:59:59.999000+00:00,75.12,75.37,75.02,75.31,329273.82,75.205,74.96901342546658,75.04865299746452,74.58424934401444,1,1,1,0,0.31477881827539633,0.6226564690730463,SHORT_TO_LONG,-9.294914354004424,38.50750232372802,-21.245518523436147,0.0,0.0,0.0,0.0,11.950604169432832,38.50750232372802,-21.245518523436147,0.0,0.0,0.0,0.0,17.26198380029187,38.50750232372802,-21.245518523436147,0.0,0.0,0.0,0.0
SOLUSDT,1h,2026-07-22 06:00:00+00:00,2026-07-22 06:59:59.999000+00:00,2026-07-22 06:59:59.999000+00:00,77.38,77.47,76.95,77.26,1048483.61,77.265,77.98814405577436,78.21168524482674,77.98814405577436,-1,1,0,1,-0.9272487049533984,0.28663483630604336,LONG_TO_SHORT,-25.886616619208436,3.8829924928807102,-41.4185865907335,0.0,0.0,0.0,0.0,15.531969971522841,28.47527828112817,-41.4185865907335,0.0,0.0,0.0,0.0,47.890240745533944,56.95055656225634,-41.4185865907335,0.0,1.0,1.0,0.0
SOLUSDT,1h,2026-07-22 15:00:00+00:00,2026-07-22 15:59:59.999000+00:00,2026-07-22 15:59:59.999000+00:00,77.86,78.85,77.85,78.43,1463866.61,78.2475,77.75301126249573,78.20928162460218,77.66191941504424,1,1,1,0,0.63597374490727,0.7048012895904732,SHORT_TO_LONG,14.025245441795509,44.62578095116632,-47.17582557694833,0.0,0.0,0.0,0.0,-33.15058013515282,44.62578095116632,-47.17582557694833,0.0,0.0,0.0,0.0,-104.55182965702025,44.62578095116632,-149.17761060818546,1.0,0.0,0.0,1.0
SOLUSDT,1h,2026-07-22 19:00:00+00:00,2026-07-22 19:59:59.999000+00:00,2026-07-22 19:59:59.999000+00:00,77.7,77.77,77.26,77.61,493987.3,77.58500000000001,77.80735268286853,78.20928162460218,77.66191941504424,-1,1,0,1,-0.2857733558611075,0.7048012895904732,LONG_TO_SHORT,18.03891251127343,38.654812524159254,-11.596443757247998,0.0,0.0,0.0,0.0,47.674268779795966,52.82824378301632,-11.596443757247998,0.0,1.0,1.0,0.0,41.23180002577165,60.55920628784905,-21.904393763690912,0.0,1.0,1.0,0.0
SOLUSDT,1h,2026-07-23 00:00:00+00:00,2026-07-23 00:59:59.999000+00:00,2026-07-23 00:59:59.999000+00:00,77.93,78.5,77.93,78.21,664583.45,78.1425,77.77348462961247,78.08439433066728,77.66191941504424,1,1,1,0,0.47447452321947026,0.5439923694973814,SHORT_TO_LONG,-47.30852832118493,21.736350850274366,-49.86574606827831,0.0,0.0,0.0,0.0,-65.2090525508231,21.736350850274366,-111.23897199846411,1.0,0.0,0.0,1.0,-93.33844776882594,21.736350850274366,-111.23897199846411,1.0,0.0,0.0,1.0
SOLUSDT,1h,2026-07-23 03:00:00+00:00,2026-07-23 03:59:59.999000+00:00,2026-07-23 03:59:59.999000+00:00,77.71,77.74,77.42,77.56,268220.9,77.6075,77.85467963949536,77.87352283958604,77.66191941504424,-1,1,0,1,-0.3174884806410039,0.2724674153505635,LONG_TO_SHORT,-10.31459515213995,28.365136668384583,-21.918514698298086,0.0,0.0,0.0,0.0,-10.31459515213995,28.365136668384583,-27.075812274369724,0.0,0.0,0.0,0.0,-58.01959773078957,28.365136668384583,-74.78081485301713,1.0,0.0,0.0,1.0
SOLUSDT,1h,2026-07-25 23:00:00+00:00,2026-07-25 23:59:59.999000+00:00,2026-07-25 23:59:59.999000+00:00,74.46,74.5,74.37,74.49,173425.52,74.455,74.13251591619219,74.30763315980276,73.90016086421026,1,1,1,0,0.43501030529218276,0.5513821496832882,SHORT_TO_LONG,34.90401396160525,59.06833131964273,-6.712310377231523,0.0,1.0,1.0,0.0,41.616324338837885,59.06833131964273,-6.712310377231523,0.0,1.0,1.0,0.0,68.4655658477662,72.49295207410577,-6.712310377231523,0.0,1.0,1.0,0.0
SOLUSDT,1h,2026-07-27 22:00:00+00:00,2026-07-27 22:59:59.999000+00:00,2026-07-27 22:59:59.999000+00:00,75.58,75.59,73.96,74.01,1556226.8800000001,74.785,76.061633647596,76.46414575242163,75.8093365484976,-1,1,0,1,-1.6784199686149526,0.8637579930608208,LONG_TO_SHORT,20.267531414672746,48.6420753952177,-44.5885691122816,0.0,0.0,0.0,0.0,-44.5885691122816,48.6420753952177,-52.695581678151584,1.0,0.0,0.0,1.0,-93.2306445075004,48.6420753952177,-163.4914200783688,1.0,0.0,0.0,1.0
SOLUSDT,1h,2026-07-29 07:00:00+00:00,2026-07-29 07:59:59.999000+00:00,2026-07-29 07:59:59.999000+00:00,74.04,74.25,73.94,74.21,380759.39,74.11,73.57971846813453,73.97455957408071,73.42955223903103,1,1,1,0,0.72068980815021,0.7422179741414681,SHORT_TO_LONG,-41.77334591025317,12.127745586849592,-74.11400080851615,1.0,0.0,0.0,1.0,-16.17032744912983,12.127745586849592,-74.11400080851615,1.0,0.0,0.0,1.0,-40.425818622826796,12.127745586849592,-74.11400080851615,1.0,0.0,0.0,1.0
SOLUSDT,1h,2026-07-29 15:00:00+00:00,2026-07-29 15:59:59.999000+00:00,2026-07-29 15:59:59.999000+00:00,73.22,73.42,72.93,73.08,603629.62,73.1625,73.62984331191355,73.79116836127976,73.42955223903103,-1,1,0,1,-0.6347199598589093,0.4924667401914551,LONG_TO_SHORT,21.893814997262506,34.20908593322336,-27.367268746579796,0.0,0.0,0.0,0.0,113.57416529830245,114.94252873563315,-27.367268746579796,0.0,1.0,1.0,0.0,-50.629447181171905,194.30760810071223,-54.734537493157376,1.0,1.0,1.0,1.0
SOLUSDT,1h,2026-07-29 18:00:00+00:00,2026-07-29 18:59:59.999000+00:00,2026-07-29 18:59:59.999000+00:00,73.91,74.5,73.4,74.21,2258256.87,74.005,73.62358571050537,73.79116836127976,73.4942678806476,1,1,1,0,0.5180599203553848,0.40397773757583355,SHORT_TO_LONG,-202.12909311413506,17.517854736559535,-206.17167497641643,1.0,0.0,0.0,1.0,-216.95189327583853,17.517854736559535,-245.24996631181685,1.0,0.0,0.0,1.0,-80.85163724565359,17.517854736559535,-262.76782104837525,1.0,0.0,0.0,1.0
SOLUSDT,1h,2026-07-29 19:00:00+00:00,2026-07-29 19:59:59.999000+00:00,2026-07-29 19:59:59.999000+00:00,74.2,74.34,72.68,72.71,1503587.43,73.4825,73.61415490747076,73.79116836127976,73.51543513884506,-1,1,0,1,-0.17884455460535076,0.3750684763192069,LONG_TO_SHORT,-15.128593040847349,63.26502544354406,-44.010452482463606,0.0,1.0,1.0,0.0,59.13904552331317,63.26502544354406,-61.88969880346451,1.0,1.0,1.0,1.0,129.28070416724057,147.1599504882426,-61.88969880346451,1.0,1.0,1.0,1.0
SOLUSDT,1h,2026-07-30 02:00:00+00:00,2026-07-30 02:59:59.999000+00:00,2026-07-30 02:59:59.999000+00:00,74.0,74.12,73.78,73.81,294343.89,73.92750000000001,73.51312875888496,73.79116836127976,73.47996326105674,1,1,1,0,0.5636697119423939,0.4235237558807503,SHORT_TO_LONG,-17.6127895949052,23.032109470262352,-25.74176940793871,0.0,0.0,0.0,0.0,-44.709388971684305,23.032109470262352,-47.419048909362886,0.0,0.0,0.0,0.0,-43.35455900284613,23.032109470262352,-58.25768866007386,1.0,0.0,0.0,1.0
SOLUSDT,1h,2026-07-31 09:00:00+00:00,2026-07-31 09:59:59.999000+00:00,2026-07-31 09:59:59.999000+00:00,73.63,73.67,73.35,73.44,507838.41,73.52250000000001,74.33283494197053,74.42632450536365,73.67457688862905,-1,1,0,1,-1.0901440024494224,1.0203623128653971,LONG_TO_SHORT,10.893246187364536,24.50980392156854,-25.871459694988275,0.0,0.0,0.0,0.0,10.893246187364536,34.04139433551112,-25.871459694988275,0.0,0.0,0.0,0.0,-25.871459694988275,46.29629629629761,-42.21132897603508,0.0,0.0,0.0,0.0
SOLUSDT,1h,2026-08-02 03:00:00+00:00,2026-08-02 03:59:59.999000+00:00,2026-08-02 03:59:59.999000+00:00,73.1,73.22,73.04,73.17,399468.78,73.13250000000001,72.13073400387606,73.10639115010659,72.02913474433944,1,1,1,0,1.3888199114542754,1.495584265437544,SHORT_TO_LONG,45.10045100450944,47.833811671449396,0.0,0.0,0.0,0.0,0.0,54.667213338799314,62.86729533961921,0.0,0.0,1.0,1.0,0.0,36.90036900368953,62.86729533961921,0.0,0.0,1.0,1.0,0.0
SOLUSDT,1h,2026-08-03 08:00:00+00:00,2026-08-03 08:59:59.999000+00:00,2026-08-03 08:59:59.999000+00:00,72.49,72.53,71.87,72.32,1042713.38,72.3025,73.10005741809367,73.3742839781506,72.36802605292073,-1,1,0,1,-1.0910489625638342,1.3904730861306502,LONG_TO_SHORT,52.54424778761147,62.223451327434454,-4.148230088494298,0.0,1.0,1.0,0.0,34.56858407079544,62.223451327434454,-4.148230088494298,0.0,1.0,1.0,0.0,8.296460176990816,62.223451327434454,-4.148230088494298,0.0,1.0,1.0,0.0
SOLUSDT,1h,2026-08-03 14:00:00+00:00,2026-08-03 14:59:59.999000+00:00,2026-08-03 14:59:59.999000+00:00,73.22,73.78,72.98,73.76,1922489.5,73.435,73.03396601441726,73.3742839781506,72.9857458355528,1,1,1,0,0.5491061316642343,0.5323479785672491,SHORT_TO_LONG,-25.759219088938856,4.067245119305785,-51.518438177875495,1.0,0.0,0.0,1.0,-50.162689804772455,4.067245119305785,-75.92190889370909,1.0,0.0,0.0,1.0,24.403470715834708,69.14316702819833,-75.92190889370909,1.0,1.0,1.0,1.0
SOLUSDT,1h,2026-08-06 01:00:00+00:00,2026-08-06 01:59:59.999000+00:00,2026-08-06 01:59:59.999000+00:00,74.03,74.08,73.68,73.7,604704.0599999999,73.8725,74.04461281949605,74.04921614007796,73.90354305920519,-1,1,0,1,-0.2324447558603948,0.1971124452802897,LONG_TO_SHORT,-29.850746268657026,5.427408412481682,-50.20352781546889,1.0,0.0,0.0,1.0,-35.278154681140926,5.427408412481682,-50.20352781546889,1.0,0.0,0.0,1.0,67.84260515603879,85.48168249660648,-50.20352781546889,1.0,1.0,1.0,1.0
SOLUSDT,1h,2026-08-06 06:00:00+00:00,2026-08-06 06:59:59.999000+00:00,2026-08-06 06:59:59.999000+00:00,74.2,74.21,73.91,74.01,335903.91,74.0825,73.98786322727005,74.04921614007796,73.93311648994019,1,1,1,0,0.1279085090472698,0.15703335074961355,SHORT_TO_LONG,-22.96986893663089,12.16051884880276,-24.32103769760885,0.0,0.0,0.0,0.0,-8.107012565869987,12.16051884880276,-47.29090663423974,0.0,0.0,0.0,0.0,-99.98648831239132,12.16051884880276,-120.25401972706406,1.0,0.0,0.0,1.0
SOLUSDT,1h,2026-08-06 08:00:00+00:00,2026-08-06 08:59:59.999000+00:00,2026-08-06 08:59:59.999000+00:00,73.85,74.08,73.66,73.95,521734.23,73.885,73.98983693963154,74.04921614007796,73.93311648994019,-1,1,0,1,-0.14169099969375543,0.15703335074961355,LONG_TO_SHORT,-94.65855307640325,1.35226504394792,-112.2379986477351,1.0,0.0,0.0,1.0,-91.9540229885063,1.35226504394792,-112.2379986477351,1.0,0.0,0.0,1.0,-114.94252873563315,1.35226504394792,-117.6470588235301,1.0,0.0,0.0,1.0
