symbol,entry_timeframe,alignment,window_minutes,events,mean_mfe_bps,median_mfe_bps,q25_mfe_bps,q75_mfe_bps,q90_mfe_bps,mean_mae_bps,median_mae_bps,q10_mae_bps,mean_terminal_return_bps,median_terminal_return_bps,terminal_win_rate,terminal_loss_rate,mean_time_to_mfe_minutes,median_time_to_mfe_minutes,target_25bps_hit_rate,target_25bps_median_hit_minutes,target_50bps_hit_rate,target_50bps_median_hit_minutes,target_100bps_hit_rate,target_100bps_median_hit_minutes,t25_s25_target_first_rate,t25_s25_stop_first_rate,t25_s25_resolved_events,t25_s25_resolved_target_win_rate,t50_s25_target_first_rate,t50_s25_stop_first_rate,t50_s25_resolved_events,t50_s25_resolved_target_win_rate,t50_s50_target_first_rate,t50_s50_stop_first_rate,t50_s50_resolved_events,t50_s50_resolved_target_win_rate,t100_s50_target_first_rate,t100_s50_stop_first_rate,t100_s50_resolved_events,t100_s50_resolved_target_win_rate,t100_s100_target_first_rate,t100_s100_stop_first_rate,t100_s100_resolved_events,t100_s100_resolved_target_win_rate
BTCUSDT,15m,DAILY_4H,15,303,18.800305596087757,10.441767068272156,3.604607236437074,26.716548550439477,45.874665027565904,-16.08570954166712,-11.341085728679978,-37.23125926964377,2.185060500813165,-2.478171968675058,0.46534653465346537,0.5346534653465347,7.075907590759076,6.0,0.264026402640264,6.0,0.07920792079207921,9.5,0.013201320132013201,11.5,0.24092409240924093,0.1617161716171617,122,0.5983606557377049,0.066006600660066,0.1848184818481848,76,0.2631578947368421,0.07920792079207921,0.039603960396039604,36,0.6666666666666666,0.013201320132013201,0.0429042904290429,17,0.23529411764705882,0.013201320132013201,0.0,4,1.0
BTCUSDT,15m,DAILY_4H,30,303,27.16519777136953,15.355186687293632,7.0503477473893295,36.62831510391151,58.29199588027568,-23.075224161125924,-15.013450010977758,-49.838186337443965,1.336017902024713,-1.4328148495079684,0.48184818481848185,0.5181518151815182,14.102310231023102,14.0,0.37293729372937295,8.0,0.1419141914191419,14.0,0.04950495049504951,19.0,0.32673267326732675,0.23432343234323433,170,0.5823529411764706,0.1188118811881188,0.2838283828382838,122,0.29508196721311475,0.1419141914191419,0.0891089108910891,70,0.6142857142857143,0.04950495049504951,0.09570957095709572,44,0.3409090909090909,0.04950495049504951,0.0231023102310231,22,0.6818181818181818
BTCUSDT,15m,DAILY_4H,60,303,36.445919074979734,21.349487362600783,9.452631364570419,46.65813441500632,93.23543390140858,-33.694730385778634,-22.606592713316775,-69.61975406089981,-2.794508776784696,-2.913181253380026,0.4521452145214521,0.5478547854785478,27.221122112211223,24.0,0.47854785478547857,13.0,0.23432343234323433,24.0,0.0891089108910891,28.0,0.39603960396039606,0.33003300330033003,220,0.5454545454545454,0.17491749174917492,0.42244224422442245,181,0.292817679558011,0.22112211221122113,0.18811881188118812,124,0.5403225806451613,0.0858085808580858,0.19801980198019803,86,0.3023255813953488,0.0891089108910891,0.0462046204620462,41,0.6585365853658537
BTCUSDT,15m,DAILY_4H,120,303,57.38491787945504,35.88717949715159,13.134052795740203,74.94627828343647,133.60995776537044,-47.43802689913725,-32.759006884843785,-105.72113371194501,5.617362634995784,-3.739608204125222,0.45544554455445546,0.5445544554455446,58.23762376237624,56.0,0.6072607260726073,21.0,0.3696369636963696,42.5,0.17491749174917492,59.0,0.46204620462046203,0.39933993399339934,261,0.5363984674329502,0.24752475247524752,0.5214521452145214,233,0.3218884120171674,0.33003300330033003,0.297029702970297,190,0.5263157894736842,0.1485148514851485,0.3432343234323432,149,0.30201342281879195,0.16831683168316833,0.09900990099009901,81,0.6296296296296297
BTCUSDT,15m,DAILY_4H,240,303,76.90942524435665,55.08407924796677,19.629731418276954,109.63698835743219,180.03431552213513,-67.98195599880101,-50.83816672565411,-150.12772566976597,2.4031729691832853,-3.9647477287663158,0.46864686468646866,0.5313531353135313,109.84818481848185,102.0,0.6963696369636964,26.0,0.5181518151815182,71.0,0.2706270627062706,104.5,0.5016501650165016,0.44224422442244227,286,0.5314685314685315,0.297029702970297,0.6105610561056105,275,0.32727272727272727,0.429042904290429,0.37293729372937295,243,0.5349794238683128,0.21782178217821782,0.45544554455445546,204,0.3235294117647059,0.25742574257425743,0.21782178217821782,144,0.5416666666666666
BTCUSDT,15m,DAILY_4H_1H,15,153,21.69206624455199,12.229729729729133,3.9712932232705,31.14630982453903,48.475367669508444,-16.699463673202516,-11.967801909359421,-37.2840884834309,3.500884650701633,-2.528631483569299,0.4444444444444444,0.5555555555555556,6.96078431372549,6.0,0.30718954248366015,6.0,0.09803921568627451,9.0,0.0196078431372549,12.0,0.27450980392156865,0.1437908496732026,64,0.65625,0.0784313725490196,0.16993464052287582,38,0.3157894736842105,0.09803921568627451,0.032679738562091505,20,0.75,0.0196078431372549,0.0392156862745098,9,0.3333333333333333,0.0196078431372549,0.0,3,1.0
BTCUSDT,15m,DAILY_4H_1H,30,153,31.935271856411717,16.882186674471722,7.454083951274892,43.29994607931154,75.40077035273337,-25.457063066383995,-15.013450010977758,-54.071554890700035,3.3001666515494614,-1.4328148495079684,0.48366013071895425,0.5163398692810458,14.006535947712418,13.0,0.43790849673202614,8.0,0.1895424836601307,14.0,0.06535947712418301,19.5,0.38562091503267976,0.2222222222222222,93,0.6344086021505376,0.16339869281045752,0.28104575163398693,68,0.36764705882352944,0.1895424836601307,0.10457516339869281,45,0.6444444444444445,0.06535947712418301,0.11764705882352941,28,0.35714285714285715,0.06535947712418301,0.032679738562091505,15,0.6666666666666666
BTCUSDT,15m,DAILY_4H_1H,60,153,43.27801287525679,27.440873256519005,9.977494373594187,54.939914655272034,108.97088513971468,-35.24158743941724,-22.47135212981144,-77.98529997130888,-1.3325760604727108,-2.2286078546596144,0.45751633986928103,0.5424836601307189,27.22875816993464,25.0,0.5359477124183006,10.5,0.3006535947712418,25.0,0.12418300653594772,30.0,0.4444444444444444,0.3333333333333333,119,0.5714285714285714,0.2222222222222222,0.42483660130718953,99,0.3434343434343434,0.27450980392156865,0.20915032679738563,74,0.5675675675675675,0.11764705882352941,0.2222222222222222,52,0.34615384615384615,0.12418300653594772,0.058823529411764705,28,0.6785714285714286
BTCUSDT,15m,DAILY_4H_1H,120,153,66.93489647389022,44.27154455396432,13.368705181819873,91.9092048461212,164.4438372589528,-49.391360905456104,-33.271128672395236,-109.7501762044275,10.740532633707108,-2.3980815347723894,0.477124183006536,0.5228758169934641,59.99346405228758,56.0,0.6470588235294118,18.0,0.45098039215686275,40.0,0.2222222222222222,46.5,0.5032679738562091,0.39215686274509803,137,0.5620437956204379,0.3137254901960784,0.49673202614379086,124,0.3870967741935484,0.39869281045751637,0.3006535947712418,107,0.5700934579439252,0.1830065359477124,0.35294117647058826,82,0.34146341463414637,0.21568627450980393,0.09803921568627451,48,0.6875
BTCUSDT,15m,DAILY_4H_1H,240,153,90.81679256885728,66.26210462984173,26.578692599090736,122.47307973700883,209.9251949919525,-69.26383930079797,-53.5329424578801,-150.81403858529941,8.370309976329033,1.1328273371224995,0.5032679738562091,0.49673202614379086,117.45098039215686,109.0,0.7516339869281046,22.0,0.5947712418300654,59.0,0.33986928104575165,100.5,0.5490196078431373,0.4117647058823529,147,0.5714285714285714,0.3660130718954248,0.5620915032679739,142,0.39436619718309857,0.5032679738562091,0.35947712418300654,132,0.5833333333333334,0.2875816993464052,0.45098039215686275,113,0.3893805309734513,0.3333333333333333,0.19607843137254902,81,0.6296296296296297
BTCUSDT,15m,DAILY_4H_1H_15M,15,153,21.69206624455199,12.229729729729133,3.9712932232705,31.14630982453903,48.475367669508444,-16.699463673202516,-11.967801909359421,-37.2840884834309,3.500884650701633,-2.528631483569299,0.4444444444444444,0.5555555555555556,6.96078431372549,6.0,0.30718954248366015,6.0,0.09803921568627451,9.0,0.0196078431372549,12.0,0.27450980392156865,0.1437908496732026,64,0.65625,0.0784313725490196,0.16993464052287582,38,0.3157894736842105,0.09803921568627451,0.032679738562091505,20,0.75,0.0196078431372549,0.0392156862745098,9,0.3333333333333333,0.0196078431372549,0.0,3,1.0
BTCUSDT,15m,DAILY_4H_1H_15M,30,153,31.935271856411717,16.882186674471722,7.454083951274892,43.29994607931154,75.40077035273337,-25.457063066383995,-15.013450010977758,-54.071554890700035,3.3001666515494614,-1.4328148495079684,0.48366013071895425,0.5163398692810458,14.006535947712418,13.0,0.43790849673202614,8.0,0.1895424836601307,14.0,0.06535947712418301,19.5,0.38562091503267976,0.2222222222222222,93,0.6344086021505376,0.16339869281045752,0.28104575163398693,68,0.36764705882352944,0.1895424836601307,0.10457516339869281,45,0.6444444444444445,0.06535947712418301,0.11764705882352941,28,0.35714285714285715,0.06535947712418301,0.032679738562091505,15,0.6666666666666666
BTCUSDT,15m,DAILY_4H_1H_15M,60,153,43.27801287525679,27.440873256519005,9.977494373594187,54.939914655272034,108.97088513971468,-35.24158743941724,-22.47135212981144,-77.98529997130888,-1.3325760604727108,-2.2286078546596144,0.45751633986928103,0.5424836601307189,27.22875816993464,25.0,0.5359477124183006,10.5,0.3006535947712418,25.0,0.12418300653594772,30.0,0.4444444444444444,0.3333333333333333,119,0.5714285714285714,0.2222222222222222,0.42483660130718953,99,0.3434343434343434,0.27450980392156865,0.20915032679738563,74,0.5675675675675675,0.11764705882352941,0.2222222222222222,52,0.34615384615384615,0.12418300653594772,0.058823529411764705,28,0.6785714285714286
BTCUSDT,15m,DAILY_4H_1H_15M,120,153,66.93489647389022,44.27154455396432,13.368705181819873,91.9092048461212,164.4438372589528,-49.391360905456104,-33.271128672395236,-109.7501762044275,10.740532633707108,-2.3980815347723894,0.477124183006536,0.5228758169934641,59.99346405228758,56.0,0.6470588235294118,18.0,0.45098039215686275,40.0,0.2222222222222222,46.5,0.5032679738562091,0.39215686274509803,137,0.5620437956204379,0.3137254901960784,0.49673202614379086,124,0.3870967741935484,0.39869281045751637,0.3006535947712418,107,0.5700934579439252,0.1830065359477124,0.35294117647058826,82,0.34146341463414637,0.21568627450980393,0.09803921568627451,48,0.6875
BTCUSDT,15m,DAILY_4H_1H_15M,240,153,90.81679256885728,66.26210462984173,26.578692599090736,122.47307973700883,209.9251949919525,-69.26383930079797,-53.5329424578801,-150.81403858529941,8.370309976329033,1.1328273371224995,0.5032679738562091,0.49673202614379086,117.45098039215686,109.0,0.7516339869281046,22.0,0.5947712418300654,59.0,0.33986928104575165,100.5,0.5490196078431373,0.4117647058823529,147,0.5714285714285714,0.3660130718954248,0.5620915032679739,142,0.39436619718309857,0.5032679738562091,0.35947712418300654,132,0.5833333333333334,0.2875816993464052,0.45098039215686275,113,0.3893805309734513,0.3333333333333333,0.19607843137254902,81,0.6296296296296297
BTCUSDT,15m,DAILY_ONLY,15,533,17.814077538375805,10.561235729373841,3.8144549081398083,24.026538188135493,42.2586242983285,-15.71054004906222,-10.892428903173101,-36.056505909044525,0.9040255363854699,-2.385053377709223,0.45590994371482174,0.5440900562851783,7.0356472795497185,6.0,0.24390243902439024,6.0,0.06566604127579738,9.0,0.009380863039399626,12.0,0.225140712945591,0.16135084427767354,206,0.5825242718446602,0.05628517823639775,0.18386491557223264,128,0.234375,0.06566604127579738,0.039399624765478425,56,0.625,0.009380863039399626,0.04127579737335835,27,0.18518518518518517,0.009380863039399626,0.00375234521575985,7,0.7142857142857143
BTCUSDT,15m,DAILY_ONLY,30,533,26.104638703311537,15.355186687293632,6.280625902055359,35.82279681055623,57.1177532199303,-22.719324125387196,-14.633010741958996,-49.96094863284672,1.2235641989208228,-1.2720742292726683,0.48405253283302063,0.5159474671669794,14.0,14.0,0.35647279549718575,8.5,0.13696060037523453,16.0,0.03564727954971857,19.0,0.3170731707317073,0.23827392120075047,296,0.5709459459459459,0.11632270168855535,0.28893058161350843,216,0.28703703703703703,0.1350844277673546,0.09568480300187618,123,0.5853658536585366,0.03564727954971857,0.09943714821763602,72,0.2638888888888889,0.03564727954971857,0.024390243902439025,32,0.59375
BTCUSDT,15m,DAILY_ONLY,60,533,36.29801802729289,22.245929253228436,9.037643140559215,46.99425568289062,83.49512937967687,-32.15871502061688,-22.112200295208993,-70.21062868228321,-0.09456169668445492,-1.6306181657321783,0.4803001876172608,0.5196998123827392,27.682926829268293,25.0,0.4803001876172608,15.0,0.23452157598499063,26.0,0.07317073170731707,32.0,0.4071294559099437,0.3433395872420263,400,0.5425,0.17448405253283303,0.42964352720450283,322,0.2888198757763975,0.22138836772983114,0.1801125703564728,214,0.5514018691588785,0.06941838649155722,0.18761726078799248,137,0.27007299270072993,0.07129455909943715,0.0525328330206379,66,0.5757575757575758
BTCUSDT,15m,DAILY_ONLY,120,533,55.04498933417614,35.19411876284906,13.317763897451318,71.65055778376895,128.85684719285797,-44.78934556142914,-30.46456462059144,-104.6749664517641,6.570350917223763,-1.340615400756695,0.4803001876172608,0.5196998123827392,56.98499061913696,54.0,0.6022514071294559,22.0,0.3677298311444653,40.5,0.16135084427767354,65.0,0.4727954971857411,0.40150093808630394,466,0.5407725321888412,0.24765478424015008,0.5178236397748592,408,0.3235294117647059,0.3320825515947467,0.28142589118198874,327,0.5412844036697247,0.13883677298311445,0.32082551594746717,245,0.3020408163265306,0.15572232645403378,0.10131332082551595,137,0.6058394160583942
BTCUSDT,15m,DAILY_ONLY,240,533,74.8890565272426,51.46370454521376,19.633740374291886,102.9132384819409,171.7513271116129,-64.74660365062748,-47.460719621803534,-145.84458176325876,4.7537883593084524,-0.8179342304193149,0.49343339587242024,0.5065666041275797,106.38273921200751,95.0,0.7035647279549718,30.0,0.5065666041275797,65.0,0.2626641651031895,103.0,0.5046904315196998,0.4446529080675422,506,0.5316205533596838,0.29080675422138835,0.6060037523452158,478,0.32426778242677823,0.4165103189493433,0.3677298311444653,418,0.5311004784688995,0.20637898686679174,0.43902439024390244,344,0.31976744186046513,0.24765478424015008,0.20075046904315197,239,0.5523012552301255
BTCUSDT,15m,FULL_ALIGNMENT,15,148,21.898830745930365,12.226571727217417,3.9632441027032117,32.548582272743374,49.540709912678814,-17.05582473949715,-12.351136698455779,-37.303923081837944,3.2917979982221146,-2.744179706327121,0.43243243243243246,0.5675675675675675,6.837837837837838,5.5,0.3108108108108108,6.0,0.10135135135135136,9.0,0.02027027027027027,12.0,0.27702702702702703,0.14864864864864866,63,0.6507936507936508,0.08108108108108109,0.17567567567567569,38,0.3157894736842105,0.10135135135135136,0.033783783783783786,20,0.75,0.02027027027027027,0.04054054054054054,9,0.3333333333333333,0.02027027027027027,0.0,3,1.0
BTCUSDT,15m,FULL_ALIGNMENT,30,148,32.31383549910424,16.633661460578875,7.443616074226944,43.86697119118821,78.72729535245634,-26.063931959129782,-15.392909744277317,-54.79602905387271,3.183932427541023,-1.7660993280649295,0.47297297297297297,0.527027027027027,14.094594594594595,13.0,0.4391891891891892,8.0,0.19594594594594594,14.0,0.06756756756756757,19.5,0.38513513513513514,0.22297297297297297,90,0.6333333333333333,0.16891891891891891,0.28378378378378377,67,0.373134328358209,0.19594594594594594,0.10810810810810811,45,0.6444444444444445,0.06756756756756757,0.12162162162162163,28,0.35714285714285715,0.06756756756756757,0.033783783783783786,15,0.6666666666666666
BTCUSDT,15m,FULL_ALIGNMENT,60,148,43.91096364142843,28.30305335255634,9.971878461016992,55.92924329015203,111.6255095951207,-36.13239918024531,-23.24438912245208,-79.21806259723863,-1.546252079274926,-4.616270041187809,0.44594594594594594,0.5540540540540541,26.91891891891892,24.5,0.5337837837837838,10.0,0.3108108108108108,25.0,0.12837837837837837,30.0,0.4391891891891892,0.33783783783783783,115,0.5652173913043478,0.22972972972972974,0.43243243243243246,98,0.3469387755102041,0.28378378378378377,0.21621621621621623,74,0.5675675675675675,0.12162162162162163,0.22972972972972974,52,0.34615384615384615,0.12837837837837837,0.060810810810810814,28,0.6785714285714286
BTCUSDT,15m,FULL_ALIGNMENT,120,148,67.81590338621317,44.115705969175465,13.355969860727734,92.22201882675029,166.800491630863,-50.75050851602755,-33.5388735730735,-110.93332645117427,10.519550748390118,-3.0422198320567695,0.46621621621621623,0.5337837837837838,59.020270270270274,56.0,0.6486486486486487,18.0,0.44594594594594594,35.5,0.22972972972972974,46.5,0.5,0.39864864864864863,133,0.556390977443609,0.30405405405405406,0.5067567567567568,120,0.375,0.3918918918918919,0.3108108108108108,104,0.5576923076923077,0.1891891891891892,0.36486486486486486,82,0.34146341463414637,0.22297297297297297,0.10135135135135136,48,0.6875
BTCUSDT,15m,FULL_ALIGNMENT,240,148,90.68864032357551,66.06453515640598,24.88283490923948,121.02039186934088,211.35234447082834,-69.60843433884737,-54.209829448593204,-150.78504866348297,8.111232113513356,-0.6026628483996044,0.49324324324324326,0.5067567567567568,114.31756756756756,107.5,0.7432432432432432,21.5,0.5878378378378378,53.0,0.3310810810810811,100.0,0.5405405405405406,0.4189189189189189,142,0.5633802816901409,0.3581081081081081,0.5743243243243243,138,0.38405797101449274,0.49324324324324326,0.3716216216216216,128,0.5703125,0.27702702702702703,0.4594594594594595,109,0.3761467889908257,0.32432432432432434,0.19594594594594594,77,0.6233766233766234
BTCUSDT,1h,DAILY_4H,15,52,21.904601872384603,14.395329018547232,4.655798017840218,29.945800457055192,46.79106576357883,-16.987620375499066,-11.495493785563248,-46.03830425967248,5.1655649298568145,1.3812129168622178,0.5,0.5,7.076923076923077,6.0,0.3076923076923077,7.5,0.09615384615384616,5.0,0.019230769230769232,8.0,0.28846153846153844,0.19230769230769232,25,0.6,0.09615384615384616,0.19230769230769232,15,0.3333333333333333,0.09615384615384616,0.07692307692307693,9,0.5555555555555556,0.019230769230769232,0.07692307692307693,5,0.2,0.019230769230769232,0.0,1,1.0
BTCUSDT,1h,DAILY_4H,30,52,34.469204442562415,18.246828313635,6.94945226966448,35.907508560261704,96.3230884115005,-22.158196892208977,-13.827387619796404,-50.069248065898186,7.832402229944832,0.49366135839501446,0.5192307692307693,0.4807692307692308,13.48076923076923,13.0,0.36538461538461536,9.0,0.17307692307692307,15.0,0.09615384615384616,17.0,0.34615384615384615,0.28846153846153844,33,0.5454545454545454,0.15384615384615385,0.34615384615384615,26,0.3076923076923077,0.15384615384615385,0.11538461538461539,14,0.5714285714285714,0.07692307692307693,0.11538461538461539,10,0.4,0.09615384615384616,0.0,5,1.0
BTCUSDT,1h,DAILY_4H,60,52,49.15123670979063,21.274305203645703,9.317568823893897,62.66522321918488,159.15755779722986,-32.03023303491635,-19.922748145141945,-62.28226780359647,15.103879501498565,-2.300083123749075,0.4807692307692308,0.5192307692307693,24.807692307692307,24.5,0.46153846153846156,11.0,0.2692307692307692,18.5,0.11538461538461539,21.5,0.40384615384615385,0.34615384615384615,39,0.5384615384615384,0.19230769230769232,0.4423076923076923,33,0.30303030303030304,0.23076923076923078,0.23076923076923078,24,0.5,0.09615384615384616,0.23076923076923078,17,0.29411764705882354,0.11538461538461539,0.057692307692307696,9,0.6666666666666666
BTCUSDT,1h,DAILY_4H,120,52,64.08817080478404,31.650376268438364,12.401245789369074,84.79129303256227,174.92397960688263,-51.781632664512685,-36.113314584125256,-121.53609468904158,0.5938487915515454,-11.788253996273813,0.4423076923076923,0.5576923076923077,49.42307692307692,39.0,0.5961538461538461,14.0,0.36538461538461536,39.0,0.19230769230769232,29.5,0.4807692307692308,0.4230769230769231,47,0.5319148936170213,0.23076923076923078,0.5384615384615384,40,0.3,0.28846153846153844,0.34615384615384615,33,0.45454545454545453,0.15384615384615385,0.36538461538461536,27,0.2962962962962963,0.19230769230769232,0.15384615384615385,18,0.5555555555555556
BTCUSDT,1h,DAILY_4H,240,52,85.84400534134024,44.01610599453986,21.12440291045403,95.08689032809048,182.2901620037618,-73.73273758081793,-51.084484238090866,-170.51434795039467,3.603806504387477,1.319391245745427,0.5192307692307693,0.4807692307692308,96.32692307692308,79.5,0.7115384615384616,30.0,0.4807692307692308,51.0,0.23076923076923078,47.0,0.5,0.4423076923076923,49,0.5306122448979592,0.2692307692307692,0.5769230769230769,44,0.3181818181818182,0.38461538461538464,0.4423076923076923,43,0.46511627906976744,0.17307692307692307,0.5,35,0.2571428571428571,0.21153846153846154,0.2692307692307692,25,0.44
BTCUSDT,1h,DAILY_4H_1H,15,52,21.904601872384603,14.395329018547232,4.655798017840218,29.945800457055192,46.79106576357883,-16.987620375499066,-11.495493785563248,-46.03830425967248,5.1655649298568145,1.3812129168622178,0.5,0.5,7.076923076923077,6.0,0.3076923076923077,7.5,0.09615384615384616,5.0,0.019230769230769232,8.0,0.28846153846153844,0.19230769230769232,25,0.6,0.09615384615384616,0.19230769230769232,15,0.3333333333333333,0.09615384615384616,0.07692307692307693,9,0.5555555555555556,0.019230769230769232,0.07692307692307693,5,0.2,0.019230769230769232,0.0,1,1.0
BTCUSDT,1h,DAILY_4H_1H,30,52,34.469204442562415,18.246828313635,6.94945226966448,35.907508560261704,96.3230884115005,-22.158196892208977,-13.827387619796404,-50.069248065898186,7.832402229944832,0.49366135839501446,0.5192307692307693,0.4807692307692308,13.48076923076923,13.0,0.36538461538461536,9.0,0.17307692307692307,15.0,0.09615384615384616,17.0,0.34615384615384615,0.28846153846153844,33,0.5454545454545454,0.15384615384615385,0.34615384615384615,26,0.3076923076923077,0.15384615384615385,0.11538461538461539,14,0.5714285714285714,0.07692307692307693,0.11538461538461539,10,0.4,0.09615384615384616,0.0,5,1.0
BTCUSDT,1h,DAILY_4H_1H,60,52,49.15123670979063,21.274305203645703,9.317568823893897,62.66522321918488,159.15755779722986,-32.03023303491635,-19.922748145141945,-62.28226780359647,15.103879501498565,-2.300083123749075,0.4807692307692308,0.5192307692307693,24.807692307692307,24.5,0.46153846153846156,11.0,0.2692307692307692,18.5,0.11538461538461539,21.5,0.40384615384615385,0.34615384615384615,39,0.5384615384615384,0.19230769230769232,0.4423076923076923,33,0.30303030303030304,0.23076923076923078,0.23076923076923078,24,0.5,0.09615384615384616,0.23076923076923078,17,0.29411764705882354,0.11538461538461539,0.057692307692307696,9,0.6666666666666666
BTCUSDT,1h,DAILY_4H_1H,120,52,64.08817080478404,31.650376268438364,12.401245789369074,84.79129303256227,174.92397960688263,-51.781632664512685,-36.113314584125256,-121.53609468904158,0.5938487915515454,-11.788253996273813,0.4423076923076923,0.5576923076923077,49.42307692307692,39.0,0.5961538461538461,14.0,0.36538461538461536,39.0,0.19230769230769232,29.5,0.4807692307692308,0.4230769230769231,47,0.5319148936170213,0.23076923076923078,0.5384615384615384,40,0.3,0.28846153846153844,0.34615384615384615,33,0.45454545454545453,0.15384615384615385,0.36538461538461536,27,0.2962962962962963,0.19230769230769232,0.15384615384615385,18,0.5555555555555556
BTCUSDT,1h,DAILY_4H_1H,240,52,85.84400534134024,44.01610599453986,21.12440291045403,95.08689032809048,182.2901620037618,-73.73273758081793,-51.084484238090866,-170.51434795039467,3.603806504387477,1.319391245745427,0.5192307692307693,0.4807692307692308,96.32692307692308,79.5,0.7115384615384616,30.0,0.4807692307692308,51.0,0.23076923076923078,47.0,0.5,0.4423076923076923,49,0.5306122448979592,0.2692307692307692,0.5769230769230769,44,0.3181818181818182,0.38461538461538464,0.4423076923076923,43,0.46511627906976744,0.17307692307692307,0.5,35,0.2571428571428571,0.21153846153846154,0.2692307692307692,25,0.44
BTCUSDT,1h,DAILY_4H_1H_15M,15,52,21.904601872384603,14.395329018547232,4.655798017840218,29.945800457055192,46.79106576357883,-16.987620375499066,-11.495493785563248,-46.03830425967248,5.1655649298568145,1.3812129168622178,0.5,0.5,7.076923076923077,6.0,0.3076923076923077,7.5,0.09615384615384616,5.0,0.019230769230769232,8.0,0.28846153846153844,0.19230769230769232,25,0.6,0.09615384615384616,0.19230769230769232,15,0.3333333333333333,0.09615384615384616,0.07692307692307693,9,0.5555555555555556,0.019230769230769232,0.07692307692307693,5,0.2,0.019230769230769232,0.0,1,1.0
BTCUSDT,1h,DAILY_4H_1H_15M,30,52,34.469204442562415,18.246828313635,6.94945226966448,35.907508560261704,96.3230884115005,-22.158196892208977,-13.827387619796404,-50.069248065898186,7.832402229944832,0.49366135839501446,0.5192307692307693,0.4807692307692308,13.48076923076923,13.0,0.36538461538461536,9.0,0.17307692307692307,15.0,0.09615384615384616,17.0,0.34615384615384615,0.28846153846153844,33,0.5454545454545454,0.15384615384615385,0.34615384615384615,26,0.3076923076923077,0.15384615384615385,0.11538461538461539,14,0.5714285714285714,0.07692307692307693,0.11538461538461539,10,0.4,0.09615384615384616,0.0,5,1.0
BTCUSDT,1h,DAILY_4H_1H_15M,60,52,49.15123670979063,21.274305203645703,9.317568823893897,62.66522321918488,159.15755779722986,-32.03023303491635,-19.922748145141945,-62.28226780359647,15.103879501498565,-2.300083123749075,0.4807692307692308,0.5192307692307693,24.807692307692307,24.5,0.46153846153846156,11.0,0.2692307692307692,18.5,0.11538461538461539,21.5,0.40384615384615385,0.34615384615384615,39,0.5384615384615384,0.19230769230769232,0.4423076923076923,33,0.30303030303030304,0.23076923076923078,0.23076923076923078,24,0.5,0.09615384615384616,0.23076923076923078,17,0.29411764705882354,0.11538461538461539,0.057692307692307696,9,0.6666666666666666
BTCUSDT,1h,DAILY_4H_1H_15M,120,52,64.08817080478404,31.650376268438364,12.401245789369074,84.79129303256227,174.92397960688263,-51.781632664512685,-36.113314584125256,-121.53609468904158,0.5938487915515454,-11.788253996273813,0.4423076923076923,0.5576923076923077,49.42307692307692,39.0,0.5961538461538461,14.0,0.36538461538461536,39.0,0.19230769230769232,29.5,0.4807692307692308,0.4230769230769231,47,0.5319148936170213,0.23076923076923078,0.5384615384615384,40,0.3,0.28846153846153844,0.34615384615384615,33,0.45454545454545453,0.15384615384615385,0.36538461538461536,27,0.2962962962962963,0.19230769230769232,0.15384615384615385,18,0.5555555555555556
BTCUSDT,1h,DAILY_4H_1H_15M,240,52,85.84400534134024,44.01610599453986,21.12440291045403,95.08689032809048,182.2901620037618,-73.73273758081793,-51.084484238090866,-170.51434795039467,3.603806504387477,1.319391245745427,0.5192307692307693,0.4807692307692308,96.32692307692308,79.5,0.7115384615384616,30.0,0.4807692307692308,51.0,0.23076923076923078,47.0,0.5,0.4423076923076923,49,0.5306122448979592,0.2692307692307692,0.5769230769230769,44,0.3181818181818182,0.38461538461538464,0.4423076923076923,43,0.46511627906976744,0.17307692307692307,0.5,35,0.2571428571428571,0.21153846153846154,0.2692307692307692,25,0.44
BTCUSDT,1h,DAILY_ONLY,15,116,18.941022863607422,11.829439749196924,5.56663808408242,23.667679485235293,43.28434450192042,-19.2570920778462,-13.443741915912245,-49.312484890464695,-0.1700698726864952,-0.38993594949798815,0.49137931034482757,0.5086206896551724,6.913793103448276,6.0,0.21551724137931033,6.0,0.08620689655172414,5.0,0.017241379310344827,7.0,0.20689655172413793,0.2672413793103448,55,0.43636363636363634,0.08620689655172414,0.27586206896551724,42,0.23809523809523808,0.08620689655172414,0.09482758620689655,21,0.47619047619047616,0.017241379310344827,0.09482758620689655,13,0.15384615384615385,0.017241379310344827,0.0,2,1.0
BTCUSDT,1h,DAILY_ONLY,30,116,27.964599887547255,15.868270439826082,6.928994611783423,29.763945863831577,73.66818277892651,-25.703755172626263,-17.38248517236418,-62.83746026691739,1.0319939217540155,-1.3472771901112957,0.4482758620689655,0.5517241379310345,13.181034482758621,12.5,0.33620689655172414,10.0,0.13793103448275862,10.0,0.0603448275862069,17.0,0.3017241379310345,0.3275862068965517,73,0.4794520547945205,0.1206896551724138,0.3793103448275862,58,0.2413793103448276,0.1206896551724138,0.16379310344827586,33,0.42424242424242425,0.05172413793103448,0.16379310344827586,25,0.24,0.0603448275862069,0.017241379310344827,9,0.7777777777777778
BTCUSDT,1h,DAILY_ONLY,60,116,39.47189421216181,20.843255760065738,9.049963030674512,42.78893299221099,99.9393267727644,-36.026289602961555,-20.644962316553883,-86.79299243821103,3.7401146623793298,-3.4552486184075137,0.45689655172413796,0.5431034482758621,24.362068965517242,21.5,0.43103448275862066,15.0,0.22413793103448276,19.5,0.10344827586206896,26.5,0.3620689655172414,0.3793103448275862,86,0.4883720930232558,0.1724137931034483,0.45689655172413796,73,0.273972602739726,0.1896551724137931,0.25862068965517243,52,0.4230769230769231,0.07758620689655173,0.2672413793103448,40,0.225,0.10344827586206896,0.06896551724137931,20,0.6
BTCUSDT,1h,DAILY_ONLY,120,116,53.21590272002627,28.641388773733567,10.906847276412336,64.79831103483934,132.87595573272526,-53.17261928399079,-38.64119035457358,-138.7469744502462,-3.3337528362335243,-10.846287659222465,0.4224137931034483,0.5775862068965517,50.189655172413794,39.0,0.5431034482758621,22.0,0.3017241379310345,39.0,0.16379310344827586,48.0,0.43103448275862066,0.4396551724137931,101,0.49504950495049505,0.19827586206896552,0.5431034482758621,86,0.26744186046511625,0.23275862068965517,0.35344827586206895,68,0.39705882352941174,0.12931034482758622,0.3706896551724138,58,0.25862068965517243,0.16379310344827586,0.16379310344827586,38,0.5
BTCUSDT,1h,DAILY_ONLY,240,116,69.67286133501487,33.39438071705114,17.08824144424026,90.25903918494171,170.51627316215345,-77.041171434282,-49.65846075811797,-169.62234812656018,-11.434133707476457,-7.297988731366778,0.4482758620689655,0.5517241379310345,90.94827586206897,74.0,0.646551724137931,28.0,0.3879310344827586,43.0,0.20689655172413793,56.0,0.47413793103448276,0.4827586206896552,111,0.4954954954954955,0.23275862068965517,0.6120689655172413,98,0.2755102040816326,0.3017241379310345,0.43103448275862066,85,0.4117647058823529,0.14655172413793102,0.47413793103448276,72,0.2361111111111111,0.19827586206896552,0.25,52,0.4423076923076923
BTCUSDT,1h,FULL_ALIGNMENT,15,50,22.07767580260684,14.395329018547232,4.189441369122915,30.654389569738647,47.51986273837217,-16.43357316188969,-11.495493785563248,-41.62345431406911,5.698915626031733,1.3812129168622178,0.5,0.5,7.08,6.0,0.3,7.0,0.1,5.0,0.02,8.0,0.28,0.18,23,0.6086956521739131,0.1,0.18,14,0.35714285714285715,0.1,0.06,8,0.625,0.02,0.06,4,0.25,0.02,0.0,1,1.0
BTCUSDT,1h,FULL_ALIGNMENT,30,50,35.14486247559176,18.246828313635,7.097904723024073,36.63488145268901,97.92714183994258,-21.695599093089466,-13.827387619796404,-49.972943575746775,8.975855800408185,0.49366135839501446,0.52,0.48,13.74,13.5,0.36,8.5,0.18,15.0,0.1,17.0,0.34,0.28,31,0.5483870967741935,0.16,0.34,25,0.32,0.16,0.1,13,0.6153846153846154,0.08,0.1,9,0.4444444444444444,0.1,0.0,5,1.0
BTCUSDT,1h,FULL_ALIGNMENT,60,50,50.4141760335091,21.274305203645703,9.672752584489741,63.644075275821606,167.54460094156178,-31.85171584504143,-19.922748145141945,-61.61832831058833,16.034638038813846,-2.300083123749075,0.48,0.52,25.52,26.0,0.46,11.0,0.28,18.5,0.12,21.5,0.4,0.34,37,0.5405405405405406,0.2,0.44,32,0.3125,0.24,0.22,23,0.5217391304347826,0.1,0.22,16,0.3125,0.12,0.06,9,0.6666666666666666
BTCUSDT,1h,FULL_ALIGNMENT,120,50,64.17168930683926,30.58487932651066,11.864996059495759,83.96763108670879,178.01989448566812,-52.187015623954004,-36.113314584125256,-124.62897502784675,0.26370330857348206,-11.788253996273813,0.44,0.56,46.78,37.5,0.58,14.0,0.36,29.5,0.2,29.5,0.48,0.42,45,0.5333333333333333,0.24,0.54,39,0.3076923076923077,0.3,0.34,32,0.46875,0.16,0.36,26,0.3076923076923077,0.2,0.16,18,0.5555555555555556
BTCUSDT,1h,FULL_ALIGNMENT,240,50,86.18724208170171,40.08004420600675,20.873017535131268,97.89527256359564,183.28517015427173,-72.65171640143787,-51.084484238090866,-167.91724120358887,5.490100204325699,1.319391245745427,0.52,0.48,95.06,74.0,0.7,30.0,0.46,44.0,0.24,47.0,0.5,0.44,47,0.5319148936170213,0.26,0.58,42,0.30952380952380953,0.38,0.44,41,0.4634146341463415,0.18,0.5,34,0.2647058823529412,0.22,0.26,24,0.4583333333333333
BTCUSDT,1m,DAILY_4H,15,4777,16.54956129402965,10.224421501017211,3.8696474527921687,21.407138082347732,38.85347306793197,-15.712703231526195,-10.404175234055568,-35.44292806143745,0.32006401202801865,-0.18390148073144097,0.4948712581117856,0.5045007326774126,7.307933849696462,7.0,0.2070337031609797,7.0,0.05819552020096295,9.0,0.010676156583629894,10.0,0.1963575465773498,0.17291186937408415,1764,0.5317460317460317,0.05463680133975298,0.18296001674691229,1135,0.22995594713656387,0.05756751099016119,0.044379317563324264,487,0.5646817248459959,0.010466820180029307,0.045844672388528365,269,0.18587360594795538,0.010676156583629894,0.007745446933221687,88,0.5795454545454546
BTCUSDT,1m,DAILY_4H,30,4777,23.999879302314948,14.750445632798481,5.884263349593688,31.154983364163336,54.50226437420682,-22.953853549762474,-15.438359982112848,-53.19616522865389,0.6328802465837277,-0.04604744114344861,0.4980113041657944,0.5015700230270044,14.28909357337241,14.0,0.32363407996650617,12.0,0.11618170399832531,15.0,0.026795059660875028,18.0,0.2934896378480218,0.2761147163491731,2721,0.5152517456817347,0.10090014653548252,0.3022817667992464,1926,0.2502596053997923,0.11304165794431652,0.1040401925894913,1037,0.5207328833172613,0.02553904123927151,0.10843625706510363,640,0.190625,0.02658572325727444,0.021352313167259787,229,0.5545851528384279
BTCUSDT,1m,DAILY_4H,60,4777,34.932062515734756,21.880988542373192,9.176241538035868,44.90424829407979,78.49883195005926,-33.33019948942848,-21.816194064293583,-77.04567743941304,0.35922179773210783,-0.4024200075902762,0.49445258530458447,0.5055474146954155,28.455516014234874,27.0,0.45216663177726607,18.0,0.21205777684739377,28.0,0.06468494871258111,35.0,0.3822482729746703,0.3703160979694369,3595,0.5079276773296245,0.1735398785848859,0.42830228176679924,2875,0.2883478260869565,0.2007536110529621,0.19007745446933222,1867,0.5136582753079807,0.05987021142976764,0.2009629474565627,1246,0.22953451043338685,0.06384760309817877,0.0558928197613565,572,0.5332167832167832
BTCUSDT,1m,DAILY_4H,120,4777,50.45286171246554,31.569415567425096,13.371771925925202,64.51038751718042,116.47469249358464,-47.8496790347057,-31.549157892070134,-110.0454443357377,0.2911947605700022,-1.2312420838545002,0.48838182960016746,0.5116181703998325,55.60958760728491,52.0,0.5819552020096295,26.0,0.34059032865815364,46.0,0.13250994347917103,62.0,0.45049194054846137,0.44002512036843205,4254,0.5058768218147626,0.25015700230270044,0.5325518107598911,3739,0.31960417223856646,0.3098178773288675,0.29076826460121413,2869,0.515859184384803,0.11701904961272766,0.3202846975088968,2089,0.2675921493537578,0.12769520619635755,0.11555369478752354,1162,0.5249569707401033
BTCUSDT,1m,DAILY_4H,240,4777,74.31109293585664,47.16926864624105,20.003870095470777,94.13094837238401,172.77915245596782,-68.44768724890966,-47.297928988070396,-158.88025334973267,1.4469344200523802,-1.9729553353264873,0.4848231107389575,0.5151768892610425,110.50533807829181,101.0,0.6920661503035378,35.0,0.4762403181913335,70.0,0.23299141720745237,104.0,0.48377642872095455,0.477496336612937,4592,0.5032665505226481,0.3018630939920452,0.606447561230898,4339,0.33233463931781515,0.404647268159933,0.3851789826250785,3773,0.512324410283594,0.18672807201172284,0.4511199497592631,3047,0.2927469642271086,0.2189658781662131,0.205359011932175,2027,0.5160335471139615
BTCUSDT,1m,DAILY_4H_1H,15,2928,17.8242454925322,11.07527194359803,4.165123012064287,23.472554030221637,41.6360324716254,-16.672266933927343,-10.981716391003648,-37.13436642806334,0.5280649622900055,0.18977251021956576,0.5047814207650273,0.4948770491803279,7.407445355191257,7.0,0.22643442622950818,7.0,0.06967213114754098,8.5,0.01331967213114754,10.0,0.21311475409836064,0.1875,1173,0.5319693094629157,0.06523224043715847,0.20081967213114754,779,0.24518613607188702,0.06864754098360656,0.049863387978142076,347,0.579250720461095,0.012978142076502733,0.05191256830601093,190,0.2,0.01331967213114754,0.010245901639344262,69,0.5652173913043478
BTCUSDT,1m,DAILY_4H_1H,30,2928,26.177808053211674,16.31605351134713,6.542607101295284,33.67749831177602,59.971258788589445,-24.07630471157857,-16.25180761291145,-55.856913667023726,1.2317620885847156,0.24750561336439603,0.5047814207650273,0.49453551912568305,14.476434426229508,14.0,0.3514344262295082,12.0,0.1362704918032787,15.0,0.03278688524590164,19.0,0.3165983606557377,0.2858606557377049,1764,0.5255102040816326,0.11782786885245902,0.31693989071038253,1273,0.27101335428122547,0.13183060109289618,0.11168032786885246,713,0.541374474053296,0.030737704918032786,0.11816939890710383,436,0.20642201834862386,0.03244535519125683,0.025614754098360656,170,0.5588235294117647
BTCUSDT,1m,DAILY_4H_1H,60,2928,38.289464709387396,24.020177760284422,10.321050546197586,49.243674808703844,86.50518622129732,-34.92582293274144,-22.378419655601498,-81.93773435504815,0.5820747667346792,-0.4700070841495707,0.49351092896174864,0.5064890710382514,28.60928961748634,27.0,0.4812158469945355,17.0,0.24316939890710382,27.0,0.07581967213114754,33.0,0.40334699453551914,0.36919398907103823,2262,0.52210433244916,0.19774590163934427,0.4327185792349727,1846,0.31365113759479957,0.2301912568306011,0.19740437158469945,1252,0.5383386581469649,0.06967213114754098,0.21243169398907105,826,0.2469733656174334,0.07479508196721311,0.06523224043715847,410,0.5341463414634147
BTCUSDT,1m,DAILY_4H_1H,120,2928,55.47260540212806,35.69286664546701,15.316543800735216,68.71586864265589,129.89072210604584,-50.188979890404084,-33.01583231558935,-120.68489323398512,0.6140305823268887,-1.2166362424603783,0.4887295081967213,0.5112704918032787,55.81693989071038,52.0,0.6140710382513661,25.0,0.3790983606557377,44.0,0.1489071038251366,59.5,0.47404371584699456,0.43101092896174864,2650,0.5237735849056604,0.27629781420765026,0.524931693989071,2346,0.34484228473998296,0.34494535519125685,0.2916666666666667,1864,0.5418454935622318,0.1294398907103825,0.32889344262295084,1342,0.28241430700447095,0.14275956284153005,0.13183060109289618,804,0.5199004975124378
BTCUSDT,1m,DAILY_4H_1H,240,2928,81.10682773779384,50.59352551283314,21.85198804156574,104.22384869743284,196.8572389239931,-71.34775474960318,-48.58047919689079,-168.50106093524863,1.333402921546247,-2.610243454154171,0.4805327868852459,0.5194672131147541,108.58572404371584,98.0,0.7137978142076503,31.0,0.5047814207650273,63.0,0.2619535519125683,104.0,0.5020491803278688,0.4610655737704918,2820,0.5212765957446809,0.3241120218579235,0.5942622950819673,2689,0.35291930085533657,0.4344262295081967,0.3801229508196721,2385,0.5333333333333333,0.20901639344262296,0.4542349726775956,1942,0.31513903192584963,0.2455601092896175,0.2182377049180328,1358,0.5294550810014728
BTCUSDT,1m,DAILY_4H_1H_15M,15,1608,20.005580679306647,12.033282376491261,4.471964413985674,25.965761417517385,47.44717448838285,-17.94671166172056,-11.968679241696755,-39.887961317500825,1.0444062508402454,-0.1929334701572527,0.4975124378109453,0.5024875621890548,7.380597014925373,7.0,0.26243781094527363,7.0,0.08893034825870647,8.0,0.01927860696517413,10.0,0.24502487562189054,0.20024875621890548,716,0.5502793296089385,0.08208955223880597,0.21828358208955223,483,0.2732919254658385,0.08706467661691543,0.05721393034825871,232,0.603448275862069,0.018656716417910446,0.060945273631840796,128,0.234375,0.01927860696517413,0.012437810945273632,51,0.6078431372549019
BTCUSDT,1m,DAILY_4H_1H_15M,30,1608,29.339463911295553,17.918614746621486,7.431190270442145,37.14757848361505,67.12759430795003,-25.82856672134714,-16.98812136085803,-59.34345863115087,1.7507931745481395,0.24679637042002156,0.5049751243781094,0.49502487562189057,14.355099502487562,13.0,0.3917910447761194,11.0,0.16728855721393035,14.0,0.04415422885572139,17.0,0.35199004975124376,0.2904228855721393,1033,0.547918683446273,0.14614427860696516,0.3351990049751244,774,0.30361757105943155,0.15982587064676618,0.12686567164179105,461,0.5574837310195228,0.04042288557213931,0.13619402985074627,284,0.22887323943661972,0.043532338308457715,0.029228855721393034,117,0.5982905982905983
BTCUSDT,1m,DAILY_4H_1H_15M,60,1608,43.22608600562303,26.063012254083915,11.349641609229577,54.638859752526024,99.93322346648625,-37.2791213007681,-24.248660335635662,-86.45392635247805,1.694526167400888,-0.8845971631338267,0.4894278606965174,0.5105721393034826,28.067164179104477,26.0,0.5124378109452736,15.0,0.2835820895522388,25.5,0.10012437810945274,33.0,0.42723880597014924,0.376865671641791,1293,0.531322505800464,0.2269900497512438,0.4564676616915423,1099,0.3321201091901729,0.26616915422885573,0.21393034825870647,772,0.5544041450777202,0.09017412935323384,0.2325870646766169,519,0.279383429672447,0.09825870646766169,0.0740049751243781,277,0.5703971119133574
BTCUSDT,1m,DAILY_4H_1H_15M,120,1608,62.345611874460324,37.74095500233665,16.32827330788622,79.2766008873891,148.2756155868996,-53.46272269738862,-35.58222192675598,-130.2620747857388,1.8258768679219801,-2.9382381907172572,0.47947761194029853,0.5205223880597015,54.05410447761194,50.0,0.6343283582089553,22.0,0.4141791044776119,39.5,0.1822139303482587,56.0,0.486318407960199,0.4291044776119403,1472,0.53125,0.2898009950248756,0.5379353233830846,1331,0.3501126972201352,0.36629353233830847,0.30472636815920395,1079,0.5458758109360519,0.15609452736318408,0.35074626865671643,815,0.3079754601226994,0.17164179104477612,0.14738805970149255,513,0.5380116959064327
BTCUSDT,1m,DAILY_4H_1H_15M,240,1608,90.84240308829568,56.65364091917979,22.53821084676588,119.7924693215613,215.17272618803895,-76.01442485998886,-52.12864567980202,-181.4073192355764,1.9008898380622823,-5.713356957202098,0.4577114427860697,0.5422885572139303,105.05099502487562,93.0,0.7251243781094527,27.0,0.5310945273631841,56.0,0.30472636815920395,93.5,0.5074626865671642,0.45460199004975127,1547,0.5274725274725275,0.3289800995024876,0.5982587064676617,1491,0.35479543930248153,0.44402985074626866,0.39054726368159204,1342,0.5320417287630402,0.2332089552238806,0.472636815920398,1135,0.3303964757709251,0.2798507462686567,0.23756218905472637,832,0.5408653846153846
BTCUSDT,1m,DAILY_ONLY,15,8092,15.720771703730431,9.629745721392302,3.6460596344245477,20.288994797290073,36.73839014409277,-14.931122634972322,-9.94564203454118,-33.87023420993873,0.3579252060346481,-0.15658560286846424,0.49480968858131485,0.504819574888779,7.34453781512605,7.0,0.189817103311913,7.0,0.05202669303015324,9.0,0.009515570934256055,10.0,0.18129016312407314,0.1615175481957489,2774,0.5288392213410238,0.04893722194760257,0.17016806722689076,1773,0.2233502538071066,0.05128521997034108,0.037815126050420166,721,0.5755894590846047,0.009391992090954029,0.03892733564013841,391,0.19437340153452684,0.009515570934256055,0.006549678695007415,130,0.5923076923076923
BTCUSDT,1m,DAILY_ONLY,30,8092,22.74963176748519,14.133543834791151,5.5507635200519045,29.45374256969613,51.21487884537725,-21.773184280460963,-14.439657919252946,-49.38026211765667,0.3953407388210471,-0.19940139429242,0.495304003954523,0.504325259515571,14.286826495304004,13.5,0.3061047948591201,12.0,0.10528917449332674,16.0,0.023232822540781017,17.0,0.27990608007909046,0.2628521997034108,4392,0.5157103825136612,0.09218981710331191,0.28670291646070195,3066,0.24331376386170905,0.10207612456747404,0.09342560553633218,1582,0.5221238938053098,0.02212061295106278,0.09651507661888285,960,0.18645833333333334,0.023109243697478993,0.017795353435491844,331,0.5649546827794562
BTCUSDT,1m,DAILY_ONLY,60,8092,32.990648651916956,20.875726017355323,8.57287625126213,42.65337551383863,74.00939271880773,-31.65832205972697,-21.084285106139355,-72.59835055911034,0.4548918402964534,-0.5664221822576643,0.4922145328719723,0.5077854671280276,28.33910034602076,27.0,0.43388531883341575,19.0,0.1962432031636184,28.0,0.05758774097874444,35.0,0.3716015818091943,0.36492832427088484,5960,0.5045302013422819,0.16176470588235295,0.416831438457736,4682,0.2795813754805639,0.18573900148294611,0.175976272862086,2927,0.5134950461223096,0.053509639149777556,0.18524468610973802,1932,0.22412008281573498,0.05696984676223431,0.04807217004448838,850,0.5423529411764706
BTCUSDT,1m,DAILY_ONLY,120,8092,47.85417099895037,30.39004297194614,12.72774842580926,61.95736704671606,110.27387197587802,-45.74891932280101,-30.55980644940226,-103.81063616907848,0.9913580785082696,-0.8173879816447682,0.49085516559565,0.5090212555610479,55.836999505684624,53.0,0.5679683638161147,28.0,0.3226643598615917,48.0,0.12073652990608008,63.0,0.4430301532377657,0.4411764705882353,7155,0.5010482180293501,0.23801285219970342,0.5294117647058824,6210,0.3101449275362319,0.2934997528423134,0.27891744933267426,4632,0.5127374784110535,0.10751359367276322,0.3032624814631735,3324,0.26173285198555957,0.11739990113692536,0.1046712802768166,1797,0.528658875904285
BTCUSDT,1m,DAILY_ONLY,240,8092,69.58284987170889,44.953161664077484,19.25790072415168,89.4065457524662,158.61517177757457,-65.44962794947651,-44.967199405409055,-149.72343421980682,1.9075066862113434,-1.4241893265748429,0.4893722194760257,0.5106277805239743,110.34280771131982,103.0,0.680919426594167,37.0,0.4598368759268413,73.0,0.2161393969352447,107.0,0.47565496786950073,0.4804745427582798,7737,0.49747964327258626,0.29139891250617894,0.6085022244191794,7282,0.3238121395221093,0.39100346020761245,0.3756796836381611,6204,0.5099935525467441,0.17795353435491842,0.4328966880869995,4943,0.29132106008496866,0.2056351952545724,0.18919920909540286,3195,0.5208137715179969
BTCUSDT,1m,FULL_ALIGNMENT,15,933,21.309595498838128,12.308553720803417,4.462173978823092,29.362586299310767,49.42038114092462,-18.804764440893408,-12.497309383905364,-40.56038385807592,1.3395173532630178,-0.8404773911585561,0.48767416934619506,0.5123258306538049,7.106109324758842,6.0,0.2958199356913183,7.0,0.09646302250803858,8.0,0.021436227224008574,9.0,0.27867095391211144,0.2090032154340836,455,0.5714285714285714,0.08896034297963558,0.2390139335476956,306,0.27124183006535946,0.09539121114683816,0.0632368703108253,148,0.6013513513513513,0.021436227224008574,0.06752411575562701,83,0.24096385542168675,0.021436227224008574,0.010718113612004287,30,0.6666666666666666
BTCUSDT,1m,FULL_ALIGNMENT,30,933,31.848518593731512,19.391728239874784,7.657008697508072,40.62386295469622,76.22393369238983,-26.98084793549668,-18.187414309297488,-61.37505992329051,3.020723622062775,0.8578797861868992,0.5166130760986066,0.4833869239013934,14.166130760986066,13.0,0.42979635584137194,10.0,0.1864951768488746,15.0,0.05359056806002144,17.5,0.3890675241157556,0.30010718113612006,643,0.5645412130637636,0.16505894962486603,0.3612004287245445,491,0.3136456211812627,0.1789924973204716,0.13933547695605572,297,0.5622895622895623,0.04930332261521972,0.14683815648445875,183,0.25136612021857924,0.05251875669882101,0.031082529474812434,78,0.6282051282051282
BTCUSDT,1m,FULL_ALIGNMENT,60,933,46.00214708333223,28.893270882708322,11.570031435557127,56.766493667583795,111.67715495709642,-38.51136172170507,-25.720817174457178,-86.24024657841423,1.6358743922932977,-2.8386782250244824,0.4737406216505895,0.5262593783494105,27.105037513397644,26.0,0.5423365487674169,13.0,0.3065380493033226,25.0,0.12004287245444802,33.0,0.45766345123258306,0.37727759914255093,779,0.5481386392811296,0.24866023579849947,0.4780278670953912,678,0.3421828908554572,0.2872454448017149,0.22293676312968919,476,0.5630252100840336,0.10718113612004287,0.24008574490889603,324,0.30864197530864196,0.11682743837084673,0.07181136120042872,176,0.6193181818181818
BTCUSDT,1m,FULL_ALIGNMENT,120,933,65.23559014769457,42.122621137590244,16.934780264485916,86.34529147982128,153.00282259777566,-54.74037734528551,-38.03442721415307,-129.48971092291205,4.220114538506076,0.009155086246881439,0.5005359056806002,0.4994640943193998,54.160771704180064,48.0,0.6645230439442658,19.0,0.44694533762057875,38.0,0.2015005359056806,51.0,0.5123258306538049,0.4190782422293676,869,0.5500575373993095,0.31511254019292606,0.5466237942122186,804,0.3656716417910448,0.3912111468381565,0.3161843515541265,660,0.553030303030303,0.16934619506966775,0.36227224008574493,496,0.3185483870967742,0.18863879957127547,0.14683815648445875,313,0.5623003194888179
BTCUSDT,1m,FULL_ALIGNMENT,240,933,95.52745372955658,61.98160280807885,24.593480227477205,124.84797207974019,211.1019236303791,-76.4103121544145,-54.24711047975816,-174.40343000545266,4.687589626059742,-5.193106631788957,0.46516613076098606,0.5348338692390139,104.85423365487674,94.0,0.744908896034298,24.0,0.5734190782422294,56.0,0.32261521972132906,85.0,0.5316184351554126,0.4405144694533762,907,0.5468577728776185,0.3515541264737406,0.5894962486602358,878,0.3735763097949886,0.47266881028938906,0.39978563772775993,814,0.5417690417690417,0.2465166130760986,0.4887459807073955,686,0.33527696793002915,0.2936763129689175,0.23687031082529475,495,0.5535353535353535
BTCUSDT,5m,DAILY_4H,15,958,16.56101842270362,10.006788402070477,3.5257734582072597,21.9150885239483,38.934531154744455,-16.13491120287434,-10.684193336024105,-36.3693824365835,-0.6220342283430014,-1.2216113692176123,0.4572025052192067,0.5427974947807933,6.8528183716075155,6.0,0.20041753653444677,7.0,0.060542797494780795,8.0,0.010438413361169102,9.0,0.18789144050104384,0.17745302713987474,350,0.5142857142857142,0.05741127348643006,0.18893528183716074,236,0.2330508474576271,0.060542797494780795,0.05010438413361169,106,0.5471698113207547,0.010438413361169102,0.0511482254697286,59,0.1694915254237288,0.010438413361169102,0.009394572025052192,19,0.5263157894736842
BTCUSDT,5m,DAILY_4H,30,958,25.083309225811597,15.043807352684846,6.280974005809514,31.03644448627374,57.98825904847906,-23.084659708937405,-15.62383075844831,-51.123390329725126,-0.3139741356400317,-1.0349059363984336,0.48434237995824636,0.5156576200417536,14.169102296450939,13.0,0.32045929018789143,12.0,0.12317327766179541,16.0,0.029227557411273485,19.5,0.2766179540709812,0.2849686847599165,538,0.49256505576208176,0.10855949895615867,0.31002087682672236,401,0.2593516209476309,0.12212943632567849,0.10125260960334029,214,0.5467289719626168,0.028183716075156576,0.10647181628392484,129,0.20930232558139536,0.029227557411273485,0.020876826722338204,48,0.5833333333333334
BTCUSDT,5m,DAILY_4H,60,958,36.1764127705406,22.569689818469072,9.175627049743396,45.73503358653086,84.2635290680838,-33.44188234543848,-22.866022415101718,-72.00083844856798,-1.4406545490309055,-2.4213530565081465,0.477035490605428,0.5229645093945721,27.65240083507307,25.0,0.4561586638830898,18.0,0.22860125260960334,29.0,0.06889352818371608,34.5,0.3736951983298539,0.3747390396659708,717,0.499302649930265,0.17745302713987474,0.42275574112734865,575,0.2956521739130435,0.21711899791231734,0.18893528183716074,389,0.5347043701799485,0.06680584551148225,0.20981210855949894,265,0.24150943396226415,0.06889352818371608,0.05219206680584551,116,0.5689655172413793
BTCUSDT,5m,DAILY_4H,120,958,50.20708357849024,32.29712452191169,12.98220602423239,63.3822019480651,115.81224806857286,-50.19068797685346,-32.209490768689285,-114.03244617024622,-4.871120244819207,-3.7597426124985622,0.46242171189979125,0.5375782881002088,52.48329853862213,47.0,0.5751565762004175,26.0,0.33611691022964507,44.0,0.1304801670146138,53.0,0.4331941544885177,0.4603340292275574,856,0.4848130841121495,0.24112734864300625,0.5417536534446764,750,0.308,0.3037578288100209,0.2954070981210856,574,0.5069686411149826,0.11691022964509394,0.33611691022964507,434,0.25806451612903225,0.12839248434237996,0.12630480167014613,244,0.5040983606557377
BTCUSDT,5m,DAILY_4H,240,958,72.61616434847693,45.26243815470288,19.05381765573255,93.04018939617853,170.82118636126427,-70.73853562703991,-49.28552368002326,-160.06936076809197,-2.5172913954955503,-5.0550543731470166,0.4613778705636743,0.5386221294363257,103.70563674321504,91.5,0.6805845511482255,34.0,0.47390396659707723,65.5,0.2265135699373695,107.0,0.4718162839248434,0.49582463465553234,927,0.48759439050701187,0.29958246346555323,0.6085594989561587,870,0.32988505747126434,0.3977035490605428,0.3987473903966597,763,0.49934469200524245,0.17849686847599164,0.46659707724425886,618,0.2766990291262136,0.2150313152400835,0.2150313152400835,412,0.5
BTCUSDT,5m,DAILY_4H_1H,15,570,18.403611759129184,11.4354467941713,3.978349200412512,23.31046511774959,42.039089387208705,-17.20013056013671,-11.912082441186133,-37.67590751637739,-0.4407719492265335,-1.4676009078656849,0.45789473684210524,0.5421052631578948,6.882456140350877,6.0,0.22105263157894736,6.0,0.07368421052631578,8.5,0.014035087719298246,8.5,0.21052631578947367,0.1736842105263158,219,0.547945205479452,0.07368421052631578,0.18771929824561404,149,0.28187919463087246,0.07368421052631578,0.056140350877192984,74,0.5675675675675675,0.014035087719298246,0.05789473684210526,41,0.1951219512195122,0.014035087719298246,0.015789473684210527,17,0.47058823529411764
BTCUSDT,5m,DAILY_4H_1H,30,570,27.64849778011976,15.810385938020977,6.700635971099156,33.070340290801695,61.780553631145544,-24.89490986347407,-17.10056290526396,-52.360586893192895,-0.634476334761784,-2.719849549113751,0.44912280701754387,0.5508771929824562,13.552631578947368,12.0,0.3385964912280702,10.0,0.1368421052631579,14.0,0.042105263157894736,20.0,0.2964912280701754,0.29473684210526313,337,0.5014836795252225,0.12631578947368421,0.32280701754385965,256,0.28125,0.1368421052631579,0.10701754385964912,139,0.5611510791366906,0.04035087719298246,0.11403508771929824,88,0.26136363636363635,0.042105263157894736,0.02982456140350877,41,0.5853658536585366
BTCUSDT,5m,DAILY_4H_1H,60,570,39.46775752134623,23.168663768680098,9.826425853698971,49.296090703611625,92.39888509772199,-36.25478652542317,-24.493386085085998,-78.00457716875297,-2.7012118195947967,-4.320594361464369,0.45087719298245615,0.5491228070175439,26.719298245614034,23.0,0.4666666666666667,17.0,0.24736842105263157,26.0,0.08947368421052632,32.0,0.3824561403508772,0.3912280701754386,441,0.4943310657596372,0.1912280701754386,0.44912280701754387,365,0.29863013698630136,0.23508771929824562,0.20175438596491227,249,0.5381526104417671,0.08596491228070176,0.22631578947368422,178,0.2752808988764045,0.08947368421052632,0.06140350877192982,86,0.5930232558139535
BTCUSDT,5m,DAILY_4H_1H,120,570,55.539033752161075,35.317093127805734,13.052729922305438,67.54212133091741,129.1427528846756,-54.35004001629423,-35.863397695709565,-121.35160327066052,-6.86949360356823,-6.125071461415832,0.43508771929824563,0.5649122807017544,51.43333333333333,46.0,0.5859649122807018,25.0,0.3684210526315789,47.5,0.1543859649122807,49.5,0.44035087719298244,0.47719298245614034,523,0.47992351816443596,0.2649122807017544,0.5631578947368421,472,0.3199152542372881,0.3333333333333333,0.3140350877192982,369,0.5149051490514905,0.13859649122807016,0.35964912280701755,284,0.27816901408450706,0.15263157894736842,0.13157894736842105,162,0.5370370370370371
BTCUSDT,5m,DAILY_4H_1H,240,570,80.2199363786528,50.91500674245353,19.128016271331983,106.13045957334532,202.67764367314257,-75.02361408333071,-51.30116538594132,-177.34393816140903,-2.2095279152067877,-8.853383264303961,0.443859649122807,0.5561403508771929,102.73333333333333,88.5,0.6912280701754386,32.0,0.5070175438596491,62.0,0.2596491228070175,96.0,0.47192982456140353,0.5052631578947369,557,0.4829443447037702,0.32105263157894737,0.6210526315789474,537,0.3407821229050279,0.4263157894736842,0.4017543859649123,472,0.5148305084745762,0.20350877192982456,0.47719298245614034,388,0.29896907216494845,0.24736842105263157,0.22105263157894736,267,0.5280898876404494
BTCUSDT,5m,DAILY_4H_1H_15M,15,249,19.799487603283456,11.813249820082916,3.735127545110295,23.981544857656356,43.27461700388959,-19.912631079245426,-13.035223063423418,-45.59550847121341,-1.6969883654533138,-1.9580376071326455,0.42570281124497994,0.5742971887550201,6.767068273092369,6.0,0.23293172690763053,6.0,0.08433734939759036,8.0,0.020080321285140562,9.0,0.21285140562248997,0.21686746987951808,107,0.4953271028037383,0.08433734939759036,0.2289156626506024,78,0.2692307692307692,0.08433734939759036,0.08032128514056225,41,0.5121951219512195,0.020080321285140562,0.08433734939759036,26,0.19230769230769232,0.020080321285140562,0.028112449799196786,12,0.4166666666666667
BTCUSDT,5m,DAILY_4H_1H_15M,30,249,31.450606935774843,16.568806829928562,6.424222110497091,38.83199400469772,62.51552833050323,-27.91502141487451,-18.1683876878036,-57.93733952517077,0.3000462201430404,-2.327070420108379,0.4538152610441767,0.5461847389558233,13.859437751004016,13.0,0.3654618473895582,9.0,0.1646586345381526,14.0,0.05622489959839357,21.0,0.2971887550200803,0.3413654618473896,159,0.46540880503144655,0.14859437751004015,0.357429718875502,126,0.29365079365079366,0.1646586345381526,0.14457831325301204,77,0.5324675324675324,0.05220883534136546,0.1566265060240964,52,0.25,0.05622489959839357,0.03614457831325301,23,0.6086956521739131
BTCUSDT,5m,DAILY_4H_1H_15M,60,249,43.359618681504024,24.0434182629512,10.768960370821645,54.64967596450654,105.26287317867543,-39.17917208461054,-26.330337450061194,-81.25908540351001,-3.3725114216835257,-6.08576298179786,0.4497991967871486,0.5502008032128514,26.779116465863453,24.0,0.4859437751004016,16.0,0.2931726907630522,27.0,0.10441767068273092,28.5,0.3654618473895582,0.43775100401606426,200,0.455,0.2248995983935743,0.46987951807228917,173,0.3236994219653179,0.27309236947791166,0.2289156626506024,125,0.544,0.0963855421686747,0.26506024096385544,90,0.26666666666666666,0.10441767068273092,0.07228915662650602,44,0.5909090909090909
BTCUSDT,5m,DAILY_4H_1H_15M,120,249,62.18122919854757,37.463892124174336,12.393740521303709,71.71466800250714,165.09217124166005,-59.982699186817136,-41.08529001872419,-135.67563991482288,-10.596919873095025,-8.76401925543946,0.42168674698795183,0.5783132530120482,48.34538152610442,43.0,0.5943775100401606,22.0,0.40160642570281124,42.0,0.1686746987951807,46.5,0.41767068273092367,0.5140562248995983,232,0.4482758620689655,0.28112449799196787,0.570281124497992,212,0.330188679245283,0.3534136546184739,0.3534136546184739,176,0.5,0.14457831325301204,0.42570281124497994,142,0.2535211267605634,0.1646586345381526,0.1566265060240964,80,0.5125
BTCUSDT,5m,DAILY_4H_1H_15M,240,249,87.65663213936482,54.18882427977279,19.176739970345746,113.46818703354744,225.30329329326867,-84.23623175122377,-55.02585266353499,-213.53336942585588,-6.16373533705698,-12.531099911599064,0.40963855421686746,0.5903614457831325,99.15261044176707,75.0,0.6746987951807228,26.0,0.5220883534136547,51.0,0.27309236947791166,93.0,0.43775100401606426,0.5381526104417671,243,0.448559670781893,0.3293172690763052,0.6265060240963856,238,0.3445378151260504,0.43373493975903615,0.41767068273092367,212,0.5094339622641509,0.20080321285140562,0.5100401606425703,177,0.2824858757062147,0.2570281124497992,0.2570281124497992,128,0.5
BTCUSDT,5m,DAILY_ONLY,15,1618,15.923023525060856,9.8132110884952,3.316158273772851,20.414102410718506,38.14156231694653,-15.508727724174172,-10.354169816778057,-34.270710644592974,-0.7580088268499281,-1.2971774818765214,0.4579728059332509,0.542027194066749,6.892459826946848,6.0,0.18603213844252164,6.0,0.0550061804697157,8.0,0.011124845488257108,9.0,0.17676143386897405,0.15945611866501855,544,0.5257352941176471,0.05253399258343634,0.16872682323856614,358,0.23743016759776536,0.0550061804697157,0.046353522867737945,164,0.5426829268292683,0.011124845488257108,0.04697156983930779,94,0.19148936170212766,0.011124845488257108,0.00865265760197775,32,0.5625
BTCUSDT,5m,DAILY_ONLY,30,1618,23.529326542536165,14.122361347245205,5.3981956308180035,29.768419526893798,53.62085524820004,-22.06782981526649,-14.959726568076203,-49.173081585229035,-0.294927852443576,-0.7381308214204907,0.48702101359703337,0.5129789864029666,14.07849196538937,13.0,0.3034610630407911,11.0,0.11557478368355995,16.0,0.02533992583436341,18.0,0.27070457354758964,0.2620519159456119,862,0.5081206496519721,0.103831891223733,0.2867737948084054,632,0.26582278481012656,0.11495673671199011,0.09332509270704574,337,0.5519287833827893,0.024721878862793572,0.09641532756489493,196,0.20408163265306123,0.02533992583436341,0.021013597033374538,75,0.5466666666666666
BTCUSDT,5m,DAILY_ONLY,60,1618,33.934200516452655,21.32704823611831,8.620106973958874,43.06370298586937,75.55254195480639,-31.686848476436495,-21.389499649865364,-69.16834194918708,-0.6672540488852465,-1.0496226079104165,0.4888751545117429,0.5111248454882571,28.196538936959207,27.0,0.4468479604449938,19.0,0.21013597033374537,28.0,0.05624227441285538,33.0,0.377008652657602,0.35970333745364647,1192,0.511744966442953,0.1699629171817058,0.4054388133498146,931,0.2953813104189044,0.20210135970333745,0.16934487021013597,601,0.5440931780366056,0.054388133498145856,0.1841779975278121,386,0.22797927461139897,0.05624227441285538,0.04758961681087762,168,0.5416666666666666
BTCUSDT,5m,DAILY_ONLY,120,1618,47.64098268697349,30.514299884327745,12.478904455052731,61.88181159840545,109.98478361904262,-46.84006764181578,-30.898712516785885,-105.92358115161137,-2.6686550406991243,-3.5525818000969878,0.46786155747836833,0.5321384425216317,53.584054388133495,49.0,0.5630407911001236,28.0,0.3207663782447466,45.0,0.11557478368355995,61.0,0.43510506798516685,0.44437577255871447,1423,0.4947294448348559,0.2360939431396786,0.5296662546353523,1239,0.3083131557707829,0.29171817058096416,0.28059332509270707,926,0.509719222462203,0.10444993819530285,0.31396786155747836,677,0.24963072378138848,0.11372064276885044,0.1069221260815822,357,0.5154061624649859
BTCUSDT,5m,DAILY_ONLY,240,1618,69.89224738215201,44.42242216756487,19.077620892970494,92.2947704173127,158.6298310352343,-66.76896956604817,-45.79032297754249,-154.99735864293817,0.6706827660404655,-2.946025541288866,0.4783683559950556,0.5216316440049443,106.49134734239803,94.0,0.6823238566131026,38.0,0.46662546353522866,71.0,0.2218788627935723,118.0,0.47404202719406674,0.484548825710754,1551,0.4945196647324307,0.29357231149567364,0.6013597033374537,1448,0.3280386740331492,0.3912237330037083,0.3856613102595797,1257,0.5035799522673031,0.17552533992583436,0.4431396786155748,1001,0.2837162837162837,0.2126081582200247,0.1915945611866502,654,0.5259938837920489
BTCUSDT,5m,FULL_ALIGNMENT,15,249,19.799487603283456,11.813249820082916,3.735127545110295,23.981544857656356,43.27461700388959,-19.912631079245426,-13.035223063423418,-45.59550847121341,-1.6969883654533138,-1.9580376071326455,0.42570281124497994,0.5742971887550201,6.767068273092369,6.0,0.23293172690763053,6.0,0.08433734939759036,8.0,0.020080321285140562,9.0,0.21285140562248997,0.21686746987951808,107,0.4953271028037383,0.08433734939759036,0.2289156626506024,78,0.2692307692307692,0.08433734939759036,0.08032128514056225,41,0.5121951219512195,0.020080321285140562,0.08433734939759036,26,0.19230769230769232,0.020080321285140562,0.028112449799196786,12,0.4166666666666667
BTCUSDT,5m,FULL_ALIGNMENT,30,249,31.450606935774843,16.568806829928562,6.424222110497091,38.83199400469772,62.51552833050323,-27.91502141487451,-18.1683876878036,-57.93733952517077,0.3000462201430404,-2.327070420108379,0.4538152610441767,0.5461847389558233,13.859437751004016,13.0,0.3654618473895582,9.0,0.1646586345381526,14.0,0.05622489959839357,21.0,0.2971887550200803,0.3413654618473896,159,0.46540880503144655,0.14859437751004015,0.357429718875502,126,0.29365079365079366,0.1646586345381526,0.14457831325301204,77,0.5324675324675324,0.05220883534136546,0.1566265060240964,52,0.25,0.05622489959839357,0.03614457831325301,23,0.6086956521739131
BTCUSDT,5m,FULL_ALIGNMENT,60,249,43.359618681504024,24.0434182629512,10.768960370821645,54.64967596450654,105.26287317867543,-39.17917208461054,-26.330337450061194,-81.25908540351001,-3.3725114216835257,-6.08576298179786,0.4497991967871486,0.5502008032128514,26.779116465863453,24.0,0.4859437751004016,16.0,0.2931726907630522,27.0,0.10441767068273092,28.5,0.3654618473895582,0.43775100401606426,200,0.455,0.2248995983935743,0.46987951807228917,173,0.3236994219653179,0.27309236947791166,0.2289156626506024,125,0.544,0.0963855421686747,0.26506024096385544,90,0.26666666666666666,0.10441767068273092,0.07228915662650602,44,0.5909090909090909
BTCUSDT,5m,FULL_ALIGNMENT,120,249,62.18122919854757,37.463892124174336,12.393740521303709,71.71466800250714,165.09217124166005,-59.982699186817136,-41.08529001872419,-135.67563991482288,-10.596919873095025,-8.76401925543946,0.42168674698795183,0.5783132530120482,48.34538152610442,43.0,0.5943775100401606,22.0,0.40160642570281124,42.0,0.1686746987951807,46.5,0.41767068273092367,0.5140562248995983,232,0.4482758620689655,0.28112449799196787,0.570281124497992,212,0.330188679245283,0.3534136546184739,0.3534136546184739,176,0.5,0.14457831325301204,0.42570281124497994,142,0.2535211267605634,0.1646586345381526,0.1566265060240964,80,0.5125
BTCUSDT,5m,FULL_ALIGNMENT,240,249,87.65663213936482,54.18882427977279,19.176739970345746,113.46818703354744,225.30329329326867,-84.23623175122377,-55.02585266353499,-213.53336942585588,-6.16373533705698,-12.531099911599064,0.40963855421686746,0.5903614457831325,99.15261044176707,75.0,0.6746987951807228,26.0,0.5220883534136547,51.0,0.27309236947791166,93.0,0.43775100401606426,0.5381526104417671,243,0.448559670781893,0.3293172690763052,0.6265060240963856,238,0.3445378151260504,0.43373493975903615,0.41767068273092367,212,0.5094339622641509,0.20080321285140562,0.5100401606425703,177,0.2824858757062147,0.2570281124497992,0.2570281124497992,128,0.5
ETHUSDT,15m,DAILY_4H,15,314,27.303180960946108,16.107691455801152,6.98063750636746,35.81942279829775,60.694986388791335,-24.596290352897125,-16.784473718696738,-57.27687657888991,-0.08573557196661816,-2.4989421178717164,0.4554140127388535,0.5414012738853503,6.388535031847134,5.0,0.35987261146496813,5.0,0.1592356687898089,7.5,0.03821656050955414,8.0,0.31210191082802546,0.28662420382165604,188,0.5212765957446809,0.1305732484076433,0.3248407643312102,143,0.2867132867132867,0.14968152866242038,0.12738853503184713,87,0.5402298850574713,0.03184713375796178,0.13694267515923567,53,0.18867924528301888,0.03821656050955414,0.022292993630573247,19,0.631578947368421
ETHUSDT,15m,DAILY_4H,30,314,36.74351222440103,22.61644050714939,10.162534974356152,46.93685503443123,89.19214525454233,-35.323431742539746,-22.813697418290758,-84.97268760429132,-2.374821109285449,-2.465175091123095,0.46496815286624205,0.535031847133758,12.78343949044586,11.0,0.48089171974522293,7.0,0.23248407643312102,10.0,0.07006369426751592,14.0,0.3885350318471338,0.37261146496815284,239,0.5104602510460251,0.1751592356687898,0.4299363057324841,190,0.2894736842105263,0.21019108280254778,0.19745222929936307,128,0.515625,0.06369426751592357,0.22929936305732485,92,0.21739130434782608,0.07006369426751592,0.06369426751592357,42,0.5238095238095238
ETHUSDT,15m,DAILY_4H,60,314,51.67210961335335,33.86872237536976,13.822564910092595,68.40384710681879,115.50165137136092,-50.15685864182616,-32.434428545851105,-122.57957946703534,-6.635388721179259,-9.886054873407545,0.42038216560509556,0.5796178343949044,24.754777070063696,22.0,0.5987261146496815,10.5,0.3535031847133758,18.0,0.14012738853503184,27.5,0.43630573248407645,0.4426751592356688,276,0.4963768115942029,0.2515923566878981,0.5318471337579618,246,0.32113821138211385,0.3089171974522293,0.2929936305732484,189,0.5132275132275133,0.12101910828025478,0.3343949044585987,143,0.26573426573426573,0.13694267515923567,0.1337579617834395,85,0.5058823529411764
ETHUSDT,15m,DAILY_4H,120,314,71.13729440893181,43.29509116154373,18.24278522476408,96.16473574341644,166.97802800309054,-72.22501300623851,-51.84692861046058,-157.41722807231594,-6.26740936934711,-13.405134868839097,0.39490445859872614,0.6050955414012739,46.531847133757964,36.0,0.6687898089171974,13.0,0.46178343949044587,30.0,0.24203821656050956,48.0,0.4681528662420382,0.48089171974522293,298,0.49328859060402686,0.3057324840764331,0.5987261146496815,284,0.3380281690140845,0.3853503184713376,0.40445859872611467,248,0.4879032258064516,0.1910828025477707,0.4745222929936306,209,0.28708133971291866,0.2356687898089172,0.22611464968152867,145,0.5103448275862069
ETHUSDT,15m,DAILY_4H,240,314,106.16055919168711,67.15247590286744,26.679286109038692,128.3572615091466,258.1618805027798,-99.16234269448314,-71.17836614721374,-203.05917753807944,1.7125569923240191,-12.155897985512976,0.4426751592356688,0.5573248407643312,101.78980891719745,85.5,0.7579617834394905,17.5,0.5796178343949044,40.0,0.35987261146496813,85.0,0.49363057324840764,0.5031847133757962,313,0.4952076677316294,0.3343949044585987,0.6273885350318471,302,0.347682119205298,0.4299363057324841,0.4713375796178344,283,0.47703180212014135,0.24522292993630573,0.5828025477707006,260,0.29615384615384616,0.3184713375796178,0.33121019108280253,204,0.49019607843137253
ETHUSDT,15m,DAILY_4H_1H,15,148,32.70806682052262,21.280026304082433,8.425382601420782,41.42215238232883,71.08917057001895,-28.765516565265358,-18.783411898297686,-69.75678013117582,-0.06880246734201158,-1.2558736518669678,0.4797297297297297,0.5135135135135135,6.743243243243243,5.5,0.4594594594594595,5.0,0.1891891891891892,8.5,0.05405405405405406,9.5,0.3716216216216216,0.31756756756756754,102,0.5392156862745098,0.13513513513513514,0.38513513513513514,77,0.2597402597402597,0.16891891891891891,0.16891891891891891,50,0.5,0.04054054054054054,0.1891891891891892,34,0.17647058823529413,0.05405405405405406,0.04054054054054054,14,0.5714285714285714
ETHUSDT,15m,DAILY_4H_1H,30,148,42.19908833201708,28.681056001009786,14.037096638936376,54.79676498510999,89.57066648030244,-42.90412157901157,-26.864566564214208,-108.77744642049858,-6.764005272487389,-3.2172738191271755,0.46621621621621623,0.5337837837837838,12.68918918918919,11.5,0.5608108108108109,7.0,0.27702702702702703,12.0,0.06756756756756757,10.0,0.4391891891891892,0.38513513513513514,122,0.5327868852459017,0.19594594594594594,0.46621621621621623,98,0.29591836734693877,0.25,0.25,74,0.5,0.05405405405405406,0.3108108108108108,54,0.14814814814814814,0.06756756756756757,0.11486486486486487,27,0.37037037037037035
ETHUSDT,15m,DAILY_4H_1H,60,148,58.37835864219497,40.28435044081347,20.21120253949904,72.71892416610416,124.56981633788814,-60.9753048035477,-40.59668199075995,-135.8763585442253,-13.673592679822427,-15.528591796082347,0.41216216216216217,0.5878378378378378,24.175675675675677,21.0,0.6756756756756757,8.5,0.38513513513513514,16.0,0.14189189189189189,32.0,0.49324324324324326,0.4391891891891892,138,0.5289855072463768,0.2635135135135135,0.5675675675675675,123,0.3170731707317073,0.3310810810810811,0.36486486486486486,103,0.47572815533980584,0.11486486486486487,0.4391891891891892,82,0.2073170731707317,0.13513513513513514,0.20945945945945946,51,0.39215686274509803
ETHUSDT,15m,DAILY_4H_1H,120,148,79.93359469668077,54.874185710014345,22.124331838618836,98.32167426888694,181.36238330449893,-82.0649906382902,-65.92537921871589,-172.3973687144883,-8.158755455147576,-18.48778836118725,0.3783783783783784,0.6216216216216216,44.88513513513514,33.0,0.7297297297297297,10.0,0.5135135135135135,26.5,0.24324324324324326,55.0,0.5135135135135135,0.4594594594594595,144,0.5277777777777778,0.3310810810810811,0.6081081081081081,139,0.35251798561151076,0.42567567567567566,0.47297297297297297,133,0.47368421052631576,0.18243243243243243,0.581081081081081,113,0.23893805309734514,0.23648648648648649,0.30405405405405406,80,0.4375
ETHUSDT,15m,DAILY_4H_1H,240,148,124.54503108292704,80.25735328982876,32.624496769994565,155.09023404476517,296.30362406212606,-107.89424634361697,-84.01644085630377,-216.35482553783623,7.548990528493804,-17.387901656931714,0.43243243243243246,0.5675675675675675,103.87837837837837,91.5,0.7972972972972973,11.0,0.6351351351351351,38.0,0.3716216216216216,85.0,0.5202702702702703,0.4797297297297297,148,0.5202702702702703,0.36486486486486486,0.6283783783783784,147,0.3673469387755102,0.46621621621621623,0.4864864864864865,141,0.48936170212765956,0.23648648648648649,0.6486486486486487,131,0.26717557251908397,0.3108108108108108,0.40540540540540543,106,0.4339622641509434
ETHUSDT,15m,DAILY_4H_1H_15M,15,148,32.70806682052262,21.280026304082433,8.425382601420782,41.42215238232883,71.08917057001895,-28.765516565265358,-18.783411898297686,-69.75678013117582,-0.06880246734201158,-1.2558736518669678,0.4797297297297297,0.5135135135135135,6.743243243243243,5.5,0.4594594594594595,5.0,0.1891891891891892,8.5,0.05405405405405406,9.5,0.3716216216216216,0.31756756756756754,102,0.5392156862745098,0.13513513513513514,0.38513513513513514,77,0.2597402597402597,0.16891891891891891,0.16891891891891891,50,0.5,0.04054054054054054,0.1891891891891892,34,0.17647058823529413,0.05405405405405406,0.04054054054054054,14,0.5714285714285714
ETHUSDT,15m,DAILY_4H_1H_15M,30,148,42.19908833201708,28.681056001009786,14.037096638936376,54.79676498510999,89.57066648030244,-42.90412157901157,-26.864566564214208,-108.77744642049858,-6.764005272487389,-3.2172738191271755,0.46621621621621623,0.5337837837837838,12.68918918918919,11.5,0.5608108108108109,7.0,0.27702702702702703,12.0,0.06756756756756757,10.0,0.4391891891891892,0.38513513513513514,122,0.5327868852459017,0.19594594594594594,0.46621621621621623,98,0.29591836734693877,0.25,0.25,74,0.5,0.05405405405405406,0.3108108108108108,54,0.14814814814814814,0.06756756756756757,0.11486486486486487,27,0.37037037037037035
ETHUSDT,15m,DAILY_4H_1H_15M,60,148,58.37835864219497,40.28435044081347,20.21120253949904,72.71892416610416,124.56981633788814,-60.9753048035477,-40.59668199075995,-135.8763585442253,-13.673592679822427,-15.528591796082347,0.41216216216216217,0.5878378378378378,24.175675675675677,21.0,0.6756756756756757,8.5,0.38513513513513514,16.0,0.14189189189189189,32.0,0.49324324324324326,0.4391891891891892,138,0.5289855072463768,0.2635135135135135,0.5675675675675675,123,0.3170731707317073,0.3310810810810811,0.36486486486486486,103,0.47572815533980584,0.11486486486486487,0.4391891891891892,82,0.2073170731707317,0.13513513513513514,0.20945945945945946,51,0.39215686274509803
ETHUSDT,15m,DAILY_4H_1H_15M,120,148,79.93359469668077,54.874185710014345,22.124331838618836,98.32167426888694,181.36238330449893,-82.0649906382902,-65.92537921871589,-172.3973687144883,-8.158755455147576,-18.48778836118725,0.3783783783783784,0.6216216216216216,44.88513513513514,33.0,0.7297297297297297,10.0,0.5135135135135135,26.5,0.24324324324324326,55.0,0.5135135135135135,0.4594594594594595,144,0.5277777777777778,0.3310810810810811,0.6081081081081081,139,0.35251798561151076,0.42567567567567566,0.47297297297297297,133,0.47368421052631576,0.18243243243243243,0.581081081081081,113,0.23893805309734514,0.23648648648648649,0.30405405405405406,80,0.4375
ETHUSDT,15m,DAILY_4H_1H_15M,240,148,124.54503108292704,80.25735328982876,32.624496769994565,155.09023404476517,296.30362406212606,-107.89424634361697,-84.01644085630377,-216.35482553783623,7.548990528493804,-17.387901656931714,0.43243243243243246,0.5675675675675675,103.87837837837837,91.5,0.7972972972972973,11.0,0.6351351351351351,38.0,0.3716216216216216,85.0,0.5202702702702703,0.4797297297297297,148,0.5202702702702703,0.36486486486486486,0.6283783783783784,147,0.3673469387755102,0.46621621621621623,0.4864864864864865,141,0.48936170212765956,0.23648648648648649,0.6486486486486487,131,0.26717557251908397,0.3108108108108108,0.40540540540540543,106,0.4339622641509434
ETHUSDT,15m,DAILY_ONLY,15,559,27.022645804992216,16.197471776291383,6.86948829028311,36.83608066877065,64.67351997850776,-23.673037172987183,-16.569265193214775,-54.58165874320198,-0.04602993297618119,-2.4195392220627276,0.46153846153846156,0.5366726296958855,6.282647584973167,5.0,0.3595706618962433,5.0,0.1592128801431127,8.0,0.03756708407871199,9.0,0.3220035778175313,0.27191413237924866,332,0.5421686746987951,0.13774597495527727,0.31305903398926654,252,0.3055555555555556,0.15384615384615385,0.10912343470483005,147,0.5850340136054422,0.03398926654740608,0.11627906976744186,84,0.2261904761904762,0.03756708407871199,0.016100178890876567,30,0.7
ETHUSDT,15m,DAILY_ONLY,30,559,36.561157542690346,22.512370343772403,9.636933664161074,47.81908254310685,86.61660759363696,-33.57887160129639,-22.56621063223885,-77.14761365048271,-1.4151144597569592,-2.6875507275203603,0.46332737030411447,0.5366726296958855,12.581395348837209,11.0,0.47584973166368516,7.0,0.23076923076923078,10.0,0.06976744186046512,14.0,0.3953488372093023,0.3559928443649374,420,0.5261904761904762,0.18425760286225404,0.4221824686940966,339,0.30383480825958703,0.21645796064400716,0.18425760286225404,224,0.5401785714285714,0.06618962432915922,0.2110912343470483,155,0.23870967741935484,0.06976744186046512,0.055456171735241505,70,0.5571428571428572
ETHUSDT,15m,DAILY_ONLY,60,559,51.86385812796945,33.746794054565484,13.462006161339968,67.76211709994762,121.91272301500832,-46.48431108293597,-31.2510731824589,-115.71592649007046,-2.0231655020529526,-6.556998095136324,0.44543828264758495,0.554561717352415,24.481216457960645,21.0,0.590339892665474,10.0,0.34525939177101966,17.0,0.13595706618962433,26.5,0.4490161001788909,0.4293381037567084,491,0.5112016293279023,0.2504472271914132,0.518783542039356,430,0.32558139534883723,0.3094812164579606,0.26654740608228983,322,0.5372670807453416,0.12164579606440072,0.3005366726296959,236,0.288135593220339,0.13237924865831843,0.11449016100178891,138,0.5362318840579711
ETHUSDT,15m,DAILY_ONLY,120,559,71.0095645741373,44.17323985825394,18.896545758636528,90.3167142439787,164.90673850949864,-67.76900995848513,-45.50571936850489,-154.5384256864537,-3.927006033056354,-9.288638689867179,0.4329159212880143,0.5670840787119857,47.914132379248656,39.0,0.6762075134168157,12.5,0.4561717352415027,30.0,0.22361359570661896,44.0,0.4847942754919499,0.46511627906976744,531,0.5103578154425612,0.3094812164579606,0.5849731663685152,500,0.346,0.3935599284436494,0.3756708407871199,430,0.5116279069767442,0.18425760286225404,0.43828264758497315,348,0.2959770114942529,0.21645796064400716,0.19141323792486584,228,0.5307017543859649
ETHUSDT,15m,DAILY_ONLY,240,559,104.07234374252855,65.77036837859707,27.35478416550641,130.36215700943154,245.21051799328617,-95.84865295876365,-66.43220007815475,-203.35799524282595,4.9386455461270415,-7.031531834497118,0.46332737030411447,0.5366726296958855,104.1520572450805,91.0,0.7620751341681574,18.0,0.5778175313059034,42.0,0.3416815742397138,82.0,0.5026833631484794,0.4883720930232558,554,0.5072202166064982,0.33810375670840787,0.6225402504472272,537,0.35195530726256985,0.44364937388193204,0.4561717352415027,503,0.49304174950298213,0.24329159212880144,0.5670840787119857,453,0.30022075055187636,0.3076923076923077,0.3023255813953488,341,0.5043988269794721
ETHUSDT,15m,FULL_ALIGNMENT,15,138,32.8820560627415,21.078509323766426,8.005971931085432,42.144613752806976,71.35975912535407,-29.784376328871648,-19.933030013526974,-72.6962965220107,-0.9087406361165947,-2.3806714545787644,0.463768115942029,0.5289855072463768,6.659420289855072,5.5,0.4420289855072464,5.0,0.1956521739130435,8.0,0.057971014492753624,9.5,0.35507246376811596,0.32608695652173914,94,0.5212765957446809,0.13768115942028986,0.391304347826087,73,0.2602739726027397,0.17391304347826086,0.18115942028985507,49,0.4897959183673469,0.043478260869565216,0.2028985507246377,34,0.17647058823529413,0.057971014492753624,0.043478260869565216,14,0.5714285714285714
ETHUSDT,15m,FULL_ALIGNMENT,30,138,42.418373873948745,27.129288629906824,13.41959228562728,54.9516064349187,90.49835241610671,-44.61413053512502,-27.407083236818394,-115.18764366364232,-8.289292981199328,-4.292954464143461,0.4492753623188406,0.5507246376811594,12.528985507246377,10.5,0.5362318840579711,6.5,0.2826086956521739,10.0,0.07246376811594203,10.0,0.41304347826086957,0.39855072463768115,112,0.5089285714285714,0.1956521739130435,0.4782608695652174,93,0.2903225806451613,0.2536231884057971,0.2608695652173913,71,0.49295774647887325,0.057971014492753624,0.32608695652173914,53,0.1509433962264151,0.07246376811594203,0.12318840579710146,27,0.37037037037037035
ETHUSDT,15m,FULL_ALIGNMENT,60,138,59.010362788691424,40.00342348294717,18.549136250959886,77.80134047039644,124.5698163378881,-62.28256554514644,-45.801777578899916,-135.8763585442253,-14.039661475668655,-17.0911982094607,0.391304347826087,0.6086956521739131,24.159420289855074,20.5,0.6594202898550725,8.0,0.391304347826087,15.5,0.14492753623188406,27.5,0.47101449275362317,0.45652173913043476,128,0.5078125,0.2608695652173913,0.5869565217391305,117,0.3076923076923077,0.3333333333333333,0.3695652173913043,97,0.4742268041237113,0.11594202898550725,0.4492753623188406,78,0.20512820512820512,0.13768115942028986,0.21739130434782608,49,0.3877551020408163
ETHUSDT,15m,FULL_ALIGNMENT,120,138,81.144112809682,54.874185710014345,21.34298364082632,99.31252981521588,188.90366075536267,-83.20160598002103,-67.81680509132804,-170.61993959295586,-7.628728970054413,-21.62307352845061,0.3695652173913043,0.6304347826086957,45.43478260869565,34.5,0.717391304347826,10.0,0.5144927536231884,24.0,0.2463768115942029,55.0,0.4927536231884058,0.4782608695652174,134,0.5074626865671642,0.3188405797101449,0.6231884057971014,130,0.3384615384615385,0.42028985507246375,0.4855072463768116,125,0.464,0.18115942028985507,0.6014492753623188,108,0.23148148148148148,0.2391304347826087,0.30434782608695654,75,0.44
ETHUSDT,15m,FULL_ALIGNMENT,240,138,125.3098586893595,80.25735328982876,31.93076988067589,153.91959165641066,305.327611345916,-109.31095039242018,-90.09062345023189,-215.4619297909901,7.522923008842837,-18.292455994598498,0.42028985507246375,0.5797101449275363,103.26811594202898,91.5,0.7898550724637681,11.0,0.6376811594202898,36.5,0.36231884057971014,79.5,0.5,0.5,138,0.5,0.34782608695652173,0.644927536231884,137,0.35036496350364965,0.45652173913043476,0.5,132,0.4772727272727273,0.21739130434782608,0.6666666666666666,122,0.2459016393442623,0.2971014492753623,0.41304347826086957,98,0.41836734693877553
ETHUSDT,1h,DAILY_4H,15,55,29.39504059790445,21.830716200688105,6.622172343108135,37.031064988735096,72.10216418298155,-25.290778509876233,-18.404634581106194,-65.73232790700723,1.3865082047023098,0.04722795517331235,0.509090909090909,0.4727272727272727,8.218181818181819,9.0,0.4727272727272727,6.0,0.2,6.0,0.05454545454545454,13.0,0.43636363636363634,0.2545454545454545,38,0.631578947368421,0.2,0.2727272727272727,26,0.4230769230769231,0.2,0.12727272727272726,18,0.6111111111111112,0.05454545454545454,0.14545454545454545,11,0.2727272727272727,0.05454545454545454,0.01818181818181818,4,0.75
ETHUSDT,1h,DAILY_4H,30,55,40.563322911203606,27.87970529906092,11.89507025544545,58.14039687650374,91.50586309461332,-32.51781942040786,-25.20318296378221,-72.9411549642165,4.941490120550955,-3.2410590690579166,0.4727272727272727,0.5272727272727272,14.763636363636364,14.0,0.6,7.0,0.2909090909090909,9.0,0.10909090909090909,17.0,0.509090909090909,0.4,50,0.56,0.2545454545454545,0.45454545454545453,39,0.358974358974359,0.2727272727272727,0.18181818181818182,25,0.6,0.09090909090909091,0.21818181818181817,17,0.29411764705882354,0.10909090909090909,0.03636363636363636,8,0.75
ETHUSDT,1h,DAILY_4H,60,55,62.95649358143488,43.033062455575255,12.578165437967526,80.45167257984764,129.81051865541238,-40.352053979623385,-32.181643327938716,-86.46188038412284,17.301827224886278,3.307810771533415,0.5272727272727272,0.4727272727272727,25.181818181818183,21.0,0.6363636363636364,8.0,0.43636363636363634,19.5,0.21818181818181817,30.5,0.509090909090909,0.41818181818181815,51,0.5490196078431373,0.2909090909090909,0.5272727272727272,45,0.35555555555555557,0.4,0.23636363636363636,35,0.6285714285714286,0.18181818181818182,0.2909090909090909,26,0.38461538461538464,0.21818181818181817,0.05454545454545454,15,0.8
ETHUSDT,1h,DAILY_4H,120,55,95.32964909081824,48.71799498385121,19.018116263195274,119.97149545208252,227.6966818188249,-54.94065332455774,-41.85013888469036,-118.82067194223711,32.617138196382676,7.642731136237035,0.6,0.38181818181818183,54.236363636363635,47.0,0.7272727272727273,10.0,0.4727272727272727,20.0,0.3090909090909091,36.0,0.509090909090909,0.41818181818181815,51,0.5490196078431373,0.3090909090909091,0.5454545454545454,47,0.3617021276595745,0.41818181818181815,0.2909090909090909,39,0.5897435897435898,0.21818181818181817,0.38181818181818183,33,0.36363636363636365,0.3090909090909091,0.14545454545454545,25,0.68
ETHUSDT,1h,DAILY_4H,240,55,135.17485819320495,85.92854363213887,44.87237721198967,165.472325440541,333.2143036590507,-97.97329739702641,-53.76761419796261,-201.60840888035446,18.447960337545137,11.326647312395188,0.5454545454545454,0.45454545454545453,115.81818181818181,124.0,0.9272727272727272,14.0,0.6909090909090909,36.5,0.45454545454545453,63.0,0.5818181818181818,0.41818181818181815,55,0.5818181818181818,0.38181818181818183,0.6,54,0.3888888888888889,0.5272727272727272,0.34545454545454546,48,0.6041666666666666,0.2909090909090909,0.4727272727272727,42,0.38095238095238093,0.43636363636363634,0.23636363636363636,37,0.6486486486486487
ETHUSDT,1h,DAILY_4H_1H,15,55,29.39504059790445,21.830716200688105,6.622172343108135,37.031064988735096,72.10216418298155,-25.290778509876233,-18.404634581106194,-65.73232790700723,1.3865082047023098,0.04722795517331235,0.509090909090909,0.4727272727272727,8.218181818181819,9.0,0.4727272727272727,6.0,0.2,6.0,0.05454545454545454,13.0,0.43636363636363634,0.2545454545454545,38,0.631578947368421,0.2,0.2727272727272727,26,0.4230769230769231,0.2,0.12727272727272726,18,0.6111111111111112,0.05454545454545454,0.14545454545454545,11,0.2727272727272727,0.05454545454545454,0.01818181818181818,4,0.75
ETHUSDT,1h,DAILY_4H_1H,30,55,40.563322911203606,27.87970529906092,11.89507025544545,58.14039687650374,91.50586309461332,-32.51781942040786,-25.20318296378221,-72.9411549642165,4.941490120550955,-3.2410590690579166,0.4727272727272727,0.5272727272727272,14.763636363636364,14.0,0.6,7.0,0.2909090909090909,9.0,0.10909090909090909,17.0,0.509090909090909,0.4,50,0.56,0.2545454545454545,0.45454545454545453,39,0.358974358974359,0.2727272727272727,0.18181818181818182,25,0.6,0.09090909090909091,0.21818181818181817,17,0.29411764705882354,0.10909090909090909,0.03636363636363636,8,0.75
ETHUSDT,1h,DAILY_4H_1H,60,55,62.95649358143488,43.033062455575255,12.578165437967526,80.45167257984764,129.81051865541238,-40.352053979623385,-32.181643327938716,-86.46188038412284,17.301827224886278,3.307810771533415,0.5272727272727272,0.4727272727272727,25.181818181818183,21.0,0.6363636363636364,8.0,0.43636363636363634,19.5,0.21818181818181817,30.5,0.509090909090909,0.41818181818181815,51,0.5490196078431373,0.2909090909090909,0.5272727272727272,45,0.35555555555555557,0.4,0.23636363636363636,35,0.6285714285714286,0.18181818181818182,0.2909090909090909,26,0.38461538461538464,0.21818181818181817,0.05454545454545454,15,0.8
ETHUSDT,1h,DAILY_4H_1H,120,55,95.32964909081824,48.71799498385121,19.018116263195274,119.97149545208252,227.6966818188249,-54.94065332455774,-41.85013888469036,-118.82067194223711,32.617138196382676,7.642731136237035,0.6,0.38181818181818183,54.236363636363635,47.0,0.7272727272727273,10.0,0.4727272727272727,20.0,0.3090909090909091,36.0,0.509090909090909,0.41818181818181815,51,0.5490196078431373,0.3090909090909091,0.5454545454545454,47,0.3617021276595745,0.41818181818181815,0.2909090909090909,39,0.5897435897435898,0.21818181818181817,0.38181818181818183,33,0.36363636363636365,0.3090909090909091,0.14545454545454545,25,0.68
ETHUSDT,1h,DAILY_4H_1H,240,55,135.17485819320495,85.92854363213887,44.87237721198967,165.472325440541,333.2143036590507,-97.97329739702641,-53.76761419796261,-201.60840888035446,18.447960337545137,11.326647312395188,0.5454545454545454,0.45454545454545453,115.81818181818181,124.0,0.9272727272727272,14.0,0.6909090909090909,36.5,0.45454545454545453,63.0,0.5818181818181818,0.41818181818181815,55,0.5818181818181818,0.38181818181818183,0.6,54,0.3888888888888889,0.5272727272727272,0.34545454545454546,48,0.6041666666666666,0.2909090909090909,0.4727272727272727,42,0.38095238095238093,0.43636363636363634,0.23636363636363636,37,0.6486486486486487
ETHUSDT,1h,DAILY_4H_1H_15M,15,54,29.906303023989185,23.187794026989785,7.0650200009853,37.10753249436705,72.96395276679448,-25.556021032153378,-18.527460715313527,-65.8255842174762,1.4726594346964115,1.6722255599188607,0.5185185185185185,0.46296296296296297,8.314814814814815,9.0,0.48148148148148145,6.0,0.2037037037037037,6.0,0.05555555555555555,13.0,0.4444444444444444,0.25925925925925924,38,0.631578947368421,0.2037037037037037,0.2777777777777778,26,0.4230769230769231,0.2037037037037037,0.12962962962962962,18,0.6111111111111112,0.05555555555555555,0.14814814814814814,11,0.2727272727272727,0.05555555555555555,0.018518518518518517,4,0.75
ETHUSDT,1h,DAILY_4H_1H_15M,30,54,41.04292789342891,28.15220936461804,11.612864209445961,59.37148463474651,93.83134930787735,-32.63163588206776,-24.326275026194665,-72.96073635303225,5.411254157816749,-1.6547581750014917,0.48148148148148145,0.5185185185185185,14.685185185185185,13.5,0.6111111111111112,7.0,0.2962962962962963,9.0,0.1111111111111111,17.0,0.5185185185185185,0.3888888888888889,49,0.5714285714285714,0.25925925925925924,0.4444444444444444,38,0.3684210526315789,0.2777777777777778,0.18518518518518517,25,0.6,0.09259259259259259,0.2222222222222222,17,0.29411764705882354,0.1111111111111111,0.037037037037037035,8,0.75
ETHUSDT,1h,DAILY_4H_1H_15M,60,54,63.850786909405194,43.35991346563151,12.518823892705978,81.90103596225684,130.08651722217593,-40.55960203176701,-32.9042496084564,-87.14291909926808,17.90121586097338,4.549761634489169,0.5370370370370371,0.46296296296296297,25.296296296296298,23.5,0.6481481481481481,8.0,0.4444444444444444,19.5,0.2222222222222222,30.5,0.5185185185185185,0.4074074074074074,50,0.56,0.2962962962962963,0.5185185185185185,44,0.36363636363636365,0.4074074074074074,0.24074074074074073,35,0.6285714285714286,0.18518518518518517,0.2962962962962963,26,0.38461538461538464,0.2222222222222222,0.05555555555555555,15,0.8
ETHUSDT,1h,DAILY_4H_1H_15M,120,54,96.82344529859195,49.04615165894688,23.326332087236224,120.5584064543519,231.3799374636142,-54.02400900303864,-41.563082921768356,-119.04813868721652,34.13855592148795,7.9225581452091465,0.6111111111111112,0.37037037037037035,54.888888888888886,47.5,0.7407407407407407,10.0,0.48148148148148145,20.0,0.3148148148148148,36.0,0.5185185185185185,0.4074074074074074,50,0.56,0.3148148148148148,0.5370370370370371,46,0.3695652173913043,0.42592592592592593,0.2777777777777778,38,0.6052631578947368,0.2222222222222222,0.37037037037037035,32,0.375,0.3148148148148148,0.12962962962962962,24,0.7083333333333334
ETHUSDT,1h,DAILY_4H_1H_15M,240,54,137.40652864361547,86.38531819677885,45.793677358407784,167.49733375262863,334.01316182136713,-88.10336191158214,-53.38166562018354,-196.5855801801851,28.945421148275255,12.001385010516064,0.5555555555555556,0.4444444444444444,117.61111111111111,125.5,0.9444444444444444,14.0,0.7037037037037037,36.5,0.46296296296296297,63.0,0.5925925925925926,0.4074074074074074,54,0.5925925925925926,0.3888888888888889,0.5925925925925926,53,0.39622641509433965,0.5370370370370371,0.3333333333333333,47,0.6170212765957447,0.2962962962962963,0.46296296296296297,41,0.3902439024390244,0.4444444444444444,0.2222222222222222,36,0.6666666666666666
ETHUSDT,1h,DAILY_ONLY,15,124,23.945817492783217,14.732391772321884,6.109494287096506,32.287203222159945,56.01698630580443,-26.166055803133517,-18.20398902959097,-65.8255842174762,-2.445207566276206,-0.32610258992205043,0.4838709677419355,0.5080645161290323,7.193548387096774,7.0,0.3467741935483871,6.0,0.1532258064516129,8.0,0.03225806451612903,11.5,0.29838709677419356,0.28225806451612906,72,0.5138888888888888,0.1532258064516129,0.3064516129032258,57,0.3333333333333333,0.1532258064516129,0.13709677419354838,36,0.5277777777777778,0.03225806451612903,0.14516129032258066,22,0.18181818181818182,0.03225806451612903,0.024193548387096774,7,0.5714285714285714
ETHUSDT,1h,DAILY_ONLY,30,124,32.12792224324629,21.37492824711873,9.4767071012819,46.69914307581124,67.82810901272418,-32.56863790241282,-23.878002705968736,-72.96073635303225,0.02450475246479919,-2.2926987367150042,0.4596774193548387,0.5403225806451613,14.225806451612904,13.5,0.4596774193548387,8.0,0.24193548387096775,10.5,0.056451612903225805,13.0,0.3870967741935484,0.3951612903225806,97,0.4948453608247423,0.20161290322580644,0.43548387096774194,79,0.31645569620253167,0.22580645161290322,0.21774193548387097,55,0.509090909090909,0.04838709677419355,0.23387096774193547,35,0.17142857142857143,0.056451612903225805,0.03225806451612903,11,0.6363636363636364
ETHUSDT,1h,DAILY_ONLY,60,124,51.23375140142709,28.11330870677642,12.249591800142511,68.6279802636558,122.78662250458129,-45.88226522046703,-30.649962500999273,-104.55746786820453,2.981410787876698,-2.4840776311707558,0.47580645161290325,0.5241935483870968,25.758064516129032,23.0,0.5403225806451613,10.0,0.3709677419354839,21.0,0.14516129032258066,34.5,0.4435483870967742,0.43548387096774194,109,0.5045871559633027,0.2661290322580645,0.5161290322580645,97,0.3402061855670103,0.3387096774193548,0.27419354838709675,76,0.5526315789473685,0.12096774193548387,0.31451612903225806,54,0.2777777777777778,0.14516129032258066,0.10483870967741936,31,0.5806451612903226
ETHUSDT,1h,DAILY_ONLY,120,124,77.3311089719926,42.789908609778266,18.08261212329021,91.28993852871581,198.91115566594627,-63.48079124978118,-43.79271668188301,-160.61828659888312,13.512527368732398,0.19955260615933668,0.5080645161290323,0.4838709677419355,51.33870967741935,44.0,0.6612903225806451,14.0,0.4435483870967742,28.0,0.23387096774193547,41.0,0.46774193548387094,0.4838709677419355,118,0.4915254237288136,0.2903225806451613,0.5967741935483871,110,0.32727272727272727,0.3709677419354839,0.3629032258064516,91,0.5054945054945055,0.16129032258064516,0.43548387096774194,74,0.2702702702702703,0.22580645161290322,0.20967741935483872,54,0.5185185185185185
ETHUSDT,1h,DAILY_ONLY,240,124,108.59176414962263,68.3367950796554,29.96064480039806,129.48904056400923,271.0308525093326,-92.2336783682936,-61.72568043037397,-198.92025718282602,5.456447638749494,-8.343067649991266,0.46774193548387094,0.532258064516129,103.76612903225806,99.5,0.7983870967741935,20.0,0.6048387096774194,39.0,0.3467741935483871,76.0,0.5080645161290323,0.49193548387096775,124,0.5080645161290323,0.3387096774193548,0.6290322580645161,120,0.35,0.45161290322580644,0.41935483870967744,108,0.5185185185185185,0.20161290322580644,0.5403225806451613,92,0.2717391304347826,0.3064516129032258,0.29838709677419356,75,0.5066666666666667
ETHUSDT,1h,FULL_ALIGNMENT,15,52,30.44035973499918,23.187794026989785,7.171382344297039,38.90104571407038,74.68752993442028,-26.505574821949608,-18.911920284264696,-66.01209683841414,1.2447593943251252,1.6722255599188607,0.5192307692307693,0.46153846153846156,8.173076923076923,8.5,0.4807692307692308,6.0,0.21153846153846154,6.0,0.057692307692307696,13.0,0.4423076923076923,0.2692307692307692,37,0.6216216216216216,0.21153846153846154,0.28846153846153844,26,0.4230769230769231,0.21153846153846154,0.1346153846153846,18,0.6111111111111112,0.057692307692307696,0.15384615384615385,11,0.2727272727272727,0.057692307692307696,0.019230769230769232,4,0.75
ETHUSDT,1h,FULL_ALIGNMENT,30,52,41.879210872021346,28.15220936461804,12.17727630144494,60.64709147176273,98.48232173440526,-33.81891579299546,-25.302388695909173,-72.99989913066374,5.176874485192237,-3.9311754959958645,0.46153846153846156,0.5384615384615384,14.346153846153847,13.0,0.6153846153846154,7.0,0.3076923076923077,9.0,0.11538461538461539,17.0,0.5192307692307693,0.40384615384615385,48,0.5625,0.2692307692307692,0.46153846153846156,38,0.3684210526315789,0.28846153846153844,0.19230769230769232,25,0.6,0.09615384615384616,0.23076923076923078,17,0.29411764705882354,0.11538461538461539,0.038461538461538464,8,0.75
ETHUSDT,1h,FULL_ALIGNMENT,60,52,65.44804701543394,44.05444312293727,12.637506983229073,84.93435243899673,130.63851435570297,-41.95169342951566,-33.805367277717764,-88.50499652955857,17.901217708816183,3.183601191605323,0.5192307692307693,0.4807692307692308,24.73076923076923,19.5,0.6538461538461539,7.5,0.46153846153846156,19.5,0.23076923076923078,30.5,0.5192307692307693,0.4230769230769231,49,0.5510204081632653,0.3076923076923077,0.5384615384615384,44,0.36363636363636365,0.4230769230769231,0.25,35,0.6285714285714286,0.19230769230769232,0.3076923076923077,26,0.38461538461538464,0.23076923076923078,0.057692307692307696,15,0.8
ETHUSDT,1h,FULL_ALIGNMENT,120,52,98.68133440418254,49.04615165894688,26.310046684663856,122.89761990617376,238.74644875319245,-55.93396220737466,-42.35775909866957,-119.50307217717537,34.3651338313361,7.9225581452091465,0.5961538461538461,0.38461538461538464,53.36538461538461,46.5,0.75,10.0,0.4807692307692308,20.0,0.3269230769230769,36.0,0.5192307692307693,0.4230769230769231,49,0.5510204081632653,0.3076923076923077,0.5576923076923077,45,0.35555555555555557,0.4230769230769231,0.28846153846153844,37,0.5945945945945946,0.23076923076923078,0.38461538461538464,32,0.375,0.3269230769230769,0.1346153846153846,24,0.7083333333333334
ETHUSDT,1h,FULL_ALIGNMENT,240,52,140.43842101902132,87.48323828115967,46.735766767638246,172.91710446106222,335.6108781459999,-90.68272792498166,-55.97668567906999,-199.273177935804,29.16595674263135,12.001385010516064,0.5576923076923077,0.4423076923076923,118.34615384615384,126.0,0.9423076923076923,14.0,0.7115384615384616,34.0,0.4807692307692308,63.0,0.5769230769230769,0.4230769230769231,52,0.5769230769230769,0.38461538461538464,0.5961538461538461,51,0.39215686274509803,0.5384615384615384,0.34615384615384615,46,0.6086956521739131,0.3076923076923077,0.4807692307692308,41,0.3902439024390244,0.46153846153846156,0.23076923076923078,36,0.6666666666666666
ETHUSDT,1m,DAILY_4H,15,4921,23.287885921326442,13.99757375388333,5.421890884445002,29.342240493319682,53.99335013780204,-21.666692632555762,-14.387713334003127,-46.916438515579586,0.5267176861066432,-0.7315005658359297,0.4834383255435887,0.5153424100792522,7.227596017069701,7.0,0.3005486689697216,6.0,0.11562690510058932,8.0,0.029668766510871775,9.5,0.27677301361511886,0.25889046941678523,2636,0.5166919575113809,0.10282462914041861,0.28063401747612277,1887,0.2681505034446211,0.11278195488721804,0.08311318837634626,964,0.5757261410788381,0.02844950213371266,0.08514529567161146,559,0.2504472271914132,0.029668766510871775,0.017882544198333673,234,0.6239316239316239
ETHUSDT,1m,DAILY_4H,30,4921,34.292179538278546,20.69487903189504,8.276147453361027,43.02543101269096,79.78072128227876,-31.377602146866632,-20.65781303796421,-70.40738712088101,0.632745636624766,-1.1979805470785365,0.4822190611664296,0.5173745173745173,14.048160942897786,13.0,0.43385490753911804,9.0,0.20178825441983336,14.0,0.0631985368827474,16.0,0.3761430603535867,0.35765088396667344,3611,0.5126003877042371,0.16622637675269253,0.40377971956919323,2805,0.2916221033868093,0.19386303596829912,0.16541353383458646,1768,0.5395927601809954,0.05954074375127007,0.17598049176996544,1159,0.2528041415012942,0.06258890469416785,0.04104856736435684,510,0.6039215686274509
ETHUSDT,1m,DAILY_4H,60,4921,50.075142132396756,30.589386227333204,12.87443137927946,62.29137867089341,113.24903118033359,-46.03026428656386,-30.242798743413957,-103.42196922885738,1.0657499882057677,-0.7224319950682734,0.491769965454176,0.5078236130867709,27.947571631782157,26.0,0.572444625076204,14.0,0.32168258484047957,23.0,0.12680349522454787,31.0,0.45092460881934565,0.4364966470229628,4367,0.5081291504465308,0.2385693964641333,0.5216419426945743,3741,0.3138198342689121,0.2960780329201382,0.27636659215606585,2817,0.5172168974085907,0.11420442999390368,0.3029871977240398,2053,0.2737457379444715,0.12395854501117659,0.1016053647632595,1110,0.5495495495495496
ETHUSDT,1m,DAILY_4H,120,4921,73.23596703515628,44.43071788119646,19.561315276164226,90.95854973223626,162.4507601653802,-66.53581987914127,-43.89449431953629,-154.0327959338561,0.2830798045677517,-0.5721223833343725,0.4940052834789677,0.5057915057915058,54.91465149359886,52.0,0.6901036374720585,20.0,0.4623044096728307,36.0,0.22170290591343222,53.0,0.49156675472464945,0.4704328388538915,4734,0.5109843683988171,0.3015647226173542,0.5909368014631172,4392,0.33788706739526414,0.3993090835196098,0.37228205649258284,3797,0.5175138267052937,0.18553139605771185,0.42552326762853077,3007,0.3036248752909877,0.21093273724852674,0.18451534241007925,1946,0.5334018499486125
ETHUSDT,1m,DAILY_4H,240,4921,107.08044922372063,65.61227823844496,29.772888573456058,131.90154440154478,245.68910857429626,-96.02506957226628,-64.95163993664677,-212.57582419153763,1.6356973055774724,-2.0514714178743176,0.48933143669985774,0.5106685633001422,107.42125584230847,99.0,0.7880512091038406,25.0,0.6010973379394432,53.0,0.34505181873602925,87.0,0.5074171916277179,0.4852672221093274,4885,0.5111566018423747,0.3357041251778094,0.6313757366388946,4759,0.3471317503677243,0.4694167852062589,0.43812233285917496,4466,0.5172413793103449,0.2599065230644178,0.5346474293842715,3910,0.3271099744245524,0.3176183702499492,0.29465555781345254,3013,0.5187520743445071
ETHUSDT,1m,DAILY_4H_1H,15,2917,25.902200786692713,15.451740316831941,6.022720192726538,31.802120141344314,60.36493437257962,-23.044636292344837,-15.367421067336018,-50.07138518650378,1.036528904212521,-0.7057376470709364,0.4847446006170723,0.5138841275282825,7.2670551936921495,7.0,0.3356187864244086,6.0,0.14192663695577648,8.0,0.03770997600274254,10.0,0.308193349331505,0.27082619129242375,1689,0.5322676139727649,0.1237572848817278,0.2972231744943435,1228,0.2939739413680782,0.13747000342817964,0.09496057593417895,678,0.5914454277286135,0.03565306822077477,0.09838875557079191,391,0.2659846547314578,0.03770997600274254,0.020911895783339046,171,0.6432748538011696
ETHUSDT,1m,DAILY_4H_1H,30,2917,38.7712182980167,23.08582643484325,9.518752590136348,47.9629745614929,89.17095244039474,-33.32584249698011,-21.923455286456672,-76.14935530459243,1.7026686905835469,-1.0411244143682108,0.48303051079876586,0.5166266712375729,14.058621871786082,13.0,0.4696606102159753,9.0,0.2396297565992458,13.0,0.08056222146040452,16.0,0.4045251971203291,0.362701405553651,2238,0.5272564789991063,0.19266369557764826,0.41755227973945835,1780,0.31573033707865167,0.22797394583476174,0.17620843332190606,1179,0.5640373197625106,0.0750771340418238,0.1919780596503257,779,0.2811296534017972,0.07953376756942064,0.04765169694892012,371,0.6253369272237197
ETHUSDT,1m,DAILY_4H_1H,60,2917,57.125012842442395,34.80442440340737,14.79226743565043,70.98252392290672,126.48283672845743,-48.30740355726487,-31.593364518287537,-107.27857369030235,2.679275627433855,-0.250380265027772,0.4977716832362016,0.5018854988001371,28.13301336990058,27.0,0.6088447034624614,13.0,0.36750085704490915,21.0,0.155296537538567,30.0,0.47754542338018513,0.4281796366129585,2642,0.5272520817562453,0.26842646554679467,0.5258827562564279,2317,0.3379369874838153,0.33527596846074736,0.2790538224202948,1792,0.5457589285714286,0.13781282139184092,0.3143640726774083,1319,0.30477634571645185,0.15152553993829276,0.11107302022625985,766,0.577023498694517
ETHUSDT,1m,DAILY_4H_1H,120,2917,83.68702884560237,51.004144086708166,22.515259365234463,101.09660574412428,193.58446085270634,-69.7757811843977,-45.92673592126894,-159.43980142699843,2.595808567548513,-0.43263448442854013,0.497086047308879,0.5025711347274597,55.2958519026397,52.0,0.7250599931436408,18.0,0.5111415838189921,33.0,0.2547137470003428,51.0,0.5162838532739116,0.4556050737058622,2835,0.5312169312169313,0.329105245114844,0.5855330819334933,2668,0.3598200899550225,0.43469317792252316,0.3699005827905382,2347,0.5402641670217299,0.20877613986972918,0.43606444977716835,1881,0.3237639553429027,0.2392869386355845,0.19163524168666438,1257,0.5552903739061257
ETHUSDT,1m,DAILY_4H_1H,240,2917,122.37967847619676,75.05597394667384,33.767461401112975,146.41752511438844,292.3157289946224,-101.86627782276247,-68.41914430746887,-233.41900848859498,2.875536733032183,-1.9729476755914188,0.49160095989029823,0.5083990401097017,106.14192663695577,97.0,0.8148782996229003,22.0,0.6468974974288653,49.0,0.38429893726431263,78.0,0.5299965718203634,0.46623243057936237,2906,0.5320027529249828,0.36098731573534454,0.618786424408639,2858,0.36843946815955214,0.5056564964004113,0.429893726431265,2729,0.5404910223525101,0.28556736372985947,0.5481659238944121,2432,0.3425164473684211,0.34933150497086046,0.2958519026396983,1882,0.5414452709883103
ETHUSDT,1m,DAILY_4H_1H_15M,15,1655,29.229840927151137,17.12756705242624,6.3517649039901425,36.51976284910208,71.78725422977242,-24.443980411949035,-15.838018947856858,-53.717615008579855,1.8103844194539425,-0.5025366133815101,0.4882175226586103,0.5093655589123867,7.122658610271904,6.0,0.3722054380664653,5.0,0.17220543806646527,8.0,0.04954682779456193,10.0,0.33534743202416917,0.2743202416918429,1009,0.5500495540138751,0.14622356495468278,0.3081570996978852,752,0.32180851063829785,0.16555891238670695,0.10392749244712991,446,0.6143497757847534,0.04652567975830816,0.10936555891238671,258,0.29844961240310075,0.04954682779456193,0.025377643504531724,124,0.6612903225806451
ETHUSDT,1m,DAILY_4H_1H_15M,30,1655,44.45263996209468,25.23860479695772,9.949914321777387,55.689594975892874,102.2765326934674,-35.25571571475847,-22.345867935280594,-77.37392902207296,2.994163386088803,-1.5750615258414147,0.47311178247734137,0.5262839879154079,13.768580060422961,12.0,0.5021148036253776,8.0,0.283987915407855,13.0,0.10453172205438066,16.0,0.4241691842900302,0.35709969788519635,1293,0.54292343387471,0.2217522658610272,0.4253776435045317,1071,0.3426704014939309,0.2688821752265861,0.18670694864048337,754,0.5901856763925729,0.09909365558912386,0.20906344410876132,510,0.3215686274509804,0.10392749244712991,0.05498489425981873,263,0.6539923954372624
ETHUSDT,1m,DAILY_4H_1H_15M,60,1655,65.80233379404943,36.71706263498997,16.311365201797656,81.02020010198996,148.88127284319725,-50.867032057519815,-33.45120665053658,-112.60362922459,4.979629826616842,-1.7145220013525808,0.486404833836858,0.5129909365558912,27.708157099697885,26.0,0.6247734138972809,11.0,0.4042296072507553,19.0,0.19093655589123867,28.0,0.486404833836858,0.4169184290030212,1495,0.5384615384615384,0.28700906344410876,0.5280966767371601,1349,0.352112676056338,0.36435045317220544,0.2876132930513595,1079,0.5588507877664504,0.16858006042296073,0.3341389728096677,832,0.33533653846153844,0.18670694864048337,0.11963746223564954,507,0.6094674556213018
ETHUSDT,1m,DAILY_4H_1H_15M,120,1655,96.90241276890238,53.99335013780204,23.794549953862763,120.23166215232806,233.10460440693873,-74.16573947606008,-48.50099263689622,-169.18903180321854,5.82825162881717,-2.0904506496144393,0.4851963746223565,0.5141993957703928,54.33051359516616,51.0,0.7359516616314199,15.0,0.5238670694864048,27.0,0.29667673716012083,45.0,0.5274924471299094,0.44652567975830815,1612,0.5415632754342432,0.3274924471299094,0.5885196374622357,1516,0.3575197889182058,0.4380664652567976,0.37099697885196375,1339,0.5414488424197162,0.2362537764350453,0.44833836858006043,1133,0.3451015004413063,0.2743202416918429,0.20906344410876132,800,0.5675
ETHUSDT,1m,DAILY_4H_1H_15M,240,1655,140.3704391428359,80.36644286879557,35.08029580032268,171.89813343137294,344.61326415842626,-106.43377176058998,-73.37404997424524,-248.72071728862412,7.869578194528109,-5.688501513720912,0.4755287009063444,0.5244712990936556,103.10151057401812,93.0,0.8217522658610272,19.0,0.6422960725075528,38.0,0.42114803625377645,67.0,0.5401812688821752,0.45740181268882174,1651,0.5414900060569352,0.35709969788519635,0.6211480362537765,1619,0.3650401482396541,0.49788519637462236,0.4283987915407855,1533,0.5375081539465101,0.3003021148036254,0.552870090634441,1412,0.3519830028328612,0.370392749244713,0.311178247734139,1128,0.5434397163120568
ETHUSDT,1m,DAILY_ONLY,15,8364,22.276074766652066,13.342205847074462,5.186447424400664,28.18124966109059,52.41532490034495,-20.543934792594047,-13.664280175224587,-45.0817492679213,0.3023083120766574,-0.695748346552505,0.48266379722620756,0.5164992826398852,7.198469631755141,7.0,0.2868244858919177,6.0,0.10868005738880918,8.0,0.02582496413199426,10.0,0.2663797226207556,0.24294595887135342,4260,0.5230046948356808,0.0978000956480153,0.26303204208512676,3018,0.2710404241219351,0.10604973696795791,0.07615973218555715,1524,0.5820209973753281,0.024868483978957436,0.0778335724533716,859,0.2421420256111758,0.02582496413199426,0.015423242467718794,345,0.6260869565217392
ETHUSDT,1m,DAILY_ONLY,30,8364,32.49406437004614,19.750612308205852,7.825862247761162,41.1198898626175,74.18590879657704,-30.12517310086268,-19.791742838105584,-67.23011093887888,0.516503853424681,-1.0059864972966626,0.4844571975131516,0.5149450023912003,13.99988043998087,13.0,0.41750358680057387,10.0,0.19045911047345768,14.0,0.05535628885700622,16.0,0.3668101386896222,0.3473218555714969,5973,0.5136447346392098,0.1597321855571497,0.39084170253467243,4605,0.29011943539630836,0.1834050693448111,0.15746054519368724,2851,0.5380568221676605,0.052606408417025345,0.16594930655188905,1828,0.24070021881838075,0.054878048780487805,0.038857006217120994,784,0.5854591836734694
ETHUSDT,1m,DAILY_ONLY,60,8364,47.032277852713975,29.53875815084661,12.141683723945196,59.519713095883,106.59477162399966,-44.29152347885116,-28.869674868621797,-98.67390255011709,0.6265795468192858,-0.36634829075732345,0.4954567192730751,0.5040650406504065,27.76183644189383,26.0,0.5540411286465806,15.0,0.30762792922046867,23.0,0.1133428981348637,31.0,0.44237207077953133,0.4302965088474414,7299,0.5069187559939717,0.23182687709230035,0.5107604017216643,6211,0.31218805345355016,0.28371592539454804,0.2621951219512195,4566,0.5197109067017083,0.10234337637494022,0.2856288857006217,3245,0.2637904468412943,0.11059301769488283,0.09325681492109039,1705,0.5425219941348973
ETHUSDT,1m,DAILY_ONLY,120,8364,68.94291236458223,43.525255212744085,18.389224431427653,87.16131431924512,156.36304928781936,-64.03007476635469,-41.90496714556346,-147.45988492250095,1.029524100099962,-0.09702766359642734,0.499402199904352,0.5003586800573888,55.14598278335725,52.0,0.676231468197035,20.0,0.45241511238641796,38.0,0.20827355332376854,55.0,0.48732663797226206,0.46724055475848875,7984,0.5105210420841684,0.29758488761358204,0.5835724533715926,7370,0.3377204884667571,0.3944285031085605,0.3603538976566236,6313,0.5225724695073658,0.17407938785270205,0.4118842659014825,4901,0.29708222811671087,0.19858919177427067,0.17467718794835008,3122,0.5320307495195388
ETHUSDT,1m,DAILY_ONLY,240,8364,99.85108572084003,64.06115365435672,28.678271080538885,124.81037036055076,227.19316436740075,-93.16569381072955,-61.623447149486424,-207.61698618168077,1.9119078422026379,-0.5042896884938086,0.4970109995217599,0.50298900047824,108.59528933524629,101.5,0.7784552845528455,27.0,0.5887135341941655,56.0,0.3285509325681492,90.0,0.5068149210903874,0.48278335724533716,8277,0.5121420804639362,0.3313008130081301,0.6268531802965088,8014,0.3457699026703269,0.4646102343376375,0.42778574844571976,7464,0.5206323687031083,0.24784791965566713,0.5269010043041606,6480,0.3199074074074074,0.3017694882831181,0.28431372549019607,4902,0.5148918808649531
ETHUSDT,1m,FULL_ALIGNMENT,15,970,32.574557573308724,18.74975540682278,6.424150532973183,41.94445531130631,82.97297184017039,-25.969107879854363,-16.72704359383215,-56.235643568712916,2.18605603555671,-0.572944454229618,0.4865979381443299,0.5103092783505154,7.041237113402062,6.0,0.3979381443298969,4.0,0.20412371134020618,7.0,0.06597938144329897,10.0,0.35360824742268043,0.28865979381443296,623,0.550561797752809,0.1731958762886598,0.3247422680412371,483,0.34782608695652173,0.1958762886597938,0.11134020618556702,298,0.6375838926174496,0.061855670103092786,0.11958762886597939,176,0.3409090909090909,0.06597938144329897,0.030927835051546393,94,0.6808510638297872
ETHUSDT,1m,FULL_ALIGNMENT,30,970,49.55275332226535,27.617623865942022,10.336127358417935,64.75092135111439,119.7877681269646,-36.73919615194621,-23.953689374359712,-80.754008590049,4.635514974066747,-2.4745447550000854,0.45979381443298967,0.5391752577319587,13.657731958762886,12.0,0.5216494845360825,6.0,0.31752577319587627,11.0,0.12886597938144329,15.0,0.4309278350515464,0.37422680412371134,781,0.5352112676056338,0.2443298969072165,0.44432989690721647,668,0.35479041916167664,0.3,0.1824742268041237,468,0.6217948717948718,0.12164948453608247,0.21030927835051547,322,0.36645962732919257,0.12783505154639174,0.05979381443298969,182,0.6813186813186813
ETHUSDT,1m,FULL_ALIGNMENT,60,970,73.31192789110655,42.087181272980615,16.863093278268735,91.8287270708884,167.36611475637255,-52.091675141815756,-35.17712368187598,-119.07548711072558,7.20295306322234,-1.4879651204890987,0.4865979381443299,0.51340206185567,27.108247422680414,25.0,0.6453608247422681,10.0,0.44123711340206184,17.0,0.22577319587628866,27.0,0.48556701030927835,0.4268041237113402,885,0.5322033898305085,0.30103092783505153,0.5381443298969072,814,0.35872235872235875,0.3938144329896907,0.28144329896907216,655,0.583206106870229,0.19896907216494844,0.3309278350515464,514,0.3754863813229572,0.22061855670103092,0.12164948453608247,332,0.6445783132530121
ETHUSDT,1m,FULL_ALIGNMENT,120,970,107.58429264124076,59.66802029697904,26.02318410409199,134.21454265731714,267.3234653238885,-75.21901887499723,-48.400709428998994,-179.54030923425745,10.709470883085068,-2.743397292437888,0.48762886597938143,0.5123711340206185,53.452577319587625,50.0,0.7556701030927835,14.0,0.5618556701030928,26.0,0.32989690721649484,40.0,0.5298969072164949,0.4505154639175258,951,0.5404837013669821,0.3474226804123711,0.5835051546391753,903,0.37320044296788485,0.4762886597938144,0.3618556701030928,813,0.5682656826568265,0.2649484536082474,0.43917525773195876,683,0.3762811127379209,0.3061855670103093,0.20824742268041238,499,0.5951903807615231
ETHUSDT,1m,FULL_ALIGNMENT,240,970,153.0952317136801,85.45748609964599,38.710987013527706,195.88276824276383,363.41593493252054,-105.90977477124528,-73.04122514429358,-250.69784321978483,14.884874993701013,0.5065804811299479,0.5010309278350515,0.49896907216494846,101.09484536082475,87.0,0.8371134020618557,18.0,0.6762886597938145,35.0,0.4484536082474227,60.0,0.5360824742268041,0.4608247422680412,967,0.5377456049638056,0.3680412371134021,0.6061855670103092,945,0.37777777777777777,0.5319587628865979,0.4020618556701031,906,0.5695364238410596,0.32783505154639175,0.534020618556701,836,0.3803827751196172,0.39484536082474225,0.30927835051546393,683,0.5607613469985359
ETHUSDT,5m,DAILY_4H,15,997,25.15612905025457,14.255991369345189,5.695537183072474,31.144776804359342,54.28084511989172,-22.220189876322888,-14.106224736482043,-52.639371353900614,0.5838744402376508,-0.8776693490442078,0.4844533600802407,0.5155466399197592,7.100300902708124,6.0,0.3159478435305918,6.0,0.12236710130391174,7.0,0.03911735205616851,8.0,0.27382146439317956,0.25075225677031093,523,0.5219885277246654,0.10431293881644935,0.2778335005015045,381,0.27296587926509186,0.11735205616850551,0.11033099297893681,227,0.5154185022026432,0.037111334002006016,0.11434302908726178,151,0.24503311258278146,0.03911735205616851,0.014042126379137413,53,0.7358490566037735
ETHUSDT,5m,DAILY_4H,30,997,35.84257269561664,20.72502808067478,8.150993493847292,43.92687065520873,81.57835421644188,-31.547550464118334,-20.390901940503525,-73.32546233584169,0.1621826206268682,-1.6860312312483305,0.4633901705115346,0.5366098294884654,13.393179538615847,12.0,0.4453360080240722,9.0,0.21263791374122368,13.0,0.06318956870611836,12.0,0.37011033099297896,0.34002006018054165,708,0.5211864406779662,0.16449348044132397,0.3921765295887663,555,0.2954954954954955,0.1945837512537613,0.18355065195586762,377,0.5145888594164456,0.05717151454363089,0.19859578736208625,255,0.2235294117647059,0.06318956870611836,0.04613841524573721,109,0.5779816513761468
ETHUSDT,5m,DAILY_4H,60,997,52.18642243496125,31.28398159765622,12.443180375325547,64.0639214353822,109.25189114430366,-45.264493839994685,-29.024673194624206,-107.20404030321217,0.38513300215073065,-2.698188798075929,0.46940822467402205,0.5305917753259779,26.15245737211635,22.0,0.5817452357071213,14.0,0.3410230692076229,23.0,0.1334002006018054,32.0,0.4483450351053159,0.4202607823470411,866,0.5161662817551963,0.25075225677031093,0.5075225677031093,756,0.3306878306878307,0.29889669007021064,0.26178535606820463,559,0.5330948121645797,0.1123370110330993,0.2938816449348044,405,0.2765432098765432,0.13039117352056168,0.10130391173520562,231,0.5627705627705628
ETHUSDT,5m,DAILY_4H,120,997,72.92944079588258,45.25070605538417,19.141214968954046,91.41666389336223,166.62586333764688,-67.09206158621556,-45.365422321326236,-149.25576672346574,-3.3098581009327925,-5.681055230185583,0.4583751253761284,0.5416248746238717,50.795386158475424,43.0,0.6900702106318957,17.0,0.46940822467402205,33.5,0.2246740220661986,51.0,0.49147442326980945,0.4684052156469408,957,0.5120167189132706,0.30190571715145437,0.5977933801404213,897,0.3355629877369008,0.39518555667001004,0.3650952858575727,758,0.5197889182058048,0.18254764292878636,0.4272818455366098,608,0.2993421052631579,0.21664994984954863,0.1905717151454363,406,0.5320197044334976
ETHUSDT,5m,DAILY_4H,240,997,104.9437885083774,63.328817177812354,28.707835366805767,133.76945635010128,240.30229990566096,-94.32896301273446,-61.92965749494017,-211.87948423513967,1.3167016365421353,-4.056744880295282,0.477432296890672,0.5215646940822467,103.679037111334,92.0,0.7903711133400201,22.0,0.6068204613841525,48.0,0.35005015045135407,92.0,0.5075225677031093,0.477432296890672,982,0.515274949083503,0.3329989969909729,0.6318956870611836,962,0.34511434511434513,0.46940822467402205,0.43430290872617855,901,0.5194228634850167,0.25075225677031093,0.5315947843530592,780,0.32051282051282054,0.31895687061183553,0.29187562688064195,609,0.5221674876847291
ETHUSDT,5m,DAILY_4H_1H,15,568,29.54608997288202,16.184099413868445,6.407086551448171,36.331639804544906,63.20802848259423,-24.125698367183293,-15.54438764854449,-56.46828598985254,2.0906355355012627,-0.9717820903465402,0.4841549295774648,0.5158450704225352,7.0,6.0,0.375,6.0,0.1602112676056338,6.0,0.051056338028169015,7.0,0.31690140845070425,0.2640845070422535,330,0.5454545454545454,0.13556338028169015,0.2975352112676056,246,0.3130081300813008,0.15492957746478872,0.11971830985915492,156,0.5641025641025641,0.04929577464788732,0.125,99,0.2828282828282828,0.051056338028169015,0.01936619718309859,40,0.725
ETHUSDT,5m,DAILY_4H_1H,30,568,42.16588459819046,24.632178647161496,9.94425026874801,51.47530522653376,92.89562862353674,-34.62563038463215,-22.737224199102513,-76.18663040767036,0.855423011233712,-1.6590273265515432,0.4665492957746479,0.5334507042253521,13.036971830985916,11.0,0.4982394366197183,9.0,0.25880281690140844,11.0,0.08450704225352113,12.0,0.4014084507042254,0.3573943661971831,431,0.5290023201856149,0.198943661971831,0.4154929577464789,349,0.3237822349570201,0.23943661971830985,0.18838028169014084,243,0.5596707818930041,0.07746478873239436,0.2112676056338028,164,0.2682926829268293,0.08450704225352113,0.056338028169014086,80,0.6
ETHUSDT,5m,DAILY_4H_1H,60,568,60.057244685020535,35.81694185233797,14.27965753342919,74.47224229840843,129.89824486139213,-49.80593898356559,-33.004146149185345,-114.13026253739721,-0.5432527762021689,-4.326550639948135,0.4507042253521127,0.5492957746478874,25.276408450704224,21.0,0.6267605633802817,12.0,0.375,19.0,0.15492957746478872,28.5,0.4647887323943662,0.43309859154929575,510,0.5176470588235295,0.2676056338028169,0.5422535211267606,460,0.33043478260869563,0.3274647887323944,0.2746478873239437,342,0.543859649122807,0.13028169014084506,0.3221830985915493,257,0.28793774319066145,0.14964788732394366,0.10915492957746478,147,0.5782312925170068
ETHUSDT,5m,DAILY_4H_1H,120,568,83.31484552859617,52.845476359516525,22.881328910193123,100.16748930180897,191.26962010660984,-73.43203705416065,-50.415745145879214,-155.1196599855137,-4.917367265163522,-7.3260148957049465,0.4471830985915493,0.5528169014084507,49.75,40.0,0.7235915492957746,14.0,0.522887323943662,31.0,0.2517605633802817,48.0,0.49471830985915494,0.4735915492957746,550,0.5109090909090909,0.31866197183098594,0.6161971830985915,531,0.3408662900188324,0.43661971830985913,0.375,461,0.5379609544468547,0.20422535211267606,0.4595070422535211,377,0.3076923076923077,0.23943661971830985,0.20950704225352113,255,0.5333333333333333
ETHUSDT,5m,DAILY_4H_1H,240,568,116.49612712172683,70.65920255099334,33.619989889190904,145.91461841302666,283.18656821508165,-102.53554219552741,-70.72506929382715,-225.8866020843847,-1.8691971845454802,-8.89649924726732,0.4630281690140845,0.5352112676056338,100.14084507042253,86.5,0.8186619718309859,19.0,0.6514084507042254,43.0,0.36971830985915494,82.5,0.5070422535211268,0.48063380281690143,561,0.5133689839572193,0.34507042253521125,0.6390845070422535,559,0.35062611806797855,0.5052816901408451,0.43133802816901406,532,0.5394736842105263,0.272887323943662,0.5545774647887324,470,0.32978723404255317,0.3362676056338028,0.31161971830985913,368,0.5190217391304348
ETHUSDT,5m,DAILY_4H_1H_15M,15,274,31.303582063393264,17.147269108602757,6.70164004310303,37.782104651562506,75.91573941784713,-26.23184463048238,-16.841375708718243,-60.91083055307067,1.9626523728978267,-0.8571178313049321,0.48905109489051096,0.5109489051094891,6.916058394160584,6.0,0.39416058394160586,5.0,0.18248175182481752,6.0,0.05474452554744526,7.0,0.3248175182481752,0.28102189781021897,166,0.536144578313253,0.15328467153284672,0.3248175182481752,131,0.32061068702290074,0.17153284671532848,0.14233576642335766,86,0.5465116279069767,0.051094890510948905,0.145985401459854,54,0.25925925925925924,0.05474452554744526,0.032846715328467155,24,0.625
ETHUSDT,5m,DAILY_4H_1H_15M,30,274,48.33511482013322,28.350397721571554,11.120971764350118,57.45926964937031,95.85007048535893,-37.53186031924073,-24.273345742406583,-82.29400610949044,3.0521778977114664,-2.5103935845144365,0.4489051094890511,0.551094890510949,13.39051094890511,12.0,0.551094890510949,8.0,0.29927007299270075,11.0,0.0948905109489051,12.5,0.4233576642335766,0.36496350364963503,216,0.5370370370370371,0.22627737226277372,0.43795620437956206,182,0.34065934065934067,0.2664233576642336,0.22262773722627738,134,0.5447761194029851,0.08394160583941605,0.24817518248175183,91,0.25274725274725274,0.0948905109489051,0.06934306569343066,45,0.5777777777777777
ETHUSDT,5m,DAILY_4H_1H_15M,60,274,68.96404131546993,38.997361881421,16.40133761507956,79.45818809987182,150.52084595002802,-54.13938104715852,-37.57234461772396,-123.21357067148897,1.654513578933055,-7.1501370704823985,0.41605839416058393,0.583941605839416,24.222627737226276,21.0,0.6605839416058394,10.0,0.42700729927007297,19.0,0.1678832116788321,24.0,0.4781021897810219,0.42700729927007297,248,0.5282258064516129,0.3029197080291971,0.5474452554744526,233,0.3562231759656652,0.3613138686131387,0.3029197080291971,182,0.5439560439560439,0.13503649635036497,0.3722627737226277,139,0.26618705035971224,0.16058394160583941,0.13138686131386862,80,0.55
ETHUSDT,5m,DAILY_4H_1H_15M,120,274,96.0552548874551,57.04499576463462,24.384297736182447,103.96082604919033,240.58960443977242,-80.46394932253105,-57.684693057235,-165.14728711796454,-8.328514021897785,-11.937546989023161,0.4233576642335766,0.5766423357664233,47.64598540145985,35.0,0.7445255474452555,13.0,0.5474452554744526,27.0,0.2591240875912409,41.0,0.49635036496350365,0.4635036496350365,263,0.5171102661596958,0.3248175182481752,0.6204379562043796,259,0.3436293436293436,0.4233576642335766,0.4124087591240876,229,0.5065502183406113,0.20072992700729927,0.5145985401459854,196,0.28061224489795916,0.24452554744525548,0.24452554744525548,134,0.5
ETHUSDT,5m,DAILY_4H_1H_15M,240,274,131.35973152837556,76.26242840230834,35.856311870522966,183.75573284382608,327.81992501127604,-111.9468550978037,-77.80651053263199,-240.45769996768553,-2.1189588019033145,-12.973278467339199,0.4562043795620438,0.5437956204379562,95.71897810218978,76.5,0.8357664233576643,17.0,0.6605839416058394,36.0,0.38321167883211676,74.0,0.5109489051094891,0.46715328467153283,268,0.5223880597014925,0.3467153284671533,0.6386861313868614,270,0.35185185185185186,0.4854014598540146,0.4562043795620438,258,0.5155038759689923,0.27007299270072993,0.583941605839416,234,0.3162393162393162,0.34306569343065696,0.35036496350364965,190,0.49473684210526314
ETHUSDT,5m,DAILY_ONLY,15,1685,23.976073767292743,13.942450311481558,5.692029813686439,29.678811365918545,53.81691497311225,-20.85491216907713,-13.454691990795187,-48.37124775038104,0.3495149344627101,-0.49823127896031494,0.4878338278931751,0.5121661721068249,7.029673590504451,6.0,0.3020771513353116,6.0,0.11632047477744807,6.5,0.03382789317507418,8.0,0.26884272997032643,0.2314540059347181,843,0.5373665480427047,0.1026706231454006,0.258160237388724,608,0.2845394736842105,0.11335311572700296,0.08961424332344213,342,0.5584795321637427,0.032640949554896145,0.0943620178041543,214,0.2570093457943925,0.03382789317507418,0.014243323442136498,81,0.7037037037037037
ETHUSDT,5m,DAILY_ONLY,30,1685,34.77257378957453,20.660827644698454,8.415990381724914,42.80324551379833,78.69708265294985,-30.014188118489635,-19.47873799725608,-69.93326493132511,0.9139199379353626,-1.0307249744678781,0.47655786350148366,0.5234421364985163,13.528783382789317,12.0,0.43857566765578637,10.0,0.20771513353115728,14.0,0.06112759643916914,14.0,0.37151335311572703,0.3293768545994065,1181,0.5300592718035563,0.17091988130563798,0.3798219584569733,928,0.3103448275862069,0.1970326409495549,0.16201780415430267,605,0.5487603305785124,0.057566765578635014,0.1768545994065282,395,0.24556962025316456,0.06112759643916914,0.04451038575667656,178,0.5786516853932584
ETHUSDT,5m,DAILY_ONLY,60,1685,50.61708796851961,30.930628479695077,12.46885579254231,62.60416604440877,110.1499695909426,-43.06218475296327,-28.021417644058523,-97.79909858189463,1.654900140992585,-1.0038892612995731,0.486053412462908,0.5133531157270029,26.437388724035607,23.0,0.5756676557863502,14.0,0.3293768545994065,23.0,0.12344213649851632,31.0,0.45103857566765576,0.40712166172106823,1446,0.5255878284923928,0.25044510385756674,0.4943620178041543,1255,0.3362549800796813,0.30148367952522254,0.2427299703264095,917,0.5539803707742639,0.1086053412462908,0.2747774480712166,646,0.28328173374613,0.12106824925816023,0.09080118694362017,357,0.5714285714285714
ETHUSDT,5m,DAILY_ONLY,120,1685,70.34594663839863,43.49616862572958,18.966156425122005,87.97917882856554,160.76789790152327,-63.72201733089849,-42.9886170985716,-141.41342860923078,-0.256228047676909,-4.065841998915909,0.4682492581602374,0.5317507418397626,51.468842729970326,45.0,0.68486646884273,19.0,0.45875370919881303,33.0,0.21186943620178042,53.0,0.49258160237388726,0.45519287833827893,1597,0.519724483406387,0.30445103857566763,0.5827893175074184,1495,0.3431438127090301,0.39821958456973294,0.34955489614243324,1260,0.5325396825396825,0.17626112759643917,0.41543026706231456,997,0.2978936810431294,0.20415430267062315,0.18456973293768547,655,0.5251908396946565
ETHUSDT,5m,DAILY_ONLY,240,1685,101.50615726577513,63.5361133425838,28.58870271204017,129.40743959092282,236.05866748759442,-91.12865030516033,-60.71202136448295,-205.43499467858027,4.811200876223825,-1.0207206287626835,0.49317507418397627,0.5062314540059347,106.32166172106825,95.0,0.7875370919881306,24.0,0.6053412462908012,51.0,0.34362017804154305,92.0,0.512759643916914,0.46943620178041545,1655,0.5220543806646526,0.3353115727002967,0.6237388724035609,1616,0.3496287128712871,0.47299703264094956,0.42136498516320475,1507,0.528865295288653,0.2486646884272997,0.5287833827893175,1310,0.3198473282442748,0.31275964391691397,0.29080118694362017,1017,0.5181907571288102
ETHUSDT,5m,FULL_ALIGNMENT,15,274,31.303582063393264,17.147269108602757,6.70164004310303,37.782104651562506,75.91573941784713,-26.23184463048238,-16.841375708718243,-60.91083055307067,1.9626523728978267,-0.8571178313049321,0.48905109489051096,0.5109489051094891,6.916058394160584,6.0,0.39416058394160586,5.0,0.18248175182481752,6.0,0.05474452554744526,7.0,0.3248175182481752,0.28102189781021897,166,0.536144578313253,0.15328467153284672,0.3248175182481752,131,0.32061068702290074,0.17153284671532848,0.14233576642335766,86,0.5465116279069767,0.051094890510948905,0.145985401459854,54,0.25925925925925924,0.05474452554744526,0.032846715328467155,24,0.625
ETHUSDT,5m,FULL_ALIGNMENT,30,274,48.33511482013322,28.350397721571554,11.120971764350118,57.45926964937031,95.85007048535893,-37.53186031924073,-24.273345742406583,-82.29400610949044,3.0521778977114664,-2.5103935845144365,0.4489051094890511,0.551094890510949,13.39051094890511,12.0,0.551094890510949,8.0,0.29927007299270075,11.0,0.0948905109489051,12.5,0.4233576642335766,0.36496350364963503,216,0.5370370370370371,0.22627737226277372,0.43795620437956206,182,0.34065934065934067,0.2664233576642336,0.22262773722627738,134,0.5447761194029851,0.08394160583941605,0.24817518248175183,91,0.25274725274725274,0.0948905109489051,0.06934306569343066,45,0.5777777777777777
ETHUSDT,5m,FULL_ALIGNMENT,60,274,68.96404131546993,38.997361881421,16.40133761507956,79.45818809987182,150.52084595002802,-54.13938104715852,-37.57234461772396,-123.21357067148897,1.654513578933055,-7.1501370704823985,0.41605839416058393,0.583941605839416,24.222627737226276,21.0,0.6605839416058394,10.0,0.42700729927007297,19.0,0.1678832116788321,24.0,0.4781021897810219,0.42700729927007297,248,0.5282258064516129,0.3029197080291971,0.5474452554744526,233,0.3562231759656652,0.3613138686131387,0.3029197080291971,182,0.5439560439560439,0.13503649635036497,0.3722627737226277,139,0.26618705035971224,0.16058394160583941,0.13138686131386862,80,0.55
ETHUSDT,5m,FULL_ALIGNMENT,120,274,96.0552548874551,57.04499576463462,24.384297736182447,103.96082604919033,240.58960443977242,-80.46394932253105,-57.684693057235,-165.14728711796454,-8.328514021897785,-11.937546989023161,0.4233576642335766,0.5766423357664233,47.64598540145985,35.0,0.7445255474452555,13.0,0.5474452554744526,27.0,0.2591240875912409,41.0,0.49635036496350365,0.4635036496350365,263,0.5171102661596958,0.3248175182481752,0.6204379562043796,259,0.3436293436293436,0.4233576642335766,0.4124087591240876,229,0.5065502183406113,0.20072992700729927,0.5145985401459854,196,0.28061224489795916,0.24452554744525548,0.24452554744525548,134,0.5
ETHUSDT,5m,FULL_ALIGNMENT,240,274,131.35973152837556,76.26242840230834,35.856311870522966,183.75573284382608,327.81992501127604,-111.9468550978037,-77.80651053263199,-240.45769996768553,-2.1189588019033145,-12.973278467339199,0.4562043795620438,0.5437956204379562,95.71897810218978,76.5,0.8357664233576643,17.0,0.6605839416058394,36.0,0.38321167883211676,74.0,0.5109489051094891,0.46715328467153283,268,0.5223880597014925,0.3467153284671533,0.6386861313868614,270,0.35185185185185186,0.4854014598540146,0.4562043795620438,258,0.5155038759689923,0.27007299270072993,0.583941605839416,234,0.3162393162393162,0.34306569343065696,0.35036496350364965,190,0.49473684210526314
SOLUSDT,15m,DAILY_4H,15,287,34.0783601106656,18.86347559537871,7.5030886019700205,46.12458179821255,80.37032646066679,-27.829930285899895,-20.44859096428042,-61.39443668262867,2.753964796207022,0.0,0.49825783972125437,0.4843205574912892,6.735191637630662,6.0,0.4250871080139373,4.0,0.23344947735191637,5.0,0.059233449477351915,6.0,0.34146341463414637,0.32752613240418116,192,0.5104166666666666,0.1951219512195122,0.3623693379790941,160,0.35,0.2264808362369338,0.13240418118466898,103,0.6310679611650486,0.059233449477351915,0.13937282229965156,57,0.2982456140350877,0.059233449477351915,0.027874564459930314,25,0.68
SOLUSDT,15m,DAILY_4H,30,287,50.733776420525096,31.469631805307596,10.486177795335783,64.00418742754321,109.754454887213,-38.44090572153181,-29.140359397765714,-92.08645328772435,5.828975860887629,-2.501876407304815,0.4634146341463415,0.5261324041811847,13.72822299651568,14.0,0.5574912891986062,6.0,0.3519163763066202,9.0,0.1254355400696864,16.0,0.42160278745644597,0.4425087108013937,248,0.4879032258064516,0.25435540069686413,0.4878048780487805,213,0.3427230046948357,0.32752613240418116,0.18466898954703834,147,0.6394557823129252,0.11846689895470383,0.21602787456445993,96,0.3541666666666667,0.1254355400696864,0.059233449477351915,53,0.6792452830188679
SOLUSDT,15m,DAILY_4H,60,287,67.53745440909557,44.205000690702434,14.011920548020473,89.64821474014784,162.88533693850803,-56.37101114062196,-40.713028169012674,-125.64698913726113,0.3940942900978463,-2.392630697453102,0.4808362369337979,0.5087108013937283,25.317073170731707,20.0,0.6376306620209059,8.0,0.46689895470383275,15.0,0.21254355400696864,25.0,0.44947735191637633,0.4912891986062718,270,0.4777777777777778,0.30313588850174217,0.5714285714285714,251,0.3466135458167331,0.4146341463414634,0.289198606271777,202,0.5891089108910891,0.1951219512195122,0.3519163763066202,157,0.35668789808917195,0.20905923344947736,0.13240418118466898,98,0.6122448979591837
SOLUSDT,15m,DAILY_4H,120,287,90.3499117102539,61.64631935210885,21.47156803971928,124.95976315896162,205.02960753447002,-82.06932556519115,-53.51326198231643,-172.4875014870939,5.825133631927153,-1.2232415902146965,0.4912891986062718,0.5017421602787456,52.12543554006969,43.0,0.710801393728223,9.5,0.5714285714285714,20.0,0.3205574912891986,39.5,0.46689895470383275,0.5121951219512195,281,0.47686832740213525,0.33797909407665505,0.6132404181184669,273,0.3553113553113553,0.47735191637630664,0.3832752613240418,247,0.5546558704453441,0.2578397212543554,0.47735191637630664,211,0.35071090047393366,0.2961672473867596,0.24041811846689895,154,0.551948051948052
SOLUSDT,15m,DAILY_4H,240,287,131.53526279328773,89.46572580645018,33.819921888438294,187.1988807123115,287.52280831524905,-112.41456880015085,-76.8129770992354,-246.46496074830338,7.539464868619157,1.3785497656448875,0.519163763066202,0.4738675958188153,108.88153310104529,115.0,0.7874564459930313,12.0,0.6794425087108014,29.0,0.47735191637630664,77.0,0.47038327526132406,0.5156794425087108,283,0.47703180212014135,0.3519163763066202,0.6236933797909407,280,0.3607142857142857,0.5156794425087108,0.4076655052264808,265,0.5584905660377358,0.34146341463414637,0.5365853658536586,252,0.3888888888888889,0.4146341463414634,0.3240418118466899,212,0.5613207547169812
SOLUSDT,15m,DAILY_4H_1H,15,145,40.73818961336983,27.760152284264095,9.745401388718822,56.4140299239635,87.5725652548631,-30.608133621455643,-21.68090804744338,-67.01695320132406,2.468344199603944,3.033428380754266,0.5241379310344828,0.4689655172413793,7.144827586206897,6.0,0.5379310344827586,5.0,0.2827586206896552,7.0,0.06206896551724138,5.0,0.4206896551724138,0.33793103448275863,110,0.5545454545454546,0.23448275862068965,0.4,92,0.3695652173913043,0.2689655172413793,0.15862068965517243,62,0.6290322580645161,0.06206896551724138,0.1724137931034483,34,0.2647058823529412,0.06206896551724138,0.041379310344827586,15,0.6
SOLUSDT,15m,DAILY_4H_1H,30,145,57.79518691197195,41.90751445086516,12.381345439538283,78.64284911807573,114.02358794181475,-43.91733228189347,-30.772872529292172,-98.65722979883351,4.6518944713416674,0.0,0.4896551724137931,0.496551724137931,13.862068965517242,13.0,0.6482758620689655,6.0,0.42758620689655175,9.5,0.15172413793103448,18.0,0.4827586206896552,0.41379310344827586,130,0.5384615384615384,0.30344827586206896,0.4896551724137931,115,0.3826086956521739,0.3931034482758621,0.2206896551724138,89,0.6404494382022472,0.13793103448275862,0.2689655172413793,59,0.3389830508474576,0.15172413793103448,0.07586206896551724,33,0.6666666666666666
SOLUSDT,15m,DAILY_4H_1H,60,145,74.67909401929121,54.180519640438796,18.513244090001546,97.53593429158158,179.99472581086712,-62.10983877652045,-43.18854886475876,-138.10510523966292,-1.0662437725329517,-2.392630697453102,0.47586206896551725,0.5172413793103449,22.882758620689657,18.0,0.696551724137931,7.0,0.5241379310344828,13.0,0.2413793103448276,24.0,0.496551724137931,0.4413793103448276,136,0.5294117647058824,0.35172413793103446,0.5379310344827586,129,0.3953488372093023,0.47586206896551725,0.3103448275862069,114,0.6052631578947368,0.22758620689655173,0.3931034482758621,90,0.36666666666666664,0.2413793103448276,0.16551724137931034,59,0.5932203389830508
SOLUSDT,15m,DAILY_4H_1H,120,145,100.34867373088295,69.55657682275351,30.298439630356278,132.68906273968594,221.68817013685336,-91.29018148294182,-66.20395088093977,-190.45016860608445,5.034094090382549,-1.2232415902146965,0.4896551724137931,0.503448275862069,51.36551724137931,42.0,0.7655172413793103,7.0,0.6275862068965518,17.0,0.36551724137931035,38.0,0.5241379310344828,0.4482758620689655,141,0.5390070921985816,0.38620689655172413,0.5724137931034483,139,0.4028776978417266,0.5310344827586206,0.3586206896551724,129,0.5968992248062015,0.3103448275862069,0.4827586206896552,115,0.391304347826087,0.33793103448275863,0.27586206896551724,89,0.550561797752809
SOLUSDT,15m,DAILY_4H_1H,240,145,148.70409495314198,107.09662233729489,42.8945905155298,205.93187410957282,344.9463966258945,-121.96648551753493,-85.22090154743367,-256.065822667201,5.004291291359477,1.1220825852764627,0.503448275862069,0.4896551724137931,109.79310344827586,113.0,0.8275862068965517,8.0,0.7241379310344828,20.0,0.5310344827586206,75.0,0.5241379310344828,0.45517241379310347,142,0.5352112676056338,0.3931034482758621,0.5793103448275863,141,0.40425531914893614,0.5655172413793104,0.3724137931034483,136,0.6029411764705882,0.38620689655172413,0.5379310344827586,134,0.417910447761194,0.4482758620689655,0.35172413793103446,116,0.5603448275862069
SOLUSDT,15m,DAILY_4H_1H_15M,15,145,40.73818961336983,27.760152284264095,9.745401388718822,56.4140299239635,87.5725652548631,-30.608133621455643,-21.68090804744338,-67.01695320132406,2.468344199603944,3.033428380754266,0.5241379310344828,0.4689655172413793,7.144827586206897,6.0,0.5379310344827586,5.0,0.2827586206896552,7.0,0.06206896551724138,5.0,0.4206896551724138,0.33793103448275863,110,0.5545454545454546,0.23448275862068965,0.4,92,0.3695652173913043,0.2689655172413793,0.15862068965517243,62,0.6290322580645161,0.06206896551724138,0.1724137931034483,34,0.2647058823529412,0.06206896551724138,0.041379310344827586,15,0.6
SOLUSDT,15m,DAILY_4H_1H_15M,30,145,57.79518691197195,41.90751445086516,12.381345439538283,78.64284911807573,114.02358794181475,-43.91733228189347,-30.772872529292172,-98.65722979883351,4.6518944713416674,0.0,0.4896551724137931,0.496551724137931,13.862068965517242,13.0,0.6482758620689655,6.0,0.42758620689655175,9.5,0.15172413793103448,18.0,0.4827586206896552,0.41379310344827586,130,0.5384615384615384,0.30344827586206896,0.4896551724137931,115,0.3826086956521739,0.3931034482758621,0.2206896551724138,89,0.6404494382022472,0.13793103448275862,0.2689655172413793,59,0.3389830508474576,0.15172413793103448,0.07586206896551724,33,0.6666666666666666
SOLUSDT,15m,DAILY_4H_1H_15M,60,145,74.67909401929121,54.180519640438796,18.513244090001546,97.53593429158158,179.99472581086712,-62.10983877652045,-43.18854886475876,-138.10510523966292,-1.0662437725329517,-2.392630697453102,0.47586206896551725,0.5172413793103449,22.882758620689657,18.0,0.696551724137931,7.0,0.5241379310344828,13.0,0.2413793103448276,24.0,0.496551724137931,0.4413793103448276,136,0.5294117647058824,0.35172413793103446,0.5379310344827586,129,0.3953488372093023,0.47586206896551725,0.3103448275862069,114,0.6052631578947368,0.22758620689655173,0.3931034482758621,90,0.36666666666666664,0.2413793103448276,0.16551724137931034,59,0.5932203389830508
SOLUSDT,15m,DAILY_4H_1H_15M,120,145,100.34867373088295,69.55657682275351,30.298439630356278,132.68906273968594,221.68817013685336,-91.29018148294182,-66.20395088093977,-190.45016860608445,5.034094090382549,-1.2232415902146965,0.4896551724137931,0.503448275862069,51.36551724137931,42.0,0.7655172413793103,7.0,0.6275862068965518,17.0,0.36551724137931035,38.0,0.5241379310344828,0.4482758620689655,141,0.5390070921985816,0.38620689655172413,0.5724137931034483,139,0.4028776978417266,0.5310344827586206,0.3586206896551724,129,0.5968992248062015,0.3103448275862069,0.4827586206896552,115,0.391304347826087,0.33793103448275863,0.27586206896551724,89,0.550561797752809
SOLUSDT,15m,DAILY_4H_1H_15M,240,145,148.70409495314198,107.09662233729489,42.8945905155298,205.93187410957282,344.9463966258945,-121.96648551753493,-85.22090154743367,-256.065822667201,5.004291291359477,1.1220825852764627,0.503448275862069,0.4896551724137931,109.79310344827586,113.0,0.8275862068965517,8.0,0.7241379310344828,20.0,0.5310344827586206,75.0,0.5241379310344828,0.45517241379310347,142,0.5352112676056338,0.3931034482758621,0.5793103448275863,141,0.40425531914893614,0.5655172413793104,0.3724137931034483,136,0.6029411764705882,0.38620689655172413,0.5379310344827586,134,0.417910447761194,0.4482758620689655,0.35172413793103446,116,0.5603448275862069
SOLUSDT,15m,DAILY_ONLY,15,541,29.491365540673772,17.202354006338183,7.330781135457265,40.03304314672329,71.44372922119224,-26.751428026904364,-18.845700824500213,-56.58272234619122,-0.023645428044390272,-1.2868356710837858,0.4731977818853974,0.5138632162661737,6.482439926062846,5.0,0.3789279112754159,4.0,0.18114602587800369,7.0,0.04805914972273567,7.0,0.32162661737523107,0.31053604436229204,342,0.5087719298245614,0.15526802218114602,0.35304990757855825,275,0.3054545454545455,0.17744916820702403,0.11460258780036968,158,0.6075949367088608,0.04805914972273567,0.12384473197781885,93,0.27956989247311825,0.04805914972273567,0.027726432532347505,41,0.6341463414634146
SOLUSDT,15m,DAILY_ONLY,30,541,42.92593663252695,27.40334765219732,10.278048252732042,54.83994388471025,93.61273133146054,-37.43092885684115,-27.337342810278553,-88.16547982366862,0.4471490115287336,-3.6678403755852074,0.4491682070240296,0.5415896487985212,13.279112754158964,12.0,0.5286506469500925,7.0,0.2846580406654344,11.0,0.09057301293900184,14.0,0.4177449168207024,0.42513863216266173,456,0.4956140350877193,0.21072088724584104,0.48613678373382624,377,0.30238726790450926,0.266173752310536,0.20147874306839186,253,0.5691699604743083,0.08687615526802218,0.2255083179297597,169,0.2781065088757396,0.09057301293900184,0.059149722735674676,81,0.6049382716049383
SOLUSDT,15m,DAILY_ONLY,60,541,58.886520754504964,39.5427421094241,13.871228759680942,78.1187724192911,130.42203985931923,-53.601580498596945,-36.58536585365746,-120.36108324975037,-0.3175790194600295,-1.5372790161405359,0.4805914972273567,0.5046210720887245,25.68761552680222,21.0,0.6303142329020333,10.0,0.40850277264325324,17.0,0.16820702402957485,26.0,0.46210720887245843,0.47504621072088726,507,0.4930966469428008,0.2828096118299446,0.5730129390018485,463,0.3304535637149028,0.36968576709796674,0.3049907578558225,365,0.547945205479452,0.1534195933456562,0.3512014787430684,273,0.304029304029304,0.1645101663585952,0.12939001848428835,159,0.559748427672956
SOLUSDT,15m,DAILY_ONLY,120,541,80.37428083068589,54.06704313348554,19.323671497584183,108.49416639406861,185.36350505536925,-78.19638710672949,-51.99560600512743,-171.9576719576721,0.603443725739567,-2.335357309667385,0.48428835489833644,0.5083179297597042,51.7634011090573,46.0,0.7060998151571165,12.0,0.5286506469500925,27.0,0.27726432532347506,48.0,0.47689463955637706,0.5064695009242144,532,0.4849624060150376,0.3234750462107209,0.634011090573013,518,0.33783783783783783,0.4454713493530499,0.4011090573012939,458,0.5262008733624454,0.22181146025878004,0.4787430683918669,379,0.316622691292876,0.2587800369685767,0.22920517560073936,264,0.5303030303030303
SOLUSDT,15m,DAILY_ONLY,240,541,117.1861461306104,79.58115183246184,31.24651266599665,156.75946827188315,274.6850873628604,-111.37628146355316,-76.86877402149128,-246.8373958654724,1.4285704478933883,0.7865963973885393,0.5009242144177449,0.49168207024029575,108.21441774491682,106.0,0.7874306839186691,16.0,0.6524953789279113,37.0,0.4232902033271719,84.0,0.4805914972273567,0.5101663585951941,536,0.48507462686567165,0.3345656192236599,0.6469500924214417,531,0.3408662900188324,0.48428835489833644,0.4491682070240296,505,0.5188118811881188,0.2902033271719039,0.5693160813308688,465,0.33763440860215055,0.36414048059149723,0.34011090573012936,381,0.5170603674540682
SOLUSDT,15m,FULL_ALIGNMENT,15,136,41.00723071397822,29.2070484581497,10.74637457075478,54.94271311840326,84.2853688974865,-30.663037665484413,-21.854825155578904,-66.73971908256304,3.0752858367113154,3.1398273213623096,0.5294117647058824,0.4632352941176471,7.3088235294117645,7.0,0.5441176470588235,5.0,0.27941176470588236,6.0,0.0661764705882353,5.0,0.4264705882352941,0.3382352941176471,104,0.5576923076923077,0.23529411764705882,0.39705882352941174,86,0.37209302325581395,0.2647058823529412,0.15441176470588236,57,0.631578947368421,0.0661764705882353,0.16911764705882354,32,0.28125,0.0661764705882353,0.04411764705882353,15,0.6
SOLUSDT,15m,FULL_ALIGNMENT,30,136,58.90496831478342,42.401052483197475,13.135497002454976,78.7319722565949,120.20214809015606,-44.04685867842005,-30.638283447068094,-98.58946799874812,5.747956971626402,0.3955070400252225,0.5,0.4852941176470588,14.264705882352942,14.0,0.6544117647058824,6.0,0.4338235294117647,10.0,0.16176470588235295,18.0,0.4852941176470588,0.4117647058823529,122,0.5409836065573771,0.3088235294117647,0.4852941176470588,108,0.3888888888888889,0.39705882352941174,0.21323529411764705,83,0.6506024096385542,0.14705882352941177,0.2647058823529412,56,0.35714285714285715,0.16176470588235295,0.07352941176470588,32,0.6875
SOLUSDT,15m,FULL_ALIGNMENT,60,136,76.14960545793222,54.37538942458464,20.236096553164494,98.84701517015704,183.9370150575781,-61.322410755612204,-42.23574791602513,-135.61790513009987,0.36391986328687703,-1.8317709218818035,0.4852941176470588,0.5073529411764706,23.227941176470587,18.0,0.7058823529411765,7.0,0.5294117647058824,13.0,0.25,23.5,0.5,0.4411764705882353,128,0.53125,0.35294117647058826,0.5367647058823529,121,0.39669421487603307,0.47794117647058826,0.3014705882352941,106,0.6132075471698113,0.23529411764705882,0.3897058823529412,85,0.3764705882352941,0.25,0.16911764705882354,57,0.5964912280701754
SOLUSDT,15m,FULL_ALIGNMENT,120,136,103.05973443171628,72.04989400522832,30.374609907588557,143.8945643613515,222.575180884661,-90.12647817540825,-64.26567478271085,-180.3317510280722,8.464585778221972,-0.6116207951073482,0.49264705882352944,0.5,51.669117647058826,42.5,0.7720588235294118,8.0,0.6323529411764706,17.0,0.38235294117647056,38.0,0.5220588235294118,0.4485294117647059,132,0.5378787878787878,0.3897058823529412,0.5735294117647058,131,0.40458015267175573,0.5367647058823529,0.35294117647058826,121,0.6033057851239669,0.3235294117647059,0.47794117647058826,109,0.4036697247706422,0.35294117647058826,0.27205882352941174,85,0.5647058823529412
SOLUSDT,15m,FULL_ALIGNMENT,240,136,153.20726123074832,108.37535378326102,42.93946742982446,230.62803224365936,351.7143111923793,-120.1525567470971,-87.03065027496294,-249.43583626354905,10.654549489145719,2.1677250972651496,0.5073529411764706,0.4852941176470588,111.66176470588235,114.0,0.8382352941176471,8.0,0.7352941176470589,21.0,0.5367647058823529,71.0,0.5220588235294118,0.45588235294117646,133,0.5338345864661654,0.39705882352941174,0.5808823529411765,133,0.40601503759398494,0.5735294117647058,0.36764705882352944,128,0.609375,0.3897058823529412,0.5367647058823529,126,0.42063492063492064,0.4485294117647059,0.35294117647058826,109,0.5596330275229358
SOLUSDT,1h,DAILY_4H,15,61,36.29144525758096,18.74819728872268,8.118640398355748,44.381175682466356,83.14765501874932,-28.01881103428201,-21.696842735298148,-54.56852791878131,5.816874848419372,-3.8358266206350855,0.4426229508196721,0.5409836065573771,7.016393442622951,6.0,0.4262295081967213,4.0,0.21311475409836064,6.0,0.06557377049180328,9.0,0.4098360655737705,0.3442622950819672,46,0.5434782608695652,0.16393442622950818,0.4426229508196721,37,0.2702702702702703,0.21311475409836064,0.14754098360655737,22,0.5909090909090909,0.06557377049180328,0.14754098360655737,13,0.3076923076923077,0.06557377049180328,0.03278688524590164,6,0.6666666666666666
SOLUSDT,1h,DAILY_4H,30,61,46.299560722436055,25.542784163474774,15.312131919904548,63.59419422415024,93.2424303188295,-36.61965435838752,-31.788727228267977,-63.52958558026201,3.552726902378124,-4.848354253084164,0.45901639344262296,0.5409836065573771,12.60655737704918,10.0,0.5409836065573771,7.0,0.2786885245901639,9.0,0.09836065573770492,12.5,0.45901639344262296,0.4918032786885246,58,0.4827586206896552,0.19672131147540983,0.6229508196721312,50,0.24,0.26229508196721313,0.18032786885245902,27,0.5925925925925926,0.09836065573770492,0.19672131147540983,18,0.3333333333333333,0.09836065573770492,0.03278688524590164,8,0.75
SOLUSDT,1h,DAILY_4H,60,61,66.16011542605796,35.30733429625954,21.736350850274366,83.14765501874932,131.0537018904867,-54.75994423282807,-42.402826855123536,-104.02002189895177,8.294954152322036,-2.4648755237854925,0.45901639344262296,0.5245901639344263,27.18032786885246,28.0,0.6885245901639344,9.0,0.36065573770491804,13.0,0.19672131147540983,30.0,0.4918032786885246,0.5081967213114754,61,0.4918032786885246,0.22950819672131148,0.6885245901639344,56,0.25,0.32786885245901637,0.3442622950819672,41,0.4878048780487805,0.18032786885245902,0.3770491803278688,34,0.3235294117647059,0.19672131147540983,0.11475409836065574,19,0.631578947368421
SOLUSDT,1h,DAILY_4H,120,61,101.58973238094381,45.53734061931047,25.59103095296056,105.0395373539481,268.1803224744983,-75.72079172180692,-59.95062889385117,-156.00465987945176,19.259934160313353,-22.40247199690959,0.32786885245901637,0.6721311475409836,50.39344262295082,42.0,0.7868852459016393,11.0,0.4918032786885246,26.5,0.26229508196721313,38.5,0.4918032786885246,0.5081967213114754,61,0.4918032786885246,0.26229508196721313,0.7213114754098361,60,0.26666666666666666,0.39344262295081966,0.4918032786885246,54,0.4444444444444444,0.2459016393442623,0.5737704918032787,50,0.3,0.26229508196721313,0.19672131147540983,28,0.5714285714285714
SOLUSDT,1h,DAILY_4H,240,61,142.01680011487215,67.14225765841242,33.03055326176807,157.13610586011396,370.7491690104847,-111.57501757520889,-81.04738154613544,-202.8101802757165,25.72961707159827,-1.1587485515629492,0.4918032786885246,0.5081967213114754,118.31147540983606,118.0,0.8360655737704918,11.0,0.639344262295082,46.0,0.3770491803278688,49.0,0.4918032786885246,0.5081967213114754,61,0.4918032786885246,0.26229508196721313,0.7377049180327869,61,0.26229508196721313,0.39344262295081966,0.5573770491803278,58,0.41379310344827586,0.2786885245901639,0.6557377049180327,57,0.2982456140350877,0.36065573770491804,0.36065573770491804,44,0.5
SOLUSDT,1h,DAILY_4H_1H,15,61,36.29144525758096,18.74819728872268,8.118640398355748,44.381175682466356,83.14765501874932,-28.01881103428201,-21.696842735298148,-54.56852791878131,5.816874848419372,-3.8358266206350855,0.4426229508196721,0.5409836065573771,7.016393442622951,6.0,0.4262295081967213,4.0,0.21311475409836064,6.0,0.06557377049180328,9.0,0.4098360655737705,0.3442622950819672,46,0.5434782608695652,0.16393442622950818,0.4426229508196721,37,0.2702702702702703,0.21311475409836064,0.14754098360655737,22,0.5909090909090909,0.06557377049180328,0.14754098360655737,13,0.3076923076923077,0.06557377049180328,0.03278688524590164,6,0.6666666666666666
SOLUSDT,1h,DAILY_4H_1H,30,61,46.299560722436055,25.542784163474774,15.312131919904548,63.59419422415024,93.2424303188295,-36.61965435838752,-31.788727228267977,-63.52958558026201,3.552726902378124,-4.848354253084164,0.45901639344262296,0.5409836065573771,12.60655737704918,10.0,0.5409836065573771,7.0,0.2786885245901639,9.0,0.09836065573770492,12.5,0.45901639344262296,0.4918032786885246,58,0.4827586206896552,0.19672131147540983,0.6229508196721312,50,0.24,0.26229508196721313,0.18032786885245902,27,0.5925925925925926,0.09836065573770492,0.19672131147540983,18,0.3333333333333333,0.09836065573770492,0.03278688524590164,8,0.75
SOLUSDT,1h,DAILY_4H_1H,60,61,66.16011542605796,35.30733429625954,21.736350850274366,83.14765501874932,131.0537018904867,-54.75994423282807,-42.402826855123536,-104.02002189895177,8.294954152322036,-2.4648755237854925,0.45901639344262296,0.5245901639344263,27.18032786885246,28.0,0.6885245901639344,9.0,0.36065573770491804,13.0,0.19672131147540983,30.0,0.4918032786885246,0.5081967213114754,61,0.4918032786885246,0.22950819672131148,0.6885245901639344,56,0.25,0.32786885245901637,0.3442622950819672,41,0.4878048780487805,0.18032786885245902,0.3770491803278688,34,0.3235294117647059,0.19672131147540983,0.11475409836065574,19,0.631578947368421
SOLUSDT,1h,DAILY_4H_1H,120,61,101.58973238094381,45.53734061931047,25.59103095296056,105.0395373539481,268.1803224744983,-75.72079172180692,-59.95062889385117,-156.00465987945176,19.259934160313353,-22.40247199690959,0.32786885245901637,0.6721311475409836,50.39344262295082,42.0,0.7868852459016393,11.0,0.4918032786885246,26.5,0.26229508196721313,38.5,0.4918032786885246,0.5081967213114754,61,0.4918032786885246,0.26229508196721313,0.7213114754098361,60,0.26666666666666666,0.39344262295081966,0.4918032786885246,54,0.4444444444444444,0.2459016393442623,0.5737704918032787,50,0.3,0.26229508196721313,0.19672131147540983,28,0.5714285714285714
SOLUSDT,1h,DAILY_4H_1H,240,61,142.01680011487215,67.14225765841242,33.03055326176807,157.13610586011396,370.7491690104847,-111.57501757520889,-81.04738154613544,-202.8101802757165,25.72961707159827,-1.1587485515629492,0.4918032786885246,0.5081967213114754,118.31147540983606,118.0,0.8360655737704918,11.0,0.639344262295082,46.0,0.3770491803278688,49.0,0.4918032786885246,0.5081967213114754,61,0.4918032786885246,0.26229508196721313,0.7377049180327869,61,0.26229508196721313,0.39344262295081966,0.5573770491803278,58,0.41379310344827586,0.2786885245901639,0.6557377049180327,57,0.2982456140350877,0.36065573770491804,0.36065573770491804,44,0.5
SOLUSDT,1h,DAILY_4H_1H_15M,15,56,37.8129531192448,22.52638417565178,10.548727520252044,44.67021691667738,86.90339576381433,-28.425390907299622,-22.077834110952875,-53.85139023950436,6.712201142044279,-4.315611520036566,0.44642857142857145,0.5535714285714286,7.339285714285714,7.0,0.44642857142857145,5.0,0.21428571428571427,7.0,0.07142857142857142,9.0,0.42857142857142855,0.3392857142857143,43,0.5581395348837209,0.16071428571428573,0.44642857142857145,34,0.2647058823529412,0.21428571428571427,0.14285714285714285,20,0.6,0.07142857142857142,0.14285714285714285,12,0.3333333333333333,0.07142857142857142,0.03571428571428571,6,0.6666666666666666
SOLUSDT,1h,DAILY_4H_1H_15M,30,56,48.24534448598174,27.578760992842398,15.410573823673168,64.40029707182104,98.26077105923426,-37.39618672718431,-31.475708982713904,-68.03184085674042,4.048078504697077,-5.738068961112508,0.44642857142857145,0.5535714285714286,12.732142857142858,10.5,0.5714285714285714,7.0,0.2857142857142857,10.5,0.10714285714285714,12.5,0.48214285714285715,0.48214285714285715,54,0.5,0.19642857142857142,0.625,46,0.2391304347826087,0.26785714285714285,0.17857142857142858,25,0.6,0.10714285714285714,0.19642857142857142,17,0.35294117647058826,0.10714285714285714,0.03571428571428571,8,0.75
SOLUSDT,1h,DAILY_4H_1H_15M,60,56,67.69190870065957,35.746197517734224,23.041896930411365,81.2512800881282,135.55239485434245,-54.85361609677846,-42.994321897346644,-98.20000400762751,10.484461221352825,-2.349132345924043,0.4642857142857143,0.5178571428571429,26.678571428571427,25.0,0.6964285714285714,9.0,0.35714285714285715,13.0,0.17857142857142858,19.5,0.5,0.5,56,0.5,0.21428571428571427,0.6964285714285714,51,0.23529411764705882,0.32142857142857145,0.3392857142857143,37,0.4864864864864865,0.16071428571428573,0.375,30,0.3,0.17857142857142858,0.10714285714285714,16,0.625
SOLUSDT,1h,DAILY_4H_1H_15M,120,56,104.92900119035902,45.081560785238395,25.57896925558911,99.84895279200046,277.1027525632253,-74.45112511593652,-59.09670090903208,-139.28257974456568,22.217915694068893,-23.516506934415094,0.30357142857142855,0.6964285714285714,49.589285714285715,41.0,0.7857142857142857,10.5,0.48214285714285715,26.0,0.25,37.5,0.5,0.5,56,0.5,0.25,0.7321428571428571,55,0.2545454545454545,0.39285714285714285,0.48214285714285715,49,0.4489795918367347,0.23214285714285715,0.5714285714285714,45,0.28888888888888886,0.25,0.17857142857142858,24,0.5833333333333334
SOLUSDT,1h,DAILY_4H_1H_15M,240,56,146.94357775888406,66.74881376408038,34.73813903763667,187.25574420452085,395.61080497768296,-113.50662113482083,-80.75758380455767,-204.19232686380184,29.903364430088622,0.47060472463889,0.5,0.5,119.46428571428571,116.0,0.8392857142857143,11.0,0.6428571428571429,46.5,0.35714285714285715,58.0,0.5,0.5,56,0.5,0.25,0.75,56,0.25,0.39285714285714285,0.5535714285714286,53,0.41509433962264153,0.26785714285714285,0.6607142857142857,52,0.28846153846153844,0.3392857142857143,0.35714285714285715,39,0.48717948717948717
SOLUSDT,1h,DAILY_ONLY,15,125,33.99186959555824,20.13963480128833,7.329587099926815,50.04228925852949,82.18062530328176,-28.899871670403257,-22.4588254866076,-57.85577474851045,5.180139705283287,0.791389680279142,0.504,0.48,7.048,6.0,0.432,5.0,0.256,9.0,0.048,11.5,0.392,0.384,97,0.5051546391752577,0.2,0.456,82,0.3048780487804878,0.24,0.16,50,0.6,0.048,0.168,27,0.2222222222222222,0.048,0.032,10,0.6
SOLUSDT,1h,DAILY_ONLY,30,125,44.41043131980022,25.542784163474774,10.649627263044081,66.81860561483344,93.55496331946212,-37.47486727540407,-30.487804878048806,-83.30537692702222,3.5474765536121726,-2.1519259737468044,0.472,0.52,13.872,12.0,0.52,6.0,0.32,9.0,0.096,15.0,0.44,0.472,114,0.4824561403508772,0.24,0.56,100,0.3,0.288,0.224,64,0.5625,0.088,0.24,41,0.2682926829268293,0.096,0.064,20,0.6
SOLUSDT,1h,DAILY_ONLY,60,125,61.05040583668262,37.30183400683762,17.03660436137122,83.14765501874932,127.35717559695122,-53.936399772756296,-37.585507028490284,-109.36670586711416,5.004864032246615,-2.233389168062594,0.48,0.504,27.656,28.0,0.64,7.5,0.408,12.0,0.192,27.0,0.464,0.48,118,0.4915254237288136,0.28,0.592,109,0.3211009174311927,0.368,0.328,87,0.5287356321839081,0.16,0.376,67,0.29850746268656714,0.192,0.144,42,0.5714285714285714
SOLUSDT,1h,DAILY_ONLY,120,125,87.76224375536653,50.45683894722597,24.538106235565404,108.54007633587682,214.77575402477817,-76.24058454009399,-51.8368266846958,-170.9334524516326,8.004802076192659,-5.638567803776251,0.44,0.552,49.304,42.0,0.744,9.0,0.512,17.5,0.264,38.0,0.472,0.512,123,0.4796747967479675,0.304,0.64,118,0.3220338983050847,0.432,0.432,108,0.5,0.224,0.512,92,0.30434782608695654,0.256,0.232,61,0.5245901639344263
SOLUSDT,1h,DAILY_ONLY,240,125,116.21486471591197,66.35536986974833,35.30733429625954,140.7375081824136,285.44619016647596,-100.77295325130919,-69.4728238659581,-201.76808183926954,7.8219904583483295,-1.1858176212509175,0.488,0.512,106.504,93.0,0.816,11.0,0.632,30.0,0.352,45.5,0.488,0.512,125,0.488,0.32,0.648,121,0.3305785123966942,0.456,0.472,116,0.49137931034482757,0.248,0.584,104,0.2980769230769231,0.32,0.336,82,0.4878048780487805
SOLUSDT,1h,FULL_ALIGNMENT,15,56,37.8129531192448,22.52638417565178,10.548727520252044,44.67021691667738,86.90339576381433,-28.425390907299622,-22.077834110952875,-53.85139023950436,6.712201142044279,-4.315611520036566,0.44642857142857145,0.5535714285714286,7.339285714285714,7.0,0.44642857142857145,5.0,0.21428571428571427,7.0,0.07142857142857142,9.0,0.42857142857142855,0.3392857142857143,43,0.5581395348837209,0.16071428571428573,0.44642857142857145,34,0.2647058823529412,0.21428571428571427,0.14285714285714285,20,0.6,0.07142857142857142,0.14285714285714285,12,0.3333333333333333,0.07142857142857142,0.03571428571428571,6,0.6666666666666666
SOLUSDT,1h,FULL_ALIGNMENT,30,56,48.24534448598174,27.578760992842398,15.410573823673168,64.40029707182104,98.26077105923426,-37.39618672718431,-31.475708982713904,-68.03184085674042,4.048078504697077,-5.738068961112508,0.44642857142857145,0.5535714285714286,12.732142857142858,10.5,0.5714285714285714,7.0,0.2857142857142857,10.5,0.10714285714285714,12.5,0.48214285714285715,0.48214285714285715,54,0.5,0.19642857142857142,0.625,46,0.2391304347826087,0.26785714285714285,0.17857142857142858,25,0.6,0.10714285714285714,0.19642857142857142,17,0.35294117647058826,0.10714285714285714,0.03571428571428571,8,0.75
SOLUSDT,1h,FULL_ALIGNMENT,60,56,67.69190870065957,35.746197517734224,23.041896930411365,81.2512800881282,135.55239485434245,-54.85361609677846,-42.994321897346644,-98.20000400762751,10.484461221352825,-2.349132345924043,0.4642857142857143,0.5178571428571429,26.678571428571427,25.0,0.6964285714285714,9.0,0.35714285714285715,13.0,0.17857142857142858,19.5,0.5,0.5,56,0.5,0.21428571428571427,0.6964285714285714,51,0.23529411764705882,0.32142857142857145,0.3392857142857143,37,0.4864864864864865,0.16071428571428573,0.375,30,0.3,0.17857142857142858,0.10714285714285714,16,0.625
SOLUSDT,1h,FULL_ALIGNMENT,120,56,104.92900119035902,45.081560785238395,25.57896925558911,99.84895279200046,277.1027525632253,-74.45112511593652,-59.09670090903208,-139.28257974456568,22.217915694068893,-23.516506934415094,0.30357142857142855,0.6964285714285714,49.589285714285715,41.0,0.7857142857142857,10.5,0.48214285714285715,26.0,0.25,37.5,0.5,0.5,56,0.5,0.25,0.7321428571428571,55,0.2545454545454545,0.39285714285714285,0.48214285714285715,49,0.4489795918367347,0.23214285714285715,0.5714285714285714,45,0.28888888888888886,0.25,0.17857142857142858,24,0.5833333333333334
SOLUSDT,1h,FULL_ALIGNMENT,240,56,146.94357775888406,66.74881376408038,34.73813903763667,187.25574420452085,395.61080497768296,-113.50662113482083,-80.75758380455767,-204.19232686380184,29.903364430088622,0.47060472463889,0.5,0.5,119.46428571428571,116.0,0.8392857142857143,11.0,0.6428571428571429,46.5,0.35714285714285715,58.0,0.5,0.5,56,0.5,0.25,0.75,56,0.25,0.39285714285714285,0.5535714285714286,53,0.41509433962264153,0.26785714285714285,0.6607142857142857,52,0.28846153846153844,0.3392857142857143,0.35714285714285715,39,0.48717948717948717
SOLUSDT,1m,DAILY_4H,15,4633,26.203523470918334,16.886705557261905,7.271216370625666,33.67813326918379,58.86141699208692,-26.698246866453598,-18.274853801169,-58.54430627679652,-1.1356495517335938,-1.2198097096860483,0.47355924886682493,0.5119792790848262,7.156054392402331,6.0,0.3563565724152817,6.0,0.1390028059572631,8.0,0.03129721562702353,10.0,0.3177206993308871,0.336283185840708,3030,0.4858085808580858,0.11677099071875674,0.3721131016619901,2265,0.23885209713024283,0.13576516296136412,0.1297215627023527,1230,0.5113821138211382,0.02913878696309087,0.13511763436218432,761,0.1773981603153745,0.03108137276063026,0.02762788689833801,272,0.5294117647058824
SOLUSDT,1m,DAILY_4H,30,4633,38.17219350979775,24.151811385852984,10.239157463616255,49.037196507595304,86.21034976818765,-38.52489788906879,-27.416855405889564,-84.9536299942375,-1.375937041753584,-2.4125452352241616,0.46665227714224045,0.5227714224044895,14.020720915173753,13.0,0.4888840923807468,8.0,0.24368659615799698,13.0,0.07576084610403626,18.0,0.4051370602201597,0.4375134901791496,3904,0.4807889344262295,0.1856248650982085,0.5074465788905677,3211,0.2678293366552476,0.2283617526440751,0.23116770990718757,2129,0.49694692343823393,0.06842218864666523,0.24670839628750268,1460,0.21712328767123287,0.07468163177206993,0.0679905029138787,661,0.5234493192133132
SOLUSDT,1m,DAILY_4H,60,4633,55.35176106226129,34.90216816499192,15.176480790910496,69.81945126274924,124.64680660570029,-54.777755650913456,-39.007092198581894,-122.45535461216494,-0.6680157710061977,-2.447980416155904,0.4737750917332182,0.5201813080077703,28.063673645586015,26.0,0.6123462119576948,12.0,0.3695229872652709,21.0,0.14720483488020722,29.5,0.45348586229225124,0.4919058925102525,4380,0.47968036529680363,0.25145693934815455,0.602849125836391,3958,0.29434057604850933,0.3308871141808763,0.3475070148931578,3143,0.48775055679287305,0.1284265055039931,0.38484783077919277,2378,0.2502102607232969,0.14396719188430823,0.14439887761709475,1336,0.49925149700598803
SOLUSDT,1m,DAILY_4H,120,4633,81.0580914544243,51.61579892279944,22.71178741767077,100.7018614586519,184.50981998918436,-79.04748773962034,-55.600322320709104,-174.42384262854847,-2.291850351270142,-4.32862955588309,0.47096913447010574,0.5219080509389165,55.531620979926615,53.0,0.7250161882149795,16.0,0.5083099503561407,32.0,0.2521044679473343,50.0,0.4737750917332182,0.5124109648176127,4569,0.48041146859268985,0.2907403410317289,0.6583207424994604,4397,0.30634523538776437,0.4129074034103173,0.4392402331102957,3948,0.48454913880445794,0.1968486941506583,0.5102525361536802,3276,0.2783882783882784,0.23742715303259226,0.24908266781782862,2254,0.4880212954747116
SOLUSDT,1m,DAILY_4H,240,4633,118.12145796627233,74.17709782104876,32.721810964488895,147.1264367816083,270.6820718267183,-112.22809723441283,-80.45708955224052,-243.1613425930872,-3.679311443723734,-7.476635514018781,0.46794733434060004,0.5285991797971077,108.993956399741,99.0,0.804230520181308,20.0,0.632851284265055,47.0,0.388301316641485,84.0,0.48068206345780273,0.5180228793438377,4627,0.4813053814566674,0.3073602417440104,0.6794733434060004,4572,0.3114610673665792,0.4575868767537233,0.49125836391107275,4396,0.4822565969062784,0.26138571120224474,0.6058709259658969,4018,0.30139372822299654,0.3429743146988992,0.363911072739046,3275,0.4851908396946565
SOLUSDT,1m,DAILY_4H_1H,15,2755,28.39975522392114,18.287349924466234,7.6903109894355115,35.897589935965925,63.39466701178508,-28.52340348974925,-19.635114129101794,-62.93980967900192,-1.415402941322126,-1.7132088401572432,0.467513611615245,0.5201451905626134,7.1353901996370235,6.0,0.3836660617059891,5.0,0.15825771324863883,8.0,0.037023593466424684,10.0,0.3390199637023594,0.35172413793103446,1903,0.4908039936941671,0.13176043557168785,0.39637023593466425,1455,0.24948453608247423,0.1542649727767695,0.14083484573502722,813,0.5227552275522755,0.03484573502722323,0.1484573502722323,505,0.1900990099009901,0.037023593466424684,0.033030852994555354,193,0.5284974093264249
SOLUSDT,1m,DAILY_4H_1H,30,2755,41.75837767630705,25.722684958353614,10.880636904175844,53.10333206859141,93.76176836243785,-41.4533650854537,-29.243328865602436,-91.94610931489744,-1.8167852556676711,-2.9093024947279833,0.45952813067150633,0.52994555353902,13.822141560798547,13.0,0.5128856624319419,8.0,0.2707803992740472,13.0,0.09074410163339383,17.0,0.42177858439201454,0.4479128856624319,2396,0.48497495826377296,0.20072595281306715,0.5292196007259529,2011,0.27498756837394334,0.25117967332123414,0.2544464609800363,1393,0.49676956209619527,0.0823956442831216,0.2754990925589837,986,0.2302231237322515,0.08929219600725953,0.079491833030853,465,0.5290322580645161
SOLUSDT,1m,DAILY_4H_1H,60,2755,61.15821912432199,36.460344014068724,15.989131710959503,76.45795446821867,134.25499950538278,-58.55027862222269,-42.99314157027334,-129.5147114235371,-1.3681840689428328,-4.610419548179978,0.4577132486388385,0.53502722323049,27.39709618874773,25.0,0.6297640653357531,11.0,0.3952813067150635,20.0,0.17023593466424683,28.0,0.4627949183303085,0.4925589836660617,2632,0.4844224924012158,0.26243194192377495,0.6188747731397459,2428,0.29777594728171336,0.3473684210526316,0.37277676950998184,1984,0.48235887096774194,0.147005444646098,0.4177858439201452,1556,0.2602827763496144,0.16588021778584391,0.16043557168784028,899,0.5083426028921023
SOLUSDT,1m,DAILY_4H_1H,120,2755,88.79579620366935,54.75645635828697,23.117706484993008,107.87431737801944,204.20641804518877,-84.61428694434211,-62.79069767441969,-186.14735513917745,-4.712702070452947,-7.106478739784539,0.45480943738656987,0.5386569872958258,52.98003629764065,49.0,0.7303085299455535,14.0,0.5259528130671506,29.0,0.2754990925589837,46.0,0.4780399274047187,0.5088929219600726,2719,0.484369253401986,0.29945553539019965,0.6613430127041743,2647,0.31167359274650547,0.42141560798548094,0.46424682395644284,2440,0.47581967213114756,0.20871143375680581,0.542649727767695,2070,0.2777777777777778,0.2573502722323049,0.2754990925589837,1468,0.4829700272479564
SOLUSDT,1m,DAILY_4H_1H,240,2755,129.43652570813768,76.50356006665638,32.16659353137862,159.6213771416799,305.7848328510188,-121.04407279796054,-89.78485515839463,-259.4593003874306,-10.040348239076211,-15.819332315076817,0.4377495462794918,0.558983666061706,103.51107078039928,91.0,0.8,17.0,0.6323049001814882,40.0,0.4148820326678766,78.0,0.4842105263157895,0.5139745916515427,2750,0.4850909090909091,0.3088929219600726,0.6798548094373865,2724,0.31240822320117473,0.455535390199637,0.505989110707804,2649,0.473763684409211,0.27295825771324866,0.6254083484573503,2475,0.30383838383838385,0.36116152450090744,0.38838475499092556,2065,0.48184019370460046
SOLUSDT,1m,DAILY_4H_1H_15M,15,1563,30.488992338772405,19.259576289323288,8.104197495121257,38.46914271555369,69.0364566681012,-30.28523510373276,-20.41316240712021,-67.12466874996069,-1.7559631772412028,-2.6075619295951036,0.45489443378119004,0.5316698656429942,6.99872040946897,6.0,0.40435060780550225,5.0,0.18042226487523993,7.0,0.044785668586052464,10.0,0.3474088291746641,0.3685220729366603,1119,0.48525469168900803,0.145233525271913,0.418426103646833,881,0.2576617480136209,0.17402431222008957,0.1529110684580934,511,0.5322896281800391,0.04158669225847729,0.16314779270633398,320,0.203125,0.044785668586052464,0.037108125399872044,128,0.546875
SOLUSDT,1m,DAILY_4H_1H_15M,30,1563,45.15673174866221,27.478566717960007,11.099080599874522,56.42304277783783,102.33190182584373,-42.61234148622915,-29.918555044602392,-92.83463651039757,-1.1387438174584978,-2.7812543457095273,0.4619321817018554,0.5291106845809341,13.6340371081254,12.0,0.5329494561740243,7.0,0.2962252079334613,12.0,0.10556621880998081,17.0,0.4235444657709533,0.45169545745361483,1368,0.48391812865497075,0.2124120281509917,0.5329494561740243,1165,0.2849785407725322,0.26999360204734485,0.2578374920025592,825,0.5115151515151515,0.09404990403071017,0.2821497120921305,588,0.25,0.10428662827895073,0.0799744081893794,288,0.5659722222222222
SOLUSDT,1m,DAILY_4H_1H_15M,60,1563,67.18772248176059,39.967150287434364,16.540798009999634,82.07762195517444,149.5853563534215,-59.52303845870208,-42.757326102825786,-133.50958636572406,1.0393409993037548,-2.1427040925658947,0.47920665387076133,0.5137555982085733,27.41650671785029,26.0,0.653230966090851,10.0,0.4267434420985285,19.0,0.18746001279590532,27.0,0.4638515674984005,0.491362763915547,1493,0.4855994641661085,0.2712731925783749,0.6129238643634037,1382,0.3068017366136035,0.3672424824056302,0.3646833013435701,1144,0.5017482517482518,0.1580294305822137,0.41202815099168266,891,0.2772166105499439,0.18234165067178504,0.1599488163787588,535,0.5327102803738317
SOLUSDT,1m,DAILY_4H_1H_15M,120,1563,97.57245267884089,59.73995548787414,23.811567831351077,116.20449131671818,231.4766876021208,-85.34739310628274,-61.63886874546609,-195.8387812546527,-2.424985825716295,-6.035003017502705,0.4638515674984005,0.5297504798464492,52.10300703774792,48.0,0.7402431222008957,13.0,0.5527831094049904,28.0,0.29878438899552145,43.0,0.4779270633397313,0.5079974408189379,1541,0.48475016223231665,0.30326295585412666,0.655150351887396,1498,0.3164218958611482,0.43889955214331416,0.454254638515675,1396,0.49140401146131807,0.2200895713371721,0.5367882277671145,1183,0.2907861369399831,0.2783109404990403,0.26231605886116444,845,0.514792899408284
SOLUSDT,1m,DAILY_4H_1H_15M,240,1563,142.92418628400728,85.00677590242756,34.027870691518686,175.2006083004609,341.8744407992838,-120.92169851854739,-87.89609226290463,-261.53674321922637,-6.258400583451383,-14.743826022853845,0.43953934740882916,0.5559820857325656,101.15163147792707,87.0,0.8035828534868842,15.0,0.6506717850287908,35.0,0.44337811900191937,75.0,0.48240563019833654,0.5143953934740882,1558,0.4839537869062901,0.3141394753678823,0.6781829814459372,1551,0.3165699548678272,0.47024952015355087,0.4964811260396673,1511,0.48643282594308407,0.2885476647472809,0.6180422264875239,1417,0.31827805222300637,0.3877159309021113,0.36788227767114523,1181,0.5131244707874683
SOLUSDT,1m,DAILY_ONLY,15,8310,25.09680990209143,16.164695436167165,6.909298491149518,32.37957593455188,56.37886097588441,-24.830370856288408,-17.431648732865177,-54.31116741968245,-0.7266965992595714,-1.1878610128829292,0.47352587244283995,0.5102286401925391,7.097713598074609,6.0,0.34283995186522265,6.0,0.1282791817087846,8.0,0.026714801444043323,10.0,0.30950661853188927,0.31432009626955476,5184,0.49614197530864196,0.1108303249097473,0.34681107099879666,3803,0.2421772285038128,0.1256317689530686,0.1125150421179302,1979,0.5275391611925214,0.02539109506618532,0.11636582430806258,1178,0.17911714770797962,0.026594464500601683,0.02081829121540313,394,0.5609137055837563
SOLUSDT,1m,DAILY_ONLY,30,8310,36.25563735753233,23.33508934182604,10.009070749719129,46.68860314509693,80.73603367566442,-35.92930628644586,-25.330770610500487,-78.0327348198735,-0.6299679850319183,-1.6211400446275448,0.4755716004813478,0.5140794223826715,13.94849578820698,13.0,0.47701564380264744,9.0,0.22912154031287604,14.0,0.06630565583634175,18.0,0.39903730445246693,0.41684717208182914,6780,0.48908554572271384,0.1800240673886883,0.4818291215403129,5500,0.272,0.2161251504211793,0.2111913357400722,3551,0.5057730216840327,0.06101083032490975,0.22286401925391094,2359,0.2149215769393811,0.06558363417569193,0.055716004813477736,1008,0.5406746031746031
SOLUSDT,1m,DAILY_ONLY,60,8310,52.06606663127147,33.65407109400809,14.959702443178568,66.19081558583595,116.2726688245348,-51.17565823312667,-35.87603096222802,-112.97004811454958,0.1363238630213874,-1.1167126314554077,0.4874849578820698,0.5044524669073406,28.048014440433214,27.0,0.6070998796630566,13.0,0.3529482551143201,22.0,0.13080625752105896,30.0,0.4548736462093863,0.4742478941034898,7721,0.48957388939256574,0.24596871239470516,0.5805054151624549,6868,0.29761211415259176,0.31841155234657037,0.3247894103489771,5345,0.4950420954162769,0.11552346570397112,0.35703971119133576,3927,0.24446142093200918,0.12803850782190132,0.12310469314079422,2087,0.5098227120268328
SOLUSDT,1m,DAILY_ONLY,120,8310,76.06089807244197,49.789656016617776,22.40235866861118,95.58907311688569,171.115664249373,-73.81220848711264,-50.39345030764198,-163.7989531429863,-0.4846478799882182,-1.1872257218564775,0.48953068592057764,0.5038507821901324,56.2768953068592,55.0,0.723826714801444,17.0,0.4977135980746089,35.0,0.23561973525872443,54.0,0.48243080625752105,0.4990373044524669,8156,0.4915399705738107,0.29398315282791815,0.6395908543922985,7758,0.3149007476153648,0.4108303249097473,0.41287605294825513,6845,0.4987582176771366,0.1855595667870036,0.47918170878459687,5524,0.279145546705286,0.22346570397111915,0.22286401925391094,3709,0.5006740361283365
SOLUSDT,1m,DAILY_ONLY,240,8310,109.76719491428176,71.38860020785009,32.87260113318202,137.85897951540449,245.08913754259058,-106.61447328491873,-72.55934581350543,-234.82398474122968,-0.8885754684184662,-3.807941363764278,0.4817087845968712,0.5143200962695548,110.71167268351384,103.0,0.8061371841155235,21.0,0.6302045728038508,50.0,0.36606498194945847,87.0,0.49217809867629364,0.5049338146811071,8286,0.4936036688390055,0.31660649819494585,0.6645006016847173,8153,0.3227032993989942,0.4670276774969916,0.4713598074608905,7798,0.4976917158245704,0.2512635379061372,0.585439229843562,6953,0.3003020279016252,0.3256317689530686,0.33886883273164864,5522,0.4900398406374502
SOLUSDT,1m,FULL_ALIGNMENT,15,896,33.16537189801361,20.978659664677714,8.33904216044068,43.637850943968886,74.57558576382972,-32.078585429916565,-22.42613693657358,-67.54908562568107,-1.3843340328385294,-3.255264232678856,0.453125,0.5357142857142857,6.965401785714286,6.0,0.4408482142857143,4.0,0.20758928571428573,7.0,0.052455357142857144,11.0,0.3705357142857143,0.38839285714285715,680,0.48823529411764705,0.16183035714285715,0.4453125,544,0.2665441176470588,0.19754464285714285,0.15513392857142858,316,0.560126582278481,0.046875,0.16741071428571427,192,0.21875,0.052455357142857144,0.041294642857142856,84,0.5595238095238095
SOLUSDT,1m,FULL_ALIGNMENT,30,896,50.30960017589757,29.700200582186696,12.525207844826802,61.71556654191946,114.946423998471,-44.83301503560106,-30.982906336554095,-95.37386152880856,0.2309670862237741,-2.4052303384380913,0.4732142857142857,0.5200892857142857,13.486607142857142,12.0,0.5714285714285714,6.5,0.32589285714285715,12.0,0.12723214285714285,17.0,0.4408482142857143,0.4609375,808,0.48886138613861385,0.22544642857142858,0.5535714285714286,698,0.28939828080229224,0.2924107142857143,0.26339285714285715,498,0.5261044176706827,0.11160714285714286,0.29129464285714285,361,0.2770083102493075,0.125,0.08705357142857142,190,0.5894736842105263
SOLUSDT,1m,FULL_ALIGNMENT,60,896,73.09515961770116,45.4789042777104,17.755073856540736,89.0347773158312,172.20224086531124,-61.685359468337445,-43.60149958925142,-140.36632401892848,0.3832289477870669,-2.3106695858887694,0.47544642857142855,0.5178571428571429,26.859375,25.0,0.6852678571428571,9.0,0.46875,19.0,0.21651785714285715,26.0,0.47098214285714285,0.4955357142857143,866,0.48729792147806006,0.28348214285714285,0.6261160714285714,815,0.3116564417177914,0.39285714285714285,0.36607142857142855,680,0.5176470588235295,0.17745535714285715,0.4174107142857143,533,0.29831144465290804,0.20870535714285715,0.16294642857142858,333,0.5615615615615616
SOLUSDT,1m,FULL_ALIGNMENT,120,896,104.33385525817233,64.97129382224797,25.660729174443176,130.6061143285825,241.94104547414332,-89.5672232972146,-64.37080754468582,-202.1894322425993,-2.7564909393676964,-9.161075063430225,0.45535714285714285,0.5368303571428571,51.6640625,46.0,0.7578125,11.0,0.5959821428571429,26.0,0.33816964285714285,41.0,0.4799107142857143,0.5078125,885,0.4858757062146893,0.31473214285714285,0.6629464285714286,876,0.3219178082191781,0.46316964285714285,0.45424107142857145,822,0.5048661800486618,0.24330357142857142,0.5457589285714286,707,0.30834512022630833,0.3080357142857143,0.2622767857142857,511,0.5401174168297456
SOLUSDT,1m,FULL_ALIGNMENT,240,896,154.56081765505093,91.80116906048141,38.038239266757756,178.76369235096502,352.52289338605465,-125.73597159216787,-92.90824726837288,-268.90330823299337,-4.704497570868914,-17.068655363200456,0.4185267857142857,0.5770089285714286,98.80022321428571,82.0,0.8180803571428571,13.0,0.6897321428571429,34.0,0.47098214285714285,67.0,0.48214285714285715,0.515625,894,0.48322147651006714,0.32254464285714285,0.6763392857142857,895,0.3229050279329609,0.48995535714285715,0.4888392857142857,877,0.500570125427594,0.30691964285714285,0.6238839285714286,834,0.32973621103117506,0.40513392857142855,0.36941964285714285,694,0.5230547550432276
SOLUSDT,5m,DAILY_4H,15,923,28.80277873489831,17.7935943060481,8.172717694971965,36.22549175211765,66.74585990555883,-25.97952614638109,-18.271604938271402,-57.04711522960193,1.061674156389661,-1.2482836100369266,0.4745395449620802,0.5124593716143012,7.057421451787649,6.0,0.38028169014084506,5.0,0.1581798483206934,7.0,0.041170097508125676,7.5,0.3347778981581798,0.3174431202600217,602,0.5132890365448505,0.13326110509209102,0.35752979414951247,453,0.271523178807947,0.1560130010834236,0.12351029252437704,258,0.5581395348837209,0.0390032502708559,0.13326110509209102,159,0.22641509433962265,0.041170097508125676,0.023835319609967497,60,0.6333333333333333
SOLUSDT,5m,DAILY_4H,30,923,43.62619118694821,26.815902996386587,11.842355000448723,54.94359704239393,92.91055376217463,-38.37525640109399,-26.499847951690914,-87.3068166458455,1.7812424531772229,-1.5289350967062632,0.46912242686890576,0.5211267605633803,14.29035752979415,14.0,0.5265438786565547,8.0,0.28060671722643554,13.0,0.0866738894907909,16.0,0.4247020585048754,0.41386782231852653,774,0.5064599483204134,0.21451787648970747,0.4886240520043337,649,0.3050847457627119,0.26327193932827736,0.22643553629469124,452,0.5376106194690266,0.0780065005417118,0.24702058504875407,300,0.24,0.0866738894907909,0.07475622968580715,149,0.5369127516778524
SOLUSDT,5m,DAILY_4H,60,923,62.86336218807727,38.65526531568353,16.93394425353212,74.12300591973064,129.6300593040796,-54.1051059826264,-36.27338678885206,-122.69884037090107,1.5549432217932897,-1.0683760683749544,0.4875406283856988,0.504875406283857,26.806067172264356,24.0,0.638136511375948,11.0,0.4008667388949079,19.0,0.16793066088840736,29.0,0.46912242686890576,0.46045503791982667,858,0.5046620046620046,0.26218851570964247,0.5731310942578548,771,0.3138780804150454,0.35102925243770317,0.3206933911159263,620,0.5225806451612903,0.13976164680390032,0.3607800650054171,462,0.2792207792207792,0.1635969664138678,0.14084507042253522,281,0.5373665480427047
SOLUSDT,5m,DAILY_4H,120,923,87.94060040581905,54.94505494505475,24.42597257009016,108.51438751497744,189.90479595447292,-77.57198071591421,-53.52146940761471,-178.5714285714297,-0.6058412917300312,0.0,0.49729144095341277,0.49729144095341277,53.70314192849404,48.0,0.7443120260021668,15.0,0.5341278439869989,29.0,0.27843986998916576,51.0,0.49079089924160346,0.49295774647887325,908,0.4988986784140969,0.30985915492957744,0.6305525460455038,868,0.3294930875576037,0.437703141928494,0.4008667388949079,774,0.5219638242894057,0.21668472372697725,0.48212351029252437,645,0.31007751937984496,0.2611050920910076,0.23185265438786565,455,0.5296703296703297
SOLUSDT,5m,DAILY_4H,240,923,125.51335050940713,82.23510806536716,35.666459357086566,154.94409115027418,286.5700085144347,-110.1126186774802,-78.96857373086097,-238.0179178584747,4.7274307323704665,-2.3679848448965313,0.49295774647887325,0.5037919826652221,108.45612134344529,100.0,0.8266522210184182,18.0,0.6717226435536294,39.5,0.4171180931744312,77.0,0.4962080173347779,0.49729144095341277,917,0.4994547437295529,0.323943661971831,0.6576381365113759,906,0.33002207505518766,0.48970747562296857,0.4647887323943662,881,0.5130533484676504,0.27952329360780065,0.5839653304442037,797,0.3237139272271016,0.3640303358613218,0.3412784398699892,651,0.5161290322580645
SOLUSDT,5m,DAILY_4H_1H,15,512,32.0349625094997,20.245334851164422,9.609115764359078,39.46792445653824,71.1286611285933,-27.67534137774191,-19.748215131966674,-59.442131454473966,1.5541879055068724,-0.790839172918889,0.484375,0.505859375,7.146484375,6.0,0.419921875,5.0,0.166015625,6.0,0.05078125,7.0,0.353515625,0.330078125,350,0.5171428571428571,0.12890625,0.375,258,0.2558139534883721,0.162109375,0.12890625,149,0.5570469798657718,0.046875,0.14453125,98,0.24489795918367346,0.05078125,0.03125,42,0.6190476190476191
SOLUSDT,5m,DAILY_4H_1H,30,512,49.94624488771862,30.056159772512416,13.07442850683016,57.63668731996407,105.6059096826701,-41.30010810399076,-27.82658328289389,-95.8566876126039,3.0951341076702623,-1.4164853672010702,0.47265625,0.51953125,14.048828125,14.0,0.552734375,8.0,0.302734375,13.0,0.109375,16.0,0.4296875,0.41796875,434,0.5069124423963134,0.216796875,0.501953125,368,0.3016304347826087,0.279296875,0.236328125,264,0.5416666666666666,0.095703125,0.265625,185,0.2648648648648649,0.109375,0.091796875,103,0.5436893203883495
SOLUSDT,5m,DAILY_4H_1H,60,512,73.0262827441915,42.54343629343516,18.866819984356688,83.78816614181494,147.71966693513048,-58.09931630242107,-39.13727022662073,-127.90313263363596,1.3933883306945922,-2.3142802176123745,0.474609375,0.5234375,26.35546875,22.5,0.666015625,10.0,0.435546875,19.0,0.19921875,25.0,0.46875,0.46484375,478,0.502092050209205,0.271484375,0.583984375,438,0.317351598173516,0.375,0.326171875,359,0.5348189415041783,0.162109375,0.369140625,272,0.30514705882352944,0.193359375,0.146484375,174,0.5689655172413793
SOLUSDT,5m,DAILY_4H_1H,120,512,99.31583482588803,61.33264095196212,25.214957065725073,118.68882261601266,214.76050873225418,-83.7466731600297,-59.11482018536584,-185.92521236768934,-3.2710114024439747,-3.320601977434001,0.478515625,0.515625,51.869140625,44.0,0.751953125,13.0,0.564453125,27.0,0.318359375,48.0,0.486328125,0.49609375,503,0.49502982107355864,0.318359375,0.634765625,488,0.33401639344262296,0.4609375,0.404296875,443,0.5327313769751693,0.23828125,0.494140625,375,0.3253333333333333,0.29296875,0.2421875,274,0.5474452554744526
SOLUSDT,5m,DAILY_4H_1H,240,512,138.12170969368333,89.36837272366382,37.2398923137024,176.35954944622722,323.4125968683343,-118.28624625669046,-89.89648188903298,-250.7535907330385,-0.5972251988095296,-10.073145515822057,0.46484375,0.533203125,104.66796875,93.0,0.8359375,15.0,0.69140625,37.5,0.4453125,67.5,0.494140625,0.5,509,0.49705304518664045,0.328125,0.658203125,505,0.3326732673267327,0.509765625,0.4609375,497,0.5251509054325956,0.298828125,0.59375,457,0.3347921225382932,0.38671875,0.35546875,380,0.5210526315789473
SOLUSDT,5m,DAILY_4H_1H_15M,15,243,34.99594377069806,23.239436619719722,10.229303044880789,42.43412944668235,76.53198816422346,-30.1643502795856,-19.52489424015491,-66.11840782039557,2.893671141670463,1.0499790004203646,0.5061728395061729,0.48148148148148145,7.415637860082304,7.0,0.4691358024691358,5.0,0.20164609053497942,6.0,0.04526748971193416,6.0,0.39094650205761317,0.3004115226337449,168,0.5654761904761905,0.16049382716049382,0.35390946502057613,125,0.312,0.1934156378600823,0.1440329218106996,82,0.573170731707317,0.037037037037037035,0.16872427983539096,50,0.18,0.04526748971193416,0.04938271604938271,23,0.4782608695652174
SOLUSDT,5m,DAILY_4H_1H_15M,30,243,58.752181105963004,31.645569620253333,14.99084099436665,66.30886799420365,112.78655704643728,-44.07552542671165,-26.971487284869198,-104.33259636131174,8.050513594230976,-2.4381323905886543,0.45267489711934156,0.5390946502057613,14.547325102880658,15.0,0.5843621399176955,7.0,0.35390946502057613,12.5,0.12345679012345678,17.0,0.4609053497942387,0.3786008230452675,204,0.5490196078431373,0.26337448559670784,0.4732510288065844,179,0.3575418994413408,0.3333333333333333,0.21810699588477367,134,0.6044776119402985,0.102880658436214,0.26337448559670784,89,0.2808988764044944,0.12345679012345678,0.1111111111111111,57,0.5263157894736842
SOLUSDT,5m,DAILY_4H_1H_15M,60,243,86.08408653196625,45.98257502420155,20.643119599997874,91.4941140738157,187.41118677220496,-60.27444886991584,-37.101357751816444,-167.5841981267354,8.875771757269145,1.0804970286337756,0.5020576131687243,0.49382716049382713,26.847736625514404,23.0,0.6872427983539094,9.0,0.48148148148148145,18.0,0.2222222222222222,25.0,0.5061728395061729,0.4156378600823045,224,0.5491071428571429,0.31275720164609055,0.5432098765432098,208,0.36538461538461536,0.41975308641975306,0.2880658436213992,172,0.5930232558139535,0.1728395061728395,0.35390946502057613,128,0.328125,0.2139917695473251,0.1440329218106996,87,0.5977011494252874
SOLUSDT,5m,DAILY_4H_1H_15M,120,243,115.29763026861204,64.77255998822207,25.24613009844634,123.22532202180936,300.94105074309596,-83.90333341191099,-58.65102639296293,-200.9159660974702,3.4707571268651343,1.0672358591246045,0.5061728395061729,0.4897119341563786,51.8477366255144,43.0,0.7530864197530864,11.0,0.5925925925925926,21.0,0.345679012345679,46.5,0.522633744855967,0.4609053497942387,239,0.5313807531380753,0.35802469135802467,0.5967078189300411,232,0.375,0.49794238683127573,0.3786008230452675,213,0.568075117370892,0.25925925925925924,0.49382716049382713,183,0.3442622950819672,0.32098765432098764,0.2345679012345679,135,0.5777777777777777
SOLUSDT,5m,DAILY_4H_1H_15M,240,243,151.7686275694864,96.21993127147732,40.18550426639345,178.09572549837503,363.8080195727751,-117.48880092982469,-82.63047480412733,-249.48571126812857,0.38017042459281536,-5.480953685942369,0.4897119341563786,0.5061728395061729,101.78600823045268,83.0,0.8395061728395061,13.0,0.7160493827160493,31.0,0.48148148148148145,67.0,0.5308641975308642,0.46502057613168724,242,0.5330578512396694,0.37448559670781895,0.6172839506172839,241,0.3775933609958506,0.5555555555555556,0.42386831275720166,238,0.5672268907563025,0.3168724279835391,0.5843621399176955,219,0.3515981735159817,0.43209876543209874,0.31275720164609055,181,0.580110497237569
SOLUSDT,5m,DAILY_ONLY,15,1675,26.109001427964735,15.92018679685836,6.643414104318124,32.92989127398172,61.09992665843046,-24.717913151489917,-17.39908530522971,-55.138700766709235,-0.08699756356948991,-1.3988948730514483,0.46507462686567164,0.5194029850746269,6.949850746268656,6.0,0.3528358208955224,6.0,0.14029850746268657,7.0,0.03283582089552239,8.0,0.3146268656716418,0.30388059701492537,1036,0.5086872586872587,0.12,0.3397014925373134,770,0.261038961038961,0.1373134328358209,0.11582089552238806,424,0.5424528301886793,0.031044776119402984,0.1217910447761194,256,0.203125,0.03283582089552239,0.02208955223880597,92,0.5978260869565217
SOLUSDT,5m,DAILY_ONLY,30,1675,38.7656821287741,24.515526500117346,10.372888391236845,49.0642979624889,84.9808473352223,-35.68195559880511,-24.654048035628318,-79.67075591694184,0.9658947123261461,-1.4918693122478732,0.4716417910447761,0.5194029850746269,14.006567164179105,13.0,0.49014925373134327,9.0,0.24537313432835822,13.0,0.07343283582089552,17.0,0.4065671641791045,0.4017910447761194,1354,0.5029542097488922,0.1928358208955224,0.4698507462686567,1110,0.290990990990991,0.2316417910447761,0.21731343283582089,752,0.5159574468085106,0.0662686567164179,0.2316417910447761,499,0.22244488977955912,0.07223880597014926,0.060298507462686564,222,0.545045045045045
SOLUSDT,5m,DAILY_ONLY,60,1675,56.27387344609515,34.655061250805645,15.351831574693664,68.92809905297946,123.31625646628027,-50.31432454095714,-33.752684872662144,-114.80709167880265,1.7750375014592168,0.0,0.4919402985074627,0.49791044776119403,27.343880597014927,26.0,0.6131343283582089,12.0,0.3629850746268657,21.0,0.1474626865671642,31.0,0.4591044776119403,0.45671641791044776,1534,0.5013037809647979,0.2471641791044776,0.5617910447761194,1355,0.30553505535055353,0.3205970149253731,0.31044776119402984,1057,0.5080416272469253,0.12477611940298508,0.34328358208955223,784,0.26658163265306123,0.1426865671641791,0.1253731343283582,449,0.532293986636971
SOLUSDT,5m,DAILY_ONLY,120,1675,79.54674502517048,50.43657465155338,22.250726075033754,99.44702735231736,175.59645330010318,-72.23537903204014,-50.206733608978425,-164.58682110363475,0.11685852567854237,-1.6042351808776,0.48656716417910445,0.5086567164179104,54.44059701492537,50.0,0.7259701492537314,16.0,0.5014925373134328,31.0,0.24955223880597016,51.0,0.4853731343283582,0.48895522388059703,1632,0.49816176470588236,0.2955223880597015,0.6340298507462686,1557,0.3179190751445087,0.41313432835820896,0.40298507462686567,1367,0.5062179956108266,0.19701492537313434,0.471044776119403,1119,0.2949061662198391,0.2346268656716418,0.21671641791044777,756,0.5198412698412699
SOLUSDT,5m,DAILY_ONLY,240,1675,114.80256292126917,73.00961872754641,33.19286586254799,145.03724708287757,259.05035271951493,-104.31207744449812,-73.77498629181135,-231.9153496142261,3.757587847901942,-1.3638843426067027,0.48835820895522386,0.5056716417910447,111.21074626865672,106.0,0.8155223880597015,21.0,0.6447761194029851,49.0,0.3850746268656716,82.0,0.4943283582089552,0.4973134328358209,1661,0.49849488260084285,0.31283582089552237,0.6638805970149254,1636,0.3202933985330073,0.47402985074626863,0.46865671641791046,1579,0.5028499050031665,0.2650746268656716,0.5785074626865672,1413,0.31422505307855625,0.342089552238806,0.32776119402985077,1122,0.5106951871657754
SOLUSDT,5m,FULL_ALIGNMENT,15,243,34.99594377069806,23.239436619719722,10.229303044880789,42.43412944668235,76.53198816422346,-30.1643502795856,-19.52489424015491,-66.11840782039557,2.893671141670463,1.0499790004203646,0.5061728395061729,0.48148148148148145,7.415637860082304,7.0,0.4691358024691358,5.0,0.20164609053497942,6.0,0.04526748971193416,6.0,0.39094650205761317,0.3004115226337449,168,0.5654761904761905,0.16049382716049382,0.35390946502057613,125,0.312,0.1934156378600823,0.1440329218106996,82,0.573170731707317,0.037037037037037035,0.16872427983539096,50,0.18,0.04526748971193416,0.04938271604938271,23,0.4782608695652174
SOLUSDT,5m,FULL_ALIGNMENT,30,243,58.752181105963004,31.645569620253333,14.99084099436665,66.30886799420365,112.78655704643728,-44.07552542671165,-26.971487284869198,-104.33259636131174,8.050513594230976,-2.4381323905886543,0.45267489711934156,0.5390946502057613,14.547325102880658,15.0,0.5843621399176955,7.0,0.35390946502057613,12.5,0.12345679012345678,17.0,0.4609053497942387,0.3786008230452675,204,0.5490196078431373,0.26337448559670784,0.4732510288065844,179,0.3575418994413408,0.3333333333333333,0.21810699588477367,134,0.6044776119402985,0.102880658436214,0.26337448559670784,89,0.2808988764044944,0.12345679012345678,0.1111111111111111,57,0.5263157894736842
SOLUSDT,5m,FULL_ALIGNMENT,60,243,86.08408653196625,45.98257502420155,20.643119599997874,91.4941140738157,187.41118677220496,-60.27444886991584,-37.101357751816444,-167.5841981267354,8.875771757269145,1.0804970286337756,0.5020576131687243,0.49382716049382713,26.847736625514404,23.0,0.6872427983539094,9.0,0.48148148148148145,18.0,0.2222222222222222,25.0,0.5061728395061729,0.4156378600823045,224,0.5491071428571429,0.31275720164609055,0.5432098765432098,208,0.36538461538461536,0.41975308641975306,0.2880658436213992,172,0.5930232558139535,0.1728395061728395,0.35390946502057613,128,0.328125,0.2139917695473251,0.1440329218106996,87,0.5977011494252874
SOLUSDT,5m,FULL_ALIGNMENT,120,243,115.29763026861204,64.77255998822207,25.24613009844634,123.22532202180936,300.94105074309596,-83.90333341191099,-58.65102639296293,-200.9159660974702,3.4707571268651343,1.0672358591246045,0.5061728395061729,0.4897119341563786,51.8477366255144,43.0,0.7530864197530864,11.0,0.5925925925925926,21.0,0.345679012345679,46.5,0.522633744855967,0.4609053497942387,239,0.5313807531380753,0.35802469135802467,0.5967078189300411,232,0.375,0.49794238683127573,0.3786008230452675,213,0.568075117370892,0.25925925925925924,0.49382716049382713,183,0.3442622950819672,0.32098765432098764,0.2345679012345679,135,0.5777777777777777
SOLUSDT,5m,FULL_ALIGNMENT,240,243,151.7686275694864,96.21993127147732,40.18550426639345,178.09572549837503,363.8080195727751,-117.48880092982469,-82.63047480412733,-249.48571126812857,0.38017042459281536,-5.480953685942369,0.4897119341563786,0.5061728395061729,101.78600823045268,83.0,0.8395061728395061,13.0,0.7160493827160493,31.0,0.48148148148148145,67.0,0.5308641975308642,0.46502057613168724,242,0.5330578512396694,0.37448559670781895,0.6172839506172839,241,0.3775933609958506,0.5555555555555556,0.42386831275720166,238,0.5672268907563025,0.3168724279835391,0.5843621399176955,219,0.3515981735159817,0.43209876543209874,0.31275720164609055,181,0.580110497237569
